
build/debug/Drone_Code.elf:     file format elf32-littlearm

Sections:
Idx Name          Size      VMA       LMA       File off  Algn
  0 .isr_vector   00000198  08000000  08000000  00001000  2**0
                  CONTENTS, ALLOC, LOAD, READONLY, DATA
  1 .text         00008a7c  080001a0  080001a0  000011a0  2**4
                  CONTENTS, ALLOC, LOAD, READONLY, CODE
  2 .rodata       000002d0  08008c1c  08008c1c  00009c1c  2**2
                  CONTENTS, ALLOC, LOAD, READONLY, DATA
  3 .ARM.extab    00000000  08008eec  08008eec  0000a14c  2**0
                  CONTENTS, READONLY
  4 .ARM          00000008  08008eec  08008eec  00009eec  2**2
                  CONTENTS, ALLOC, LOAD, READONLY, DATA
  5 .preinit_array 00000000  08008ef4  08008ef4  0000a14c  2**0
                  CONTENTS, ALLOC, LOAD, DATA
  6 .init_array   00000004  08008ef4  08008ef4  00009ef4  2**2
                  CONTENTS, ALLOC, LOAD, READONLY, DATA
  7 .fini_array   00000004  08008ef8  08008ef8  00009ef8  2**2
                  CONTENTS, ALLOC, LOAD, READONLY, DATA
  8 .data         0000014c  20000000  08008efc  0000a000  2**2
                  CONTENTS, ALLOC, LOAD, DATA
  9 .bss          00006a2c  2000014c  08009048  0000a14c  2**2
                  ALLOC
 10 ._user_heap_stack 00000600  20006b78  08009048  0000ab78  2**0
                  ALLOC
 11 .ARM.attributes 00000030  00000000  00000000  0000a14c  2**0
                  CONTENTS, READONLY
 12 .comment      00000039  00000000  00000000  0000a17c  2**0
                  CONTENTS, READONLY
 13 .debug_info   00031b3a  00000000  00000000  0000a1b5  2**0
                  CONTENTS, READONLY, DEBUGGING, OCTETS
 14 .debug_abbrev 000066ad  00000000  00000000  0003bcef  2**0
                  CONTENTS, READONLY, DEBUGGING, OCTETS
 15 .debug_loclists 00019640  00000000  00000000  0004239c  2**0
                  CONTENTS, READONLY, DEBUGGING, OCTETS
 16 .debug_aranges 00002050  00000000  00000000  0005b9e0  2**3
                  CONTENTS, READONLY, DEBUGGING, OCTETS
 17 .debug_rnglists 0000198a  00000000  00000000  0005da30  2**0
                  CONTENTS, READONLY, DEBUGGING, OCTETS
 18 .debug_line   00026808  00000000  00000000  0005f3ba  2**0
                  CONTENTS, READONLY, DEBUGGING, OCTETS
 19 .debug_str    0000a14c  00000000  00000000  00085bc2  2**0
                  CONTENTS, READONLY, DEBUGGING, OCTETS
 20 .debug_frame  00005a84  00000000  00000000  0008fd10  2**2
                  CONTENTS, READONLY, DEBUGGING, OCTETS
 21 .debug_line_str 00000058  00000000  00000000  00095794  2**0
                  CONTENTS, READONLY, DEBUGGING, OCTETS

Disassembly of section .text:

080001a0 <memchr>:
 80001a0:	f001 01ff 	and.w	r1, r1, #255	@ 0xff
 80001a4:	2a10      	cmp	r2, #16
 80001a6:	db2b      	blt.n	8000200 <memchr+0x60>
 80001a8:	f010 0f07 	tst.w	r0, #7
 80001ac:	d008      	beq.n	80001c0 <memchr+0x20>
 80001ae:	f810 3b01 	ldrb.w	r3, [r0], #1
 80001b2:	3a01      	subs	r2, #1
 80001b4:	428b      	cmp	r3, r1
 80001b6:	d02d      	beq.n	8000214 <memchr+0x74>
 80001b8:	f010 0f07 	tst.w	r0, #7
 80001bc:	b342      	cbz	r2, 8000210 <memchr+0x70>
 80001be:	d1f6      	bne.n	80001ae <memchr+0xe>
 80001c0:	b4f0      	push	{r4, r5, r6, r7}
 80001c2:	ea41 2101 	orr.w	r1, r1, r1, lsl #8
 80001c6:	ea41 4101 	orr.w	r1, r1, r1, lsl #16
 80001ca:	f022 0407 	bic.w	r4, r2, #7
 80001ce:	f07f 0700 	mvns.w	r7, #0
 80001d2:	2300      	movs	r3, #0
 80001d4:	e8f0 5602 	ldrd	r5, r6, [r0], #8
 80001d8:	3c08      	subs	r4, #8
 80001da:	ea85 0501 	eor.w	r5, r5, r1
 80001de:	ea86 0601 	eor.w	r6, r6, r1
 80001e2:	fa85 f547 	uadd8	r5, r5, r7
 80001e6:	faa3 f587 	sel	r5, r3, r7
 80001ea:	fa86 f647 	uadd8	r6, r6, r7
 80001ee:	faa5 f687 	sel	r6, r5, r7
 80001f2:	b98e      	cbnz	r6, 8000218 <memchr+0x78>
 80001f4:	d1ee      	bne.n	80001d4 <memchr+0x34>
 80001f6:	bcf0      	pop	{r4, r5, r6, r7}
 80001f8:	f001 01ff 	and.w	r1, r1, #255	@ 0xff
 80001fc:	f002 0207 	and.w	r2, r2, #7
 8000200:	b132      	cbz	r2, 8000210 <memchr+0x70>
 8000202:	f810 3b01 	ldrb.w	r3, [r0], #1
 8000206:	3a01      	subs	r2, #1
 8000208:	ea83 0301 	eor.w	r3, r3, r1
 800020c:	b113      	cbz	r3, 8000214 <memchr+0x74>
 800020e:	d1f8      	bne.n	8000202 <memchr+0x62>
 8000210:	2000      	movs	r0, #0
 8000212:	4770      	bx	lr
 8000214:	3801      	subs	r0, #1
 8000216:	4770      	bx	lr
 8000218:	2d00      	cmp	r5, #0
 800021a:	bf06      	itte	eq
 800021c:	4635      	moveq	r5, r6
 800021e:	3803      	subeq	r0, #3
 8000220:	3807      	subne	r0, #7
 8000222:	f015 0f01 	tst.w	r5, #1
 8000226:	d107      	bne.n	8000238 <memchr+0x98>
 8000228:	3001      	adds	r0, #1
 800022a:	f415 7f80 	tst.w	r5, #256	@ 0x100
 800022e:	bf02      	ittt	eq
 8000230:	3001      	addeq	r0, #1
 8000232:	f415 3fc0 	tsteq.w	r5, #98304	@ 0x18000
 8000236:	3001      	addeq	r0, #1
 8000238:	bcf0      	pop	{r4, r5, r6, r7}
 800023a:	3801      	subs	r0, #1
 800023c:	4770      	bx	lr
 800023e:	bf00      	nop

08000240 <__aeabi_uldivmod>:
 8000240:	b953      	cbnz	r3, 8000258 <__aeabi_uldivmod+0x18>
 8000242:	b94a      	cbnz	r2, 8000258 <__aeabi_uldivmod+0x18>
 8000244:	2900      	cmp	r1, #0
 8000246:	bf08      	it	eq
 8000248:	2800      	cmpeq	r0, #0
 800024a:	bf1c      	itt	ne
 800024c:	f04f 31ff 	movne.w	r1, #4294967295	@ 0xffffffff
 8000250:	f04f 30ff 	movne.w	r0, #4294967295	@ 0xffffffff
 8000254:	f000 b80c 	b.w	8000270 <__aeabi_idiv0>
 8000258:	f1ad 0c08 	sub.w	ip, sp, #8
 800025c:	e96d ce04 	strd	ip, lr, [sp, #-16]!
 8000260:	f008 fb54 	bl	800890c <__udivmoddi4>
 8000264:	f8dd e004 	ldr.w	lr, [sp, #4]
 8000268:	e9dd 2302 	ldrd	r2, r3, [sp, #8]
 800026c:	b004      	add	sp, #16
 800026e:	4770      	bx	lr

08000270 <__aeabi_idiv0>:
 8000270:	4770      	bx	lr
 8000272:	bf00      	nop

08000274 <__do_global_dtors_aux>:
 8000274:	b510      	push	{r4, lr}
 8000276:	4c05      	ldr	r4, [pc, #20]	@ (800028c <__do_global_dtors_aux+0x18>)
 8000278:	7823      	ldrb	r3, [r4, #0]
 800027a:	b933      	cbnz	r3, 800028a <__do_global_dtors_aux+0x16>
 800027c:	4b04      	ldr	r3, [pc, #16]	@ (8000290 <__do_global_dtors_aux+0x1c>)
 800027e:	b113      	cbz	r3, 8000286 <__do_global_dtors_aux+0x12>
 8000280:	4804      	ldr	r0, [pc, #16]	@ (8000294 <__do_global_dtors_aux+0x20>)
 8000282:	f3af 8000 	nop.w
 8000286:	2301      	movs	r3, #1
 8000288:	7023      	strb	r3, [r4, #0]
 800028a:	bd10      	pop	{r4, pc}
 800028c:	2000014c 	.word	0x2000014c
 8000290:	00000000 	.word	0x00000000
 8000294:	08008c04 	.word	0x08008c04

08000298 <frame_dummy>:
 8000298:	b508      	push	{r3, lr}
 800029a:	4b03      	ldr	r3, [pc, #12]	@ (80002a8 <frame_dummy+0x10>)
 800029c:	b11b      	cbz	r3, 80002a6 <frame_dummy+0xe>
 800029e:	4903      	ldr	r1, [pc, #12]	@ (80002ac <frame_dummy+0x14>)
 80002a0:	4803      	ldr	r0, [pc, #12]	@ (80002b0 <frame_dummy+0x18>)
 80002a2:	f3af 8000 	nop.w
 80002a6:	bd08      	pop	{r3, pc}
 80002a8:	00000000 	.word	0x00000000
 80002ac:	20000150 	.word	0x20000150
 80002b0:	08008c04 	.word	0x08008c04

080002b4 <MX_ADC1_Init>:

ADC_HandleTypeDef hadc1;

/* ADC1 init function */
void MX_ADC1_Init(void)
{
 80002b4:	b500      	push	{lr}
 80002b6:	b085      	sub	sp, #20

  /* USER CODE BEGIN ADC1_Init 0 */

  /* USER CODE END ADC1_Init 0 */

  ADC_ChannelConfTypeDef sConfig = {0};
 80002b8:	2300      	movs	r3, #0
 80002ba:	9300      	str	r3, [sp, #0]
 80002bc:	9301      	str	r3, [sp, #4]
 80002be:	9302      	str	r3, [sp, #8]
 80002c0:	9303      	str	r3, [sp, #12]

  /* USER CODE END ADC1_Init 1 */

  /** Configure the global features of the ADC (Clock, Resolution, Data Alignment and number of conversion)
  */
  hadc1.Instance = ADC1;
 80002c2:	4815      	ldr	r0, [pc, #84]	@ (8000318 <MX_ADC1_Init+0x64>)
 80002c4:	4a15      	ldr	r2, [pc, #84]	@ (800031c <MX_ADC1_Init+0x68>)
 80002c6:	6002      	str	r2, [r0, #0]
  hadc1.Init.ClockPrescaler = ADC_CLOCK_SYNC_PCLK_DIV4;
 80002c8:	f44f 3280 	mov.w	r2, #65536	@ 0x10000
 80002cc:	6042      	str	r2, [r0, #4]
  hadc1.Init.Resolution = ADC_RESOLUTION_12B;
 80002ce:	6083      	str	r3, [r0, #8]
  hadc1.Init.ScanConvMode = DISABLE;
 80002d0:	6103      	str	r3, [r0, #16]
  hadc1.Init.ContinuousConvMode = DISABLE;
 80002d2:	7603      	strb	r3, [r0, #24]
  hadc1.Init.DiscontinuousConvMode = DISABLE;
 80002d4:	f880 3020 	strb.w	r3, [r0, #32]
  hadc1.Init.ExternalTrigConvEdge = ADC_EXTERNALTRIGCONVEDGE_NONE;
 80002d8:	62c3      	str	r3, [r0, #44]	@ 0x2c
  hadc1.Init.ExternalTrigConv = ADC_SOFTWARE_START;
 80002da:	4a11      	ldr	r2, [pc, #68]	@ (8000320 <MX_ADC1_Init+0x6c>)
 80002dc:	6282      	str	r2, [r0, #40]	@ 0x28
  hadc1.Init.DataAlign = ADC_DATAALIGN_RIGHT;
 80002de:	60c3      	str	r3, [r0, #12]
  hadc1.Init.NbrOfConversion = 1;
 80002e0:	2201      	movs	r2, #1
 80002e2:	61c2      	str	r2, [r0, #28]
  hadc1.Init.DMAContinuousRequests = DISABLE;
 80002e4:	f880 3030 	strb.w	r3, [r0, #48]	@ 0x30
  hadc1.Init.EOCSelection = ADC_EOC_SINGLE_CONV;
 80002e8:	6142      	str	r2, [r0, #20]
  if (HAL_ADC_Init(&hadc1) != HAL_OK)
 80002ea:	f001 fd61 	bl	8001db0 <HAL_ADC_Init>
 80002ee:	b960      	cbnz	r0, 800030a <MX_ADC1_Init+0x56>
    Error_Handler();
  }

  /** Configure for the selected ADC regular channel its corresponding rank in the sequencer and its sample time.
  */
  sConfig.Channel = ADC_CHANNEL_0;
 80002f0:	2300      	movs	r3, #0
 80002f2:	9300      	str	r3, [sp, #0]
  sConfig.Rank = 1;
 80002f4:	2201      	movs	r2, #1
 80002f6:	9201      	str	r2, [sp, #4]
  sConfig.SamplingTime = ADC_SAMPLETIME_3CYCLES;
 80002f8:	9302      	str	r3, [sp, #8]
  if (HAL_ADC_ConfigChannel(&hadc1, &sConfig) != HAL_OK)
 80002fa:	4669      	mov	r1, sp
 80002fc:	4806      	ldr	r0, [pc, #24]	@ (8000318 <MX_ADC1_Init+0x64>)
 80002fe:	f001 fd83 	bl	8001e08 <HAL_ADC_ConfigChannel>
 8000302:	b928      	cbnz	r0, 8000310 <MX_ADC1_Init+0x5c>
  }
  /* USER CODE BEGIN ADC1_Init 2 */

  /* USER CODE END ADC1_Init 2 */

}
 8000304:	b005      	add	sp, #20
 8000306:	f85d fb04 	ldr.w	pc, [sp], #4
    Error_Handler();
 800030a:	f000 fe7c 	bl	8001006 <Error_Handler>
 800030e:	e7ef      	b.n	80002f0 <MX_ADC1_Init+0x3c>
    Error_Handler();
 8000310:	f000 fe79 	bl	8001006 <Error_Handler>
}
 8000314:	e7f6      	b.n	8000304 <MX_ADC1_Init+0x50>
 8000316:	bf00      	nop
 8000318:	20000168 	.word	0x20000168
 800031c:	40012000 	.word	0x40012000
 8000320:	0f000001 	.word	0x0f000001

08000324 <HAL_ADC_MspInit>:

void HAL_ADC_MspInit(ADC_HandleTypeDef* adcHandle)
{
 8000324:	b500      	push	{lr}
 8000326:	b089      	sub	sp, #36	@ 0x24

  GPIO_InitTypeDef GPIO_InitStruct = {0};
 8000328:	2300      	movs	r3, #0
 800032a:	9303      	str	r3, [sp, #12]
 800032c:	9304      	str	r3, [sp, #16]
 800032e:	9305      	str	r3, [sp, #20]
 8000330:	9306      	str	r3, [sp, #24]
 8000332:	9307      	str	r3, [sp, #28]
  if(adcHandle->Instance==ADC1)
 8000334:	6802      	ldr	r2, [r0, #0]
 8000336:	f103 4380 	add.w	r3, r3, #1073741824	@ 0x40000000
 800033a:	f503 3390 	add.w	r3, r3, #73728	@ 0x12000
 800033e:	429a      	cmp	r2, r3
 8000340:	d002      	beq.n	8000348 <HAL_ADC_MspInit+0x24>

  /* USER CODE BEGIN ADC1_MspInit 1 */

  /* USER CODE END ADC1_MspInit 1 */
  }
}
 8000342:	b009      	add	sp, #36	@ 0x24
 8000344:	f85d fb04 	ldr.w	pc, [sp], #4
    __HAL_RCC_ADC1_CLK_ENABLE();
 8000348:	2100      	movs	r1, #0
 800034a:	9101      	str	r1, [sp, #4]
 800034c:	f503 338c 	add.w	r3, r3, #71680	@ 0x11800
 8000350:	6c5a      	ldr	r2, [r3, #68]	@ 0x44
 8000352:	f442 7280 	orr.w	r2, r2, #256	@ 0x100
 8000356:	645a      	str	r2, [r3, #68]	@ 0x44
 8000358:	6c5a      	ldr	r2, [r3, #68]	@ 0x44
 800035a:	f402 7280 	and.w	r2, r2, #256	@ 0x100
 800035e:	9201      	str	r2, [sp, #4]
 8000360:	9a01      	ldr	r2, [sp, #4]
    __HAL_RCC_GPIOA_CLK_ENABLE();
 8000362:	9102      	str	r1, [sp, #8]
 8000364:	6b1a      	ldr	r2, [r3, #48]	@ 0x30
 8000366:	f042 0201 	orr.w	r2, r2, #1
 800036a:	631a      	str	r2, [r3, #48]	@ 0x30
 800036c:	6b1b      	ldr	r3, [r3, #48]	@ 0x30
 800036e:	f003 0301 	and.w	r3, r3, #1
 8000372:	9302      	str	r3, [sp, #8]
 8000374:	9b02      	ldr	r3, [sp, #8]
    GPIO_InitStruct.Pin = GPIO_PIN_0;
 8000376:	2301      	movs	r3, #1
 8000378:	9303      	str	r3, [sp, #12]
    GPIO_InitStruct.Mode = GPIO_MODE_ANALOG;
 800037a:	2303      	movs	r3, #3
 800037c:	9304      	str	r3, [sp, #16]
    HAL_GPIO_Init(GPIOA, &GPIO_InitStruct);
 800037e:	a903      	add	r1, sp, #12
 8000380:	4801      	ldr	r0, [pc, #4]	@ (8000388 <HAL_ADC_MspInit+0x64>)
 8000382:	f002 f8f3 	bl	800256c <HAL_GPIO_Init>
}
 8000386:	e7dc      	b.n	8000342 <HAL_ADC_MspInit+0x1e>
 8000388:	40020000 	.word	0x40020000

0800038c <osKernelInitialize>:
 */
__STATIC_FORCEINLINE uint32_t __get_IPSR(void)
{
  uint32_t result;

  __ASM volatile ("MRS %0, ipsr" : "=r" (result) );
 800038c:	f3ef 8305 	mrs	r3, IPSR
/*---------------------------------------------------------------------------*/

osStatus_t osKernelInitialize (void) {
  osStatus_t stat;

  if (IS_IRQ()) {
 8000390:	b92b      	cbnz	r3, 800039e <osKernelInitialize+0x12>
    stat = osErrorISR;
  }
  else {
    if (KernelState == osKernelInactive) {
 8000392:	4b06      	ldr	r3, [pc, #24]	@ (80003ac <osKernelInitialize+0x20>)
 8000394:	6818      	ldr	r0, [r3, #0]
 8000396:	b928      	cbnz	r0, 80003a4 <osKernelInitialize+0x18>
        EvrFreeRTOSSetup(0U);
      #endif
      #if defined(USE_FreeRTOS_HEAP_5) && (HEAP_5_REGION_SETUP == 1)
        vPortDefineHeapRegions (configHEAP_5_REGIONS);
      #endif
      KernelState = osKernelReady;
 8000398:	2201      	movs	r2, #1
 800039a:	601a      	str	r2, [r3, #0]
      stat = osOK;
 800039c:	4770      	bx	lr
    stat = osErrorISR;
 800039e:	f06f 0005 	mvn.w	r0, #5
 80003a2:	4770      	bx	lr
    } else {
      stat = osError;
 80003a4:	f04f 30ff 	mov.w	r0, #4294967295	@ 0xffffffff
    }
  }

  return (stat);
}
 80003a8:	4770      	bx	lr
 80003aa:	bf00      	nop
 80003ac:	20000868 	.word	0x20000868

080003b0 <osKernelStart>:
 80003b0:	f3ef 8305 	mrs	r3, IPSR
}

osStatus_t osKernelStart (void) {
  osStatus_t stat;

  if (IS_IRQ()) {
 80003b4:	b973      	cbnz	r3, 80003d4 <osKernelStart+0x24>
    stat = osErrorISR;
  }
  else {
    if (KernelState == osKernelReady) {
 80003b6:	4b0a      	ldr	r3, [pc, #40]	@ (80003e0 <osKernelStart+0x30>)
 80003b8:	681b      	ldr	r3, [r3, #0]
 80003ba:	2b01      	cmp	r3, #1
 80003bc:	d10d      	bne.n	80003da <osKernelStart+0x2a>
osStatus_t osKernelStart (void) {
 80003be:	b510      	push	{r4, lr}
  {
    NVIC->IP[((uint32_t)IRQn)]               = (uint8_t)((priority << (8U - __NVIC_PRIO_BITS)) & (uint32_t)0xFFUL);
  }
  else
  {
    SCB->SHP[(((uint32_t)IRQn) & 0xFUL)-4UL] = (uint8_t)((priority << (8U - __NVIC_PRIO_BITS)) & (uint32_t)0xFFUL);
 80003c0:	2400      	movs	r4, #0
 80003c2:	4b08      	ldr	r3, [pc, #32]	@ (80003e4 <osKernelStart+0x34>)
 80003c4:	77dc      	strb	r4, [r3, #31]
      /* Ensure SVC priority is at the reset value */
      SVC_Setup();
      /* Change state to enable IRQ masking check */
      KernelState = osKernelRunning;
 80003c6:	4b06      	ldr	r3, [pc, #24]	@ (80003e0 <osKernelStart+0x30>)
 80003c8:	2202      	movs	r2, #2
 80003ca:	601a      	str	r2, [r3, #0]
      /* Start the kernel scheduler */
      vTaskStartScheduler();
 80003cc:	f005 fbac 	bl	8005b28 <vTaskStartScheduler>
      stat = osOK;
 80003d0:	4620      	mov	r0, r4
      stat = osError;
    }
  }

  return (stat);
}
 80003d2:	bd10      	pop	{r4, pc}
    stat = osErrorISR;
 80003d4:	f06f 0005 	mvn.w	r0, #5
 80003d8:	4770      	bx	lr
      stat = osError;
 80003da:	f04f 30ff 	mov.w	r0, #4294967295	@ 0xffffffff
}
 80003de:	4770      	bx	lr
 80003e0:	20000868 	.word	0x20000868
 80003e4:	e000ed00 	.word	0xe000ed00

080003e8 <osKernelGetTickCount>:
  }

  return (lock);
}

uint32_t osKernelGetTickCount (void) {
 80003e8:	b508      	push	{r3, lr}
 80003ea:	f3ef 8305 	mrs	r3, IPSR
  TickType_t ticks;

  if (IS_IRQ()) {
 80003ee:	b113      	cbz	r3, 80003f6 <osKernelGetTickCount+0xe>
    ticks = xTaskGetTickCountFromISR();
 80003f0:	f005 fbf4 	bl	8005bdc <xTaskGetTickCountFromISR>
  } else {
    ticks = xTaskGetTickCount();
  }

  return (ticks);
}
 80003f4:	bd08      	pop	{r3, pc}
    ticks = xTaskGetTickCount();
 80003f6:	f005 fbeb 	bl	8005bd0 <xTaskGetTickCount>
  return (ticks);
 80003fa:	e7fb      	b.n	80003f4 <osKernelGetTickCount+0xc>

080003fc <osThreadNew>:
  return (configCPU_CLOCK_HZ);
}

/*---------------------------------------------------------------------------*/

osThreadId_t osThreadNew (osThreadFunc_t func, void *argument, const osThreadAttr_t *attr) {
 80003fc:	b5f0      	push	{r4, r5, r6, r7, lr}
 80003fe:	b087      	sub	sp, #28
  uint32_t stack;
  TaskHandle_t hTask;
  UBaseType_t prio;
  int32_t mem;

  hTask = NULL;
 8000400:	2400      	movs	r4, #0
 8000402:	9405      	str	r4, [sp, #20]
 8000404:	f3ef 8405 	mrs	r4, IPSR

  if (!IS_IRQ() && (func != NULL)) {
 8000408:	bb04      	cbnz	r4, 800044c <osThreadNew+0x50>
 800040a:	b1f8      	cbz	r0, 800044c <osThreadNew+0x50>
    prio  = (UBaseType_t)osPriorityNormal;

    name = NULL;
    mem  = -1;

    if (attr != NULL) {
 800040c:	2a00      	cmp	r2, #0
 800040e:	d034      	beq.n	800047a <osThreadNew+0x7e>
      if (attr->name != NULL) {
 8000410:	6815      	ldr	r5, [r2, #0]
        name = attr->name;
      }
      if (attr->priority != osPriorityNone) {
 8000412:	6993      	ldr	r3, [r2, #24]
 8000414:	b12b      	cbz	r3, 8000422 <osThreadNew+0x26>
        prio = (UBaseType_t)attr->priority;
 8000416:	461e      	mov	r6, r3
      }

      if ((prio < osPriorityIdle) || (prio > osPriorityISR) || ((attr->attr_bits & osThreadJoinable) == osThreadJoinable)) {
 8000418:	3b01      	subs	r3, #1
 800041a:	2b37      	cmp	r3, #55	@ 0x37
 800041c:	d902      	bls.n	8000424 <osThreadNew+0x28>
        return (NULL);
 800041e:	2000      	movs	r0, #0
 8000420:	e015      	b.n	800044e <osThreadNew+0x52>
    prio  = (UBaseType_t)osPriorityNormal;
 8000422:	2618      	movs	r6, #24
      if ((prio < osPriorityIdle) || (prio > osPriorityISR) || ((attr->attr_bits & osThreadJoinable) == osThreadJoinable)) {
 8000424:	6853      	ldr	r3, [r2, #4]
 8000426:	f013 0f01 	tst.w	r3, #1
 800042a:	d13f      	bne.n	80004ac <osThreadNew+0xb0>
      }

      if (attr->stack_size > 0U) {
 800042c:	6954      	ldr	r4, [r2, #20]
 800042e:	b184      	cbz	r4, 8000452 <osThreadNew+0x56>
        /* In FreeRTOS stack is not in bytes, but in sizeof(StackType_t) which is 4 on ARM ports.       */
        /* Stack size should be therefore 4 byte aligned in order to avoid division caused side effects */
        stack = attr->stack_size / sizeof(StackType_t);
 8000430:	ea4f 0c94 	mov.w	ip, r4, lsr #2
      }

      if ((attr->cb_mem    != NULL) && (attr->cb_size    >= sizeof(StaticTask_t)) &&
 8000434:	6893      	ldr	r3, [r2, #8]
 8000436:	b12b      	cbz	r3, 8000444 <osThreadNew+0x48>
 8000438:	68d7      	ldr	r7, [r2, #12]
 800043a:	2f5b      	cmp	r7, #91	@ 0x5b
 800043c:	d902      	bls.n	8000444 <osThreadNew+0x48>
          (attr->stack_mem != NULL) && (attr->stack_size >  0U)) {
 800043e:	6917      	ldr	r7, [r2, #16]
      if ((attr->cb_mem    != NULL) && (attr->cb_size    >= sizeof(StaticTask_t)) &&
 8000440:	b107      	cbz	r7, 8000444 <osThreadNew+0x48>
          (attr->stack_mem != NULL) && (attr->stack_size >  0U)) {
 8000442:	b984      	cbnz	r4, 8000466 <osThreadNew+0x6a>
        mem = 1;
      }
      else {
        if ((attr->cb_mem == NULL) && (attr->cb_size == 0U) && (attr->stack_mem == NULL)) {
 8000444:	b143      	cbz	r3, 8000458 <osThreadNew+0x5c>
    mem  = -1;
 8000446:	f04f 33ff 	mov.w	r3, #4294967295	@ 0xffffffff
        hTask = xTaskCreateStatic ((TaskFunction_t)func, name, stack, argument, prio, (StackType_t  *)attr->stack_mem,
                                                                                      (StaticTask_t *)attr->cb_mem);
      #endif
    }
    else {
      if (mem == 0) {
 800044a:	b30b      	cbz	r3, 8000490 <osThreadNew+0x94>
        #endif
      }
    }
  }

  return ((osThreadId_t)hTask);
 800044c:	9805      	ldr	r0, [sp, #20]
}
 800044e:	b007      	add	sp, #28
 8000450:	bdf0      	pop	{r4, r5, r6, r7, pc}
    stack = configMINIMAL_STACK_SIZE;
 8000452:	f04f 0c80 	mov.w	ip, #128	@ 0x80
 8000456:	e7ed      	b.n	8000434 <osThreadNew+0x38>
        if ((attr->cb_mem == NULL) && (attr->cb_size == 0U) && (attr->stack_mem == NULL)) {
 8000458:	68d3      	ldr	r3, [r2, #12]
 800045a:	b9a3      	cbnz	r3, 8000486 <osThreadNew+0x8a>
 800045c:	6913      	ldr	r3, [r2, #16]
 800045e:	b1ab      	cbz	r3, 800048c <osThreadNew+0x90>
    mem  = -1;
 8000460:	f04f 33ff 	mov.w	r3, #4294967295	@ 0xffffffff
 8000464:	e7f1      	b.n	800044a <osThreadNew+0x4e>
        hTask = xTaskCreateStatic ((TaskFunction_t)func, name, stack, argument, prio, (StackType_t  *)attr->stack_mem,
 8000466:	9302      	str	r3, [sp, #8]
 8000468:	9701      	str	r7, [sp, #4]
 800046a:	9600      	str	r6, [sp, #0]
 800046c:	460b      	mov	r3, r1
 800046e:	4662      	mov	r2, ip
 8000470:	4629      	mov	r1, r5
 8000472:	f005 faeb 	bl	8005a4c <xTaskCreateStatic>
 8000476:	9005      	str	r0, [sp, #20]
 8000478:	e7e8      	b.n	800044c <osThreadNew+0x50>
    name = NULL;
 800047a:	4615      	mov	r5, r2
      mem = 0;
 800047c:	2300      	movs	r3, #0
    prio  = (UBaseType_t)osPriorityNormal;
 800047e:	2618      	movs	r6, #24
    stack = configMINIMAL_STACK_SIZE;
 8000480:	f04f 0c80 	mov.w	ip, #128	@ 0x80
 8000484:	e7e1      	b.n	800044a <osThreadNew+0x4e>
    mem  = -1;
 8000486:	f04f 33ff 	mov.w	r3, #4294967295	@ 0xffffffff
 800048a:	e7de      	b.n	800044a <osThreadNew+0x4e>
          mem = 0;
 800048c:	2300      	movs	r3, #0
 800048e:	e7dc      	b.n	800044a <osThreadNew+0x4e>
          if (xTaskCreate ((TaskFunction_t)func, name, (uint16_t)stack, argument, prio, &hTask) != pdPASS) {
 8000490:	ab05      	add	r3, sp, #20
 8000492:	9301      	str	r3, [sp, #4]
 8000494:	9600      	str	r6, [sp, #0]
 8000496:	460b      	mov	r3, r1
 8000498:	fa1f f28c 	uxth.w	r2, ip
 800049c:	4629      	mov	r1, r5
 800049e:	f005 fb10 	bl	8005ac2 <xTaskCreate>
 80004a2:	2801      	cmp	r0, #1
 80004a4:	d0d2      	beq.n	800044c <osThreadNew+0x50>
            hTask = NULL;
 80004a6:	2300      	movs	r3, #0
 80004a8:	9305      	str	r3, [sp, #20]
 80004aa:	e7cf      	b.n	800044c <osThreadNew+0x50>
        return (NULL);
 80004ac:	2000      	movs	r0, #0
 80004ae:	e7ce      	b.n	800044e <osThreadNew+0x52>

080004b0 <osDelay>:
  /* Return flags before clearing */
  return (rflags);
}
#endif /* (configUSE_OS2_THREAD_FLAGS == 1) */

osStatus_t osDelay (uint32_t ticks) {
 80004b0:	b508      	push	{r3, lr}
 80004b2:	f3ef 8305 	mrs	r3, IPSR
  osStatus_t stat;

  if (IS_IRQ()) {
 80004b6:	b933      	cbnz	r3, 80004c6 <osDelay+0x16>
    stat = osErrorISR;
  }
  else {
    stat = osOK;

    if (ticks != 0U) {
 80004b8:	b908      	cbnz	r0, 80004be <osDelay+0xe>
    stat = osOK;
 80004ba:	2000      	movs	r0, #0
      vTaskDelay(ticks);
    }
  }

  return (stat);
}
 80004bc:	bd08      	pop	{r3, pc}
      vTaskDelay(ticks);
 80004be:	f005 fc9d 	bl	8005dfc <vTaskDelay>
    stat = osOK;
 80004c2:	2000      	movs	r0, #0
 80004c4:	e7fa      	b.n	80004bc <osDelay+0xc>
    stat = osErrorISR;
 80004c6:	f06f 0005 	mvn.w	r0, #5
 80004ca:	e7f7      	b.n	80004bc <osDelay+0xc>

080004cc <vApplicationGetIdleTaskMemory>:
__WEAK void vApplicationGetIdleTaskMemory (StaticTask_t **ppxIdleTaskTCBBuffer, StackType_t **ppxIdleTaskStackBuffer, uint32_t *pulIdleTaskStackSize) {
  /* Idle task control block and stack */
  static StaticTask_t Idle_TCB;
  static StackType_t  Idle_Stack[configMINIMAL_STACK_SIZE];

  *ppxIdleTaskTCBBuffer   = &Idle_TCB;
 80004cc:	4b03      	ldr	r3, [pc, #12]	@ (80004dc <vApplicationGetIdleTaskMemory+0x10>)
 80004ce:	6003      	str	r3, [r0, #0]
  *ppxIdleTaskStackBuffer = &Idle_Stack[0];
 80004d0:	4b03      	ldr	r3, [pc, #12]	@ (80004e0 <vApplicationGetIdleTaskMemory+0x14>)
 80004d2:	600b      	str	r3, [r1, #0]
  *pulIdleTaskStackSize   = (uint32_t)configMINIMAL_STACK_SIZE;
 80004d4:	2380      	movs	r3, #128	@ 0x80
 80004d6:	6013      	str	r3, [r2, #0]
}
 80004d8:	4770      	bx	lr
 80004da:	bf00      	nop
 80004dc:	2000080c 	.word	0x2000080c
 80004e0:	2000060c 	.word	0x2000060c

080004e4 <vApplicationGetTimerTaskMemory>:
__WEAK void vApplicationGetTimerTaskMemory (StaticTask_t **ppxTimerTaskTCBBuffer, StackType_t **ppxTimerTaskStackBuffer, uint32_t *pulTimerTaskStackSize) {
  /* Timer task control block and stack */
  static StaticTask_t Timer_TCB;
  static StackType_t  Timer_Stack[configTIMER_TASK_STACK_DEPTH];

  *ppxTimerTaskTCBBuffer   = &Timer_TCB;
 80004e4:	4b03      	ldr	r3, [pc, #12]	@ (80004f4 <vApplicationGetTimerTaskMemory+0x10>)
 80004e6:	6003      	str	r3, [r0, #0]
  *ppxTimerTaskStackBuffer = &Timer_Stack[0];
 80004e8:	4b03      	ldr	r3, [pc, #12]	@ (80004f8 <vApplicationGetTimerTaskMemory+0x14>)
 80004ea:	600b      	str	r3, [r1, #0]
  *pulTimerTaskStackSize   = (uint32_t)configTIMER_TASK_STACK_DEPTH;
 80004ec:	f44f 7380 	mov.w	r3, #256	@ 0x100
 80004f0:	6013      	str	r3, [r2, #0]
}
 80004f2:	4770      	bx	lr
 80004f4:	200005b0 	.word	0x200005b0
 80004f8:	200001b0 	.word	0x200001b0

080004fc <crsf_crc8>:
    0xD6, 0x03, 0xA9, 0x7C, 0x28, 0xFD, 0x57, 0x82, 0xFF, 0x2A, 0x80, 0x55, 0x01, 0xD4, 0x7E, 0xAB,
    0x84, 0x51, 0xFB, 0x2E, 0x7A, 0xAF, 0x05, 0xD0, 0xAD, 0x78, 0xD2, 0x07, 0x53, 0x86, 0x2C, 0xF9
};

// Calculate CRC8 for CRSF frame
uint8_t crsf_crc8(const uint8_t *ptr, uint8_t len) {
 80004fc:	4603      	mov	r3, r0
    uint8_t crc = 0;
    for (uint8_t i = 0; i < len; i++) {
 80004fe:	2200      	movs	r2, #0
    uint8_t crc = 0;
 8000500:	4610      	mov	r0, r2
    for (uint8_t i = 0; i < len; i++) {
 8000502:	e008      	b.n	8000516 <crsf_crc8+0x1a>
        crc = crc8tab[crc ^ *ptr++];
 8000504:	f813 cb01 	ldrb.w	ip, [r3], #1
 8000508:	ea8c 0c00 	eor.w	ip, ip, r0
 800050c:	4803      	ldr	r0, [pc, #12]	@ (800051c <crsf_crc8+0x20>)
 800050e:	f810 000c 	ldrb.w	r0, [r0, ip]
    for (uint8_t i = 0; i < len; i++) {
 8000512:	3201      	adds	r2, #1
 8000514:	b2d2      	uxtb	r2, r2
 8000516:	428a      	cmp	r2, r1
 8000518:	d3f4      	bcc.n	8000504 <crsf_crc8+0x8>
    }
    return crc;
}
 800051a:	4770      	bx	lr
 800051c:	08008c1c 	.word	0x08008c1c

08000520 <crsf_parse_frame>:

// Parse CRSF frame from buffer
bool crsf_parse_frame(const uint8_t *buffer, uint8_t buffer_size, crsf_frame_t *frame) {
    if (buffer_size < 4) return false; // Minimum frame size
 8000520:	2903      	cmp	r1, #3
 8000522:	d92b      	bls.n	800057c <crsf_parse_frame+0x5c>
bool crsf_parse_frame(const uint8_t *buffer, uint8_t buffer_size, crsf_frame_t *frame) {
 8000524:	b5f8      	push	{r3, r4, r5, r6, r7, lr}
 8000526:	4604      	mov	r4, r0
 8000528:	4615      	mov	r5, r2
    
    // Check sync byte
    if (buffer[0] != CRSF_SYNC_BYTE) return false;
 800052a:	7807      	ldrb	r7, [r0, #0]
 800052c:	2fc8      	cmp	r7, #200	@ 0xc8
 800052e:	d127      	bne.n	8000580 <crsf_parse_frame+0x60>
    
    uint8_t frame_length = buffer[CRSF_FRAME_LENGTH_OFFSET];
 8000530:	7846      	ldrb	r6, [r0, #1]
    if (frame_length < 2 || frame_length > CRSF_MAX_FRAME_SIZE - 2) return false;
 8000532:	1eb3      	subs	r3, r6, #2
 8000534:	b2db      	uxtb	r3, r3
 8000536:	2b3c      	cmp	r3, #60	@ 0x3c
 8000538:	d824      	bhi.n	8000584 <crsf_parse_frame+0x64>
    
    // Check buffer size
    if (buffer_size < frame_length + 2) return false;
 800053a:	1c73      	adds	r3, r6, #1
 800053c:	428b      	cmp	r3, r1
 800053e:	da23      	bge.n	8000588 <crsf_parse_frame+0x68>
    
    // Calculate CRC (excluding the CRC byte itself, which is 1 byte)
    uint8_t crc = crsf_crc8(&buffer[CRSF_TYPE_OFFSET], frame_length - 1);
 8000540:	1e71      	subs	r1, r6, #1
 8000542:	b2c9      	uxtb	r1, r1
 8000544:	3002      	adds	r0, #2
 8000546:	f7ff ffd9 	bl	80004fc <crsf_crc8>

    // Verify against the CRC byte located at the end of the frame
    if (crc != buffer[frame_length + 1]) return false;
 800054a:	19a3      	adds	r3, r4, r6
 800054c:	785b      	ldrb	r3, [r3, #1]
 800054e:	4283      	cmp	r3, r0
 8000550:	d11c      	bne.n	800058c <crsf_parse_frame+0x6c>
    // Calculate CRC (excluding sync byte and frame length)
    // uint8_t crc = crsf_crc8(&buffer[CRSF_TYPE_OFFSET], frame_length);
    // if (crc != buffer[frame_length + 1]) return false;
    
    // Copy frame data
    frame->sync_byte = buffer[0];
 8000552:	702f      	strb	r7, [r5, #0]
    frame->frame_length = frame_length;
 8000554:	706e      	strb	r6, [r5, #1]
    frame->frame_type = buffer[CRSF_TYPE_OFFSET];
 8000556:	78a3      	ldrb	r3, [r4, #2]
 8000558:	70ab      	strb	r3, [r5, #2]

    // Robust check: Ensure the payload length doesn't meet or exceed maximum allocation
    if ((frame_length - 1) >= (CRSF_MAX_FRAME_SIZE - 4)) {
 800055a:	2e3c      	cmp	r6, #60	@ 0x3c
 800055c:	d818      	bhi.n	8000590 <crsf_parse_frame+0x70>
        return false;
    }

    // Safely copy payload
    for (uint8_t i = 0; i < frame_length - 1; i++) {
 800055e:	2300      	movs	r3, #0
 8000560:	e005      	b.n	800056e <crsf_parse_frame+0x4e>
        frame->payload[i] = buffer[CRSF_PAYLOAD_OFFSET + i];
 8000562:	1cda      	adds	r2, r3, #3
 8000564:	5ca1      	ldrb	r1, [r4, r2]
 8000566:	18ea      	adds	r2, r5, r3
 8000568:	70d1      	strb	r1, [r2, #3]
    for (uint8_t i = 0; i < frame_length - 1; i++) {
 800056a:	3301      	adds	r3, #1
 800056c:	b2db      	uxtb	r3, r3
 800056e:	1e72      	subs	r2, r6, #1
 8000570:	4293      	cmp	r3, r2
 8000572:	dbf6      	blt.n	8000562 <crsf_parse_frame+0x42>
    }

    frame->crc = crc;
 8000574:	f885 003f 	strb.w	r0, [r5, #63]	@ 0x3f
    
    return true;
 8000578:	2001      	movs	r0, #1
 800057a:	e002      	b.n	8000582 <crsf_parse_frame+0x62>
    if (buffer_size < 4) return false; // Minimum frame size
 800057c:	2000      	movs	r0, #0
}
 800057e:	4770      	bx	lr
    if (buffer[0] != CRSF_SYNC_BYTE) return false;
 8000580:	2000      	movs	r0, #0
}
 8000582:	bdf8      	pop	{r3, r4, r5, r6, r7, pc}
    if (frame_length < 2 || frame_length > CRSF_MAX_FRAME_SIZE - 2) return false;
 8000584:	2000      	movs	r0, #0
 8000586:	e7fc      	b.n	8000582 <crsf_parse_frame+0x62>
    if (buffer_size < frame_length + 2) return false;
 8000588:	2000      	movs	r0, #0
 800058a:	e7fa      	b.n	8000582 <crsf_parse_frame+0x62>
    if (crc != buffer[frame_length + 1]) return false;
 800058c:	2000      	movs	r0, #0
 800058e:	e7f8      	b.n	8000582 <crsf_parse_frame+0x62>
        return false;
 8000590:	2000      	movs	r0, #0
 8000592:	e7f6      	b.n	8000582 <crsf_parse_frame+0x62>

08000594 <crsf_extract_rc_channels>:

// Extract RC channels from CRSF frame
bool crsf_extract_rc_channels(const crsf_frame_t *frame, crsf_rc_channels_packed_t *channels) {
    if (frame->frame_type != CRSF_FRAME_RC_CHANNELS_PACKED) return false;
 8000594:	7883      	ldrb	r3, [r0, #2]
 8000596:	2b16      	cmp	r3, #22
 8000598:	f040 811e 	bne.w	80007d8 <crsf_extract_rc_channels+0x244>
    if (frame->frame_length != 24) return false;
 800059c:	7843      	ldrb	r3, [r0, #1]
 800059e:	2b18      	cmp	r3, #24
 80005a0:	f040 811c 	bne.w	80007dc <crsf_extract_rc_channels+0x248>
bool crsf_extract_rc_channels(const crsf_frame_t *frame, crsf_rc_channels_packed_t *channels) {
 80005a4:	b500      	push	{lr}
    
    const uint8_t *p = frame->payload;
    
    // Explicit bitfield decoding exactly as outlined in the TBS spec
    channels->channel_01 = (p[0]       | (p[1]  << 8)) & 0x07FF;
 80005a6:	78c3      	ldrb	r3, [r0, #3]
 80005a8:	7902      	ldrb	r2, [r0, #4]
 80005aa:	ea43 2302 	orr.w	r3, r3, r2, lsl #8
 80005ae:	700b      	strb	r3, [r1, #0]
 80005b0:	f3c3 2302 	ubfx	r3, r3, #8, #3
 80005b4:	784a      	ldrb	r2, [r1, #1]
 80005b6:	f022 0207 	bic.w	r2, r2, #7
 80005ba:	4313      	orrs	r3, r2
 80005bc:	704b      	strb	r3, [r1, #1]
    channels->channel_02 = ((p[1] >> 3)  | (p[2]  << 5)) & 0x07FF;
 80005be:	f890 c004 	ldrb.w	ip, [r0, #4]
 80005c2:	7942      	ldrb	r2, [r0, #5]
 80005c4:	ea4f 0cdc 	mov.w	ip, ip, lsr #3
 80005c8:	b2db      	uxtb	r3, r3
 80005ca:	f003 0307 	and.w	r3, r3, #7
 80005ce:	ea43 03cc 	orr.w	r3, r3, ip, lsl #3
 80005d2:	704b      	strb	r3, [r1, #1]
 80005d4:	f002 023f 	and.w	r2, r2, #63	@ 0x3f
 80005d8:	788b      	ldrb	r3, [r1, #2]
 80005da:	f023 033f 	bic.w	r3, r3, #63	@ 0x3f
 80005de:	4313      	orrs	r3, r2
 80005e0:	708b      	strb	r3, [r1, #2]
    channels->channel_03 = ((p[2] >> 6)  | (p[3]  << 2) | (p[4] << 10)) & 0x07FF;
 80005e2:	f890 c005 	ldrb.w	ip, [r0, #5]
 80005e6:	f890 e006 	ldrb.w	lr, [r0, #6]
 80005ea:	79c2      	ldrb	r2, [r0, #7]
 80005ec:	ea4f 1c9c 	mov.w	ip, ip, lsr #6
 80005f0:	b2db      	uxtb	r3, r3
 80005f2:	f003 033f 	and.w	r3, r3, #63	@ 0x3f
 80005f6:	ea43 138c 	orr.w	r3, r3, ip, lsl #6
 80005fa:	708b      	strb	r3, [r1, #2]
 80005fc:	f881 e003 	strb.w	lr, [r1, #3]
 8000600:	f002 0201 	and.w	r2, r2, #1
 8000604:	790b      	ldrb	r3, [r1, #4]
 8000606:	f023 0301 	bic.w	r3, r3, #1
 800060a:	4313      	orrs	r3, r2
 800060c:	710b      	strb	r3, [r1, #4]
    channels->channel_04 = ((p[4] >> 1)  | (p[5]  << 7)) & 0x07FF;
 800060e:	f890 c007 	ldrb.w	ip, [r0, #7]
 8000612:	7a02      	ldrb	r2, [r0, #8]
 8000614:	ea4f 0c5c 	mov.w	ip, ip, lsr #1
 8000618:	b2db      	uxtb	r3, r3
 800061a:	f003 0301 	and.w	r3, r3, #1
 800061e:	ea43 034c 	orr.w	r3, r3, ip, lsl #1
 8000622:	710b      	strb	r3, [r1, #4]
 8000624:	f002 020f 	and.w	r2, r2, #15
 8000628:	794b      	ldrb	r3, [r1, #5]
 800062a:	f023 030f 	bic.w	r3, r3, #15
 800062e:	4313      	orrs	r3, r2
 8000630:	714b      	strb	r3, [r1, #5]
    channels->channel_05 = ((p[5] >> 4)  | (p[6]  << 4)) & 0x07FF;
 8000632:	f890 c008 	ldrb.w	ip, [r0, #8]
 8000636:	7a42      	ldrb	r2, [r0, #9]
 8000638:	ea4f 1c1c 	mov.w	ip, ip, lsr #4
 800063c:	b2db      	uxtb	r3, r3
 800063e:	f003 030f 	and.w	r3, r3, #15
 8000642:	ea43 130c 	orr.w	r3, r3, ip, lsl #4
 8000646:	714b      	strb	r3, [r1, #5]
 8000648:	f002 027f 	and.w	r2, r2, #127	@ 0x7f
 800064c:	798b      	ldrb	r3, [r1, #6]
 800064e:	f023 037f 	bic.w	r3, r3, #127	@ 0x7f
 8000652:	4313      	orrs	r3, r2
 8000654:	718b      	strb	r3, [r1, #6]
    channels->channel_06 = ((p[6] >> 7)  | (p[7]  << 1) | (p[8] << 9)) & 0x07FF;
 8000656:	f890 c009 	ldrb.w	ip, [r0, #9]
 800065a:	f890 e00a 	ldrb.w	lr, [r0, #10]
 800065e:	7ac2      	ldrb	r2, [r0, #11]
 8000660:	ea4f 1cdc 	mov.w	ip, ip, lsr #7
 8000664:	b2db      	uxtb	r3, r3
 8000666:	f003 037f 	and.w	r3, r3, #127	@ 0x7f
 800066a:	ea43 13cc 	orr.w	r3, r3, ip, lsl #7
 800066e:	718b      	strb	r3, [r1, #6]
 8000670:	f881 e007 	strb.w	lr, [r1, #7]
 8000674:	f002 0203 	and.w	r2, r2, #3
 8000678:	7a0b      	ldrb	r3, [r1, #8]
 800067a:	f023 0303 	bic.w	r3, r3, #3
 800067e:	4313      	orrs	r3, r2
 8000680:	720b      	strb	r3, [r1, #8]
    channels->channel_07 = ((p[8] >> 2)  | (p[9]  << 6)) & 0x07FF;
 8000682:	f890 c00b 	ldrb.w	ip, [r0, #11]
 8000686:	7b02      	ldrb	r2, [r0, #12]
 8000688:	ea4f 0c9c 	mov.w	ip, ip, lsr #2
 800068c:	b2db      	uxtb	r3, r3
 800068e:	f003 0303 	and.w	r3, r3, #3
 8000692:	ea43 038c 	orr.w	r3, r3, ip, lsl #2
 8000696:	720b      	strb	r3, [r1, #8]
 8000698:	f002 021f 	and.w	r2, r2, #31
 800069c:	7a4b      	ldrb	r3, [r1, #9]
 800069e:	f023 031f 	bic.w	r3, r3, #31
 80006a2:	4313      	orrs	r3, r2
 80006a4:	724b      	strb	r3, [r1, #9]
    channels->channel_08 = ((p[9] >> 5)  | (p[10] << 3)) & 0x07FF;
 80006a6:	7b02      	ldrb	r2, [r0, #12]
 80006a8:	f890 c00d 	ldrb.w	ip, [r0, #13]
 80006ac:	f002 02e0 	and.w	r2, r2, #224	@ 0xe0
 80006b0:	b2db      	uxtb	r3, r3
 80006b2:	f003 031f 	and.w	r3, r3, #31
 80006b6:	4313      	orrs	r3, r2
 80006b8:	724b      	strb	r3, [r1, #9]
 80006ba:	f881 c00a 	strb.w	ip, [r1, #10]
    channels->channel_09 = (p[11]      | (p[12] << 8)) & 0x07FF;
 80006be:	7b83      	ldrb	r3, [r0, #14]
 80006c0:	7bc2      	ldrb	r2, [r0, #15]
 80006c2:	ea43 2302 	orr.w	r3, r3, r2, lsl #8
 80006c6:	72cb      	strb	r3, [r1, #11]
 80006c8:	f3c3 2302 	ubfx	r3, r3, #8, #3
 80006cc:	7b0a      	ldrb	r2, [r1, #12]
 80006ce:	f022 0207 	bic.w	r2, r2, #7
 80006d2:	4313      	orrs	r3, r2
 80006d4:	730b      	strb	r3, [r1, #12]
    channels->channel_10 = ((p[12] >> 3) | (p[13] << 5)) & 0x07FF;
 80006d6:	f890 c00f 	ldrb.w	ip, [r0, #15]
 80006da:	7c02      	ldrb	r2, [r0, #16]
 80006dc:	ea4f 0cdc 	mov.w	ip, ip, lsr #3
 80006e0:	b2db      	uxtb	r3, r3
 80006e2:	f003 0307 	and.w	r3, r3, #7
 80006e6:	ea43 03cc 	orr.w	r3, r3, ip, lsl #3
 80006ea:	730b      	strb	r3, [r1, #12]
 80006ec:	f002 023f 	and.w	r2, r2, #63	@ 0x3f
 80006f0:	7b4b      	ldrb	r3, [r1, #13]
 80006f2:	f023 033f 	bic.w	r3, r3, #63	@ 0x3f
 80006f6:	4313      	orrs	r3, r2
 80006f8:	734b      	strb	r3, [r1, #13]
    channels->channel_11 = ((p[13] >> 6) | (p[14] << 2) | (p[15] << 10)) & 0x07FF;
 80006fa:	f890 c010 	ldrb.w	ip, [r0, #16]
 80006fe:	f890 e011 	ldrb.w	lr, [r0, #17]
 8000702:	7c82      	ldrb	r2, [r0, #18]
 8000704:	ea4f 1c9c 	mov.w	ip, ip, lsr #6
 8000708:	b2db      	uxtb	r3, r3
 800070a:	f003 033f 	and.w	r3, r3, #63	@ 0x3f
 800070e:	ea43 138c 	orr.w	r3, r3, ip, lsl #6
 8000712:	734b      	strb	r3, [r1, #13]
 8000714:	f881 e00e 	strb.w	lr, [r1, #14]
 8000718:	f002 0201 	and.w	r2, r2, #1
 800071c:	7bcb      	ldrb	r3, [r1, #15]
 800071e:	f023 0301 	bic.w	r3, r3, #1
 8000722:	4313      	orrs	r3, r2
 8000724:	73cb      	strb	r3, [r1, #15]
    channels->channel_12 = ((p[14] >> 1) | (p[15] << 7)) & 0x07FF;
 8000726:	f890 c011 	ldrb.w	ip, [r0, #17]
 800072a:	7c82      	ldrb	r2, [r0, #18]
 800072c:	ea4f 0c5c 	mov.w	ip, ip, lsr #1
 8000730:	b2db      	uxtb	r3, r3
 8000732:	f003 0301 	and.w	r3, r3, #1
 8000736:	ea43 034c 	orr.w	r3, r3, ip, lsl #1
 800073a:	73cb      	strb	r3, [r1, #15]
 800073c:	f002 020f 	and.w	r2, r2, #15
 8000740:	7c0b      	ldrb	r3, [r1, #16]
 8000742:	f023 030f 	bic.w	r3, r3, #15
 8000746:	4313      	orrs	r3, r2
 8000748:	740b      	strb	r3, [r1, #16]
    channels->channel_13 = ((p[15] >> 4) | (p[16] << 4)) & 0x07FF;
 800074a:	f890 c012 	ldrb.w	ip, [r0, #18]
 800074e:	7cc2      	ldrb	r2, [r0, #19]
 8000750:	ea4f 1c1c 	mov.w	ip, ip, lsr #4
 8000754:	b2db      	uxtb	r3, r3
 8000756:	f003 030f 	and.w	r3, r3, #15
 800075a:	ea43 130c 	orr.w	r3, r3, ip, lsl #4
 800075e:	740b      	strb	r3, [r1, #16]
 8000760:	f002 027f 	and.w	r2, r2, #127	@ 0x7f
 8000764:	7c4b      	ldrb	r3, [r1, #17]
 8000766:	f023 037f 	bic.w	r3, r3, #127	@ 0x7f
 800076a:	4313      	orrs	r3, r2
 800076c:	744b      	strb	r3, [r1, #17]
    channels->channel_14 = ((p[16] >> 7) | (p[17] << 1) | (p[18] << 9)) & 0x07FF;
 800076e:	f890 c013 	ldrb.w	ip, [r0, #19]
 8000772:	f890 e014 	ldrb.w	lr, [r0, #20]
 8000776:	7d42      	ldrb	r2, [r0, #21]
 8000778:	ea4f 1cdc 	mov.w	ip, ip, lsr #7
 800077c:	b2db      	uxtb	r3, r3
 800077e:	f003 037f 	and.w	r3, r3, #127	@ 0x7f
 8000782:	ea43 13cc 	orr.w	r3, r3, ip, lsl #7
 8000786:	744b      	strb	r3, [r1, #17]
 8000788:	f881 e012 	strb.w	lr, [r1, #18]
 800078c:	f002 0203 	and.w	r2, r2, #3
 8000790:	7ccb      	ldrb	r3, [r1, #19]
 8000792:	f023 0303 	bic.w	r3, r3, #3
 8000796:	4313      	orrs	r3, r2
 8000798:	74cb      	strb	r3, [r1, #19]
    channels->channel_15 = ((p[18] >> 2) | (p[19] << 6)) & 0x07FF;
 800079a:	f890 c015 	ldrb.w	ip, [r0, #21]
 800079e:	7d82      	ldrb	r2, [r0, #22]
 80007a0:	ea4f 0c9c 	mov.w	ip, ip, lsr #2
 80007a4:	b2db      	uxtb	r3, r3
 80007a6:	f003 0303 	and.w	r3, r3, #3
 80007aa:	ea43 038c 	orr.w	r3, r3, ip, lsl #2
 80007ae:	74cb      	strb	r3, [r1, #19]
 80007b0:	f002 021f 	and.w	r2, r2, #31
 80007b4:	7d0b      	ldrb	r3, [r1, #20]
 80007b6:	f023 031f 	bic.w	r3, r3, #31
 80007ba:	4313      	orrs	r3, r2
 80007bc:	750b      	strb	r3, [r1, #20]
    channels->channel_16 = ((p[19] >> 5) | (p[20] << 3)) & 0x07FF;
 80007be:	7d82      	ldrb	r2, [r0, #22]
 80007c0:	7dc0      	ldrb	r0, [r0, #23]
 80007c2:	f002 02e0 	and.w	r2, r2, #224	@ 0xe0
 80007c6:	b2db      	uxtb	r3, r3
 80007c8:	f003 031f 	and.w	r3, r3, #31
 80007cc:	4313      	orrs	r3, r2
 80007ce:	750b      	strb	r3, [r1, #20]
 80007d0:	7548      	strb	r0, [r1, #21]
    
    return true;
 80007d2:	2001      	movs	r0, #1
}
 80007d4:	f85d fb04 	ldr.w	pc, [sp], #4
    if (frame->frame_type != CRSF_FRAME_RC_CHANNELS_PACKED) return false;
 80007d8:	2000      	movs	r0, #0
 80007da:	4770      	bx	lr
    if (frame->frame_length != 24) return false;
 80007dc:	2000      	movs	r0, #0
}
 80007de:	4770      	bx	lr

080007e0 <crsf_convert_channel_to_us>:
// Convert CRSF channel value (11-bit) to microseconds (1000-2000 range)
int16_t crsf_convert_channel_to_us(uint16_t channel_value) {
    // CRSF channel value is 11-bit (0-2047)
    // CRSF center = 992, 1500us = center
    // Formula: us = (channel_value - 992) * 5 / 8 + 1500
    return (int16_t)((channel_value - 992) * 5 / 8) + 1500;
 80007e0:	f5a0 7078 	sub.w	r0, r0, #992	@ 0x3e0
 80007e4:	eb00 0080 	add.w	r0, r0, r0, lsl #2
 80007e8:	4603      	mov	r3, r0
 80007ea:	2800      	cmp	r0, #0
 80007ec:	db05      	blt.n	80007fa <crsf_convert_channel_to_us+0x1a>
 80007ee:	f3c3 00cf 	ubfx	r0, r3, #3, #16
 80007f2:	f200 50dc 	addw	r0, r0, #1500	@ 0x5dc
 80007f6:	b200      	sxth	r0, r0
 80007f8:	4770      	bx	lr
    return (int16_t)((channel_value - 992) * 5 / 8) + 1500;
 80007fa:	1dc3      	adds	r3, r0, #7
 80007fc:	e7f7      	b.n	80007ee <crsf_convert_channel_to_us+0xe>
	...

08000800 <MX_DMA_Init>:

/**
  * Enable DMA controller clock
  */
void MX_DMA_Init(void)
{
 8000800:	b500      	push	{lr}
 8000802:	b083      	sub	sp, #12

  /* DMA controller clock enable */
  __HAL_RCC_DMA2_CLK_ENABLE();
 8000804:	2200      	movs	r2, #0
 8000806:	9201      	str	r2, [sp, #4]
 8000808:	4b09      	ldr	r3, [pc, #36]	@ (8000830 <MX_DMA_Init+0x30>)
 800080a:	6b19      	ldr	r1, [r3, #48]	@ 0x30
 800080c:	f441 0180 	orr.w	r1, r1, #4194304	@ 0x400000
 8000810:	6319      	str	r1, [r3, #48]	@ 0x30
 8000812:	6b1b      	ldr	r3, [r3, #48]	@ 0x30
 8000814:	f403 0380 	and.w	r3, r3, #4194304	@ 0x400000
 8000818:	9301      	str	r3, [sp, #4]
 800081a:	9b01      	ldr	r3, [sp, #4]

  /* DMA interrupt init */
  /* DMA2_Stream2_IRQn interrupt configuration */
  HAL_NVIC_SetPriority(DMA2_Stream2_IRQn, 5, 0);
 800081c:	2105      	movs	r1, #5
 800081e:	203a      	movs	r0, #58	@ 0x3a
 8000820:	f001 fc1c 	bl	800205c <HAL_NVIC_SetPriority>
  HAL_NVIC_EnableIRQ(DMA2_Stream2_IRQn);
 8000824:	203a      	movs	r0, #58	@ 0x3a
 8000826:	f001 fc29 	bl	800207c <HAL_NVIC_EnableIRQ>

}
 800082a:	b003      	add	sp, #12
 800082c:	f85d fb04 	ldr.w	pc, [sp], #4
 8000830:	40023800 	.word	0x40023800

08000834 <StartDefaultTask>:
  * @param  argument: Not used
  * @retval None
  */
/* USER CODE END Header_StartDefaultTask */
void StartDefaultTask(void *argument)
{
 8000834:	b508      	push	{r3, lr}
  /* init code for USB_DEVICE */
  MX_USB_DEVICE_Init();
 8000836:	f006 f8d7 	bl	80069e8 <MX_USB_DEVICE_Init>
  /* USER CODE BEGIN StartDefaultTask */
  /* Infinite loop */
  for(;;)
  {
    osDelay(1);
 800083a:	2001      	movs	r0, #1
 800083c:	f7ff fe38 	bl	80004b0 <osDelay>
  for(;;)
 8000840:	e7fb      	b.n	800083a <StartDefaultTask+0x6>
	...

08000844 <StartServoTask>:
}

/* Private application code --------------------------------------------------*/
/* USER CODE BEGIN Application */
void StartServoTask(void *argument)
{
 8000844:	b508      	push	{r3, lr}
  // Initialize servos
  Servo_Init(&servo1, &htim1, TIM_CHANNEL_1);
 8000846:	4e0c      	ldr	r6, [pc, #48]	@ (8000878 <StartServoTask+0x34>)
 8000848:	4d0c      	ldr	r5, [pc, #48]	@ (800087c <StartServoTask+0x38>)
 800084a:	2200      	movs	r2, #0
 800084c:	4631      	mov	r1, r6
 800084e:	4628      	mov	r0, r5
 8000850:	f001 f961 	bl	8001b16 <Servo_Init>
  Servo_Init(&servo2, &htim1, TIM_CHANNEL_2);
 8000854:	4c0a      	ldr	r4, [pc, #40]	@ (8000880 <StartServoTask+0x3c>)
 8000856:	2204      	movs	r2, #4
 8000858:	4631      	mov	r1, r6
 800085a:	4620      	mov	r0, r4
 800085c:	f001 f95b 	bl	8001b16 <Servo_Init>


  Servo_Start(&servo1);
 8000860:	4628      	mov	r0, r5
 8000862:	f001 f99f 	bl	8001ba4 <Servo_Start>
  Servo_Start(&servo2);
 8000866:	4620      	mov	r0, r4
 8000868:	f001 f99c 	bl	8001ba4 <Servo_Start>

  while (1) {
      osDelay(1000);
 800086c:	f44f 707a 	mov.w	r0, #1000	@ 0x3e8
 8000870:	f7ff fe1e 	bl	80004b0 <osDelay>
  while (1) {
 8000874:	e7fa      	b.n	800086c <StartServoTask+0x28>
 8000876:	bf00      	nop
 8000878:	20004be8 	.word	0x20004be8
 800087c:	20000980 	.word	0x20000980
 8000880:	20000970 	.word	0x20000970

08000884 <StartReceiverTask>:
  }
}

void StartReceiverTask(void *argument)
{
 8000884:	e92d 4ff0 	stmdb	sp!, {r4, r5, r6, r7, r8, r9, sl, fp, lr}
 8000888:	ed2d 8b02 	vpush	{d8}
 800088c:	b0b7      	sub	sp, #220	@ 0xdc
  crsf_frame_t crsf_frame;
  crsf_rc_channels_packed_t rc_channels;
  static char usb_output_buffer[256];

  uint32_t lastToggleTick = osKernelGetTickCount();
 800088e:	f7ff fdab 	bl	80003e8 <osKernelGetTickCount>
 8000892:	4680      	mov	r8, r0

  // Start UART reception using DMA with Idle Line Detection
  HAL_UARTEx_ReceiveToIdle_DMA(&huart1, uart_rx_buffer, sizeof(uart_rx_buffer));
 8000894:	2240      	movs	r2, #64	@ 0x40
 8000896:	4997      	ldr	r1, [pc, #604]	@ (8000af4 <StartReceiverTask+0x270>)
 8000898:	4897      	ldr	r0, [pc, #604]	@ (8000af8 <StartReceiverTask+0x274>)
 800089a:	f004 f905 	bl	8004aa8 <HAL_UARTEx_ReceiveToIdle_DMA>
  __HAL_DMA_DISABLE_IT(&hdma_usart1_rx, DMA_IT_HT);
 800089e:	4b97      	ldr	r3, [pc, #604]	@ (8000afc <StartReceiverTask+0x278>)
 80008a0:	681a      	ldr	r2, [r3, #0]
 80008a2:	6813      	ldr	r3, [r2, #0]
 80008a4:	f023 0308 	bic.w	r3, r3, #8
 80008a8:	6013      	str	r3, [r2, #0]
 80008aa:	e00b      	b.n	80008c4 <StartReceiverTask+0x40>

  while (1) {
    // Non-blocking 1-second LED toggling
    if ((osKernelGetTickCount() - lastToggleTick) >= 1000) {
      HAL_GPIO_TogglePin(GPIOC, GPIO_PIN_7 | GPIO_PIN_8);
 80008ac:	f44f 71c0 	mov.w	r1, #384	@ 0x180
 80008b0:	4893      	ldr	r0, [pc, #588]	@ (8000b00 <StartReceiverTask+0x27c>)
 80008b2:	f001 ff45 	bl	8002740 <HAL_GPIO_TogglePin>
      lastToggleTick = osKernelGetTickCount();
 80008b6:	f7ff fd97 	bl	80003e8 <osKernelGetTickCount>
 80008ba:	4680      	mov	r8, r0
 80008bc:	e009      	b.n	80008d2 <StartReceiverTask+0x4e>
            CDC_Transmit_FS((uint8_t *)usb_output_buffer, len);
          }
        }
      }
    }
    osDelay(1);  // Keep the task responsive and prevent CPU starvation
 80008be:	2001      	movs	r0, #1
 80008c0:	f7ff fdf6 	bl	80004b0 <osDelay>
    if ((osKernelGetTickCount() - lastToggleTick) >= 1000) {
 80008c4:	f7ff fd90 	bl	80003e8 <osKernelGetTickCount>
 80008c8:	eba0 0008 	sub.w	r0, r0, r8
 80008cc:	f5b0 7f7a 	cmp.w	r0, #1000	@ 0x3e8
 80008d0:	d2ec      	bcs.n	80008ac <StartReceiverTask+0x28>
    if (uart_rx_flag > 0) {
 80008d2:	4b8c      	ldr	r3, [pc, #560]	@ (8000b04 <StartReceiverTask+0x280>)
 80008d4:	881b      	ldrh	r3, [r3, #0]
 80008d6:	b29b      	uxth	r3, r3
 80008d8:	2b00      	cmp	r3, #0
 80008da:	d0f0      	beq.n	80008be <StartReceiverTask+0x3a>
      uint16_t rx_size = uart_rx_flag; 
 80008dc:	4b89      	ldr	r3, [pc, #548]	@ (8000b04 <StartReceiverTask+0x280>)
 80008de:	881c      	ldrh	r4, [r3, #0]
 80008e0:	b2a4      	uxth	r4, r4
      uart_rx_flag = 0; 
 80008e2:	2200      	movs	r2, #0
 80008e4:	801a      	strh	r2, [r3, #0]
      HAL_UARTEx_ReceiveToIdle_DMA(&huart1, uart_rx_buffer, sizeof(uart_rx_buffer));
 80008e6:	4d83      	ldr	r5, [pc, #524]	@ (8000af4 <StartReceiverTask+0x270>)
 80008e8:	2240      	movs	r2, #64	@ 0x40
 80008ea:	4629      	mov	r1, r5
 80008ec:	4882      	ldr	r0, [pc, #520]	@ (8000af8 <StartReceiverTask+0x274>)
 80008ee:	f004 f8db 	bl	8004aa8 <HAL_UARTEx_ReceiveToIdle_DMA>
      __HAL_DMA_DISABLE_IT(&hdma_usart1_rx, DMA_IT_HT);
 80008f2:	4b82      	ldr	r3, [pc, #520]	@ (8000afc <StartReceiverTask+0x278>)
 80008f4:	681a      	ldr	r2, [r3, #0]
 80008f6:	6813      	ldr	r3, [r2, #0]
 80008f8:	f023 0308 	bic.w	r3, r3, #8
 80008fc:	6013      	str	r3, [r2, #0]
      if (crsf_parse_frame(uart_rx_buffer, rx_size, &crsf_frame)) {
 80008fe:	aa26      	add	r2, sp, #152	@ 0x98
 8000900:	b2e1      	uxtb	r1, r4
 8000902:	4628      	mov	r0, r5
 8000904:	f7ff fe0c 	bl	8000520 <crsf_parse_frame>
 8000908:	2800      	cmp	r0, #0
 800090a:	d0d8      	beq.n	80008be <StartReceiverTask+0x3a>
        if (crsf_frame.frame_type == CRSF_FRAME_RC_CHANNELS_PACKED) {
 800090c:	f89d 309a 	ldrb.w	r3, [sp, #154]	@ 0x9a
 8000910:	2b16      	cmp	r3, #22
 8000912:	d1d4      	bne.n	80008be <StartReceiverTask+0x3a>
          if (crsf_extract_rc_channels(&crsf_frame, &rc_channels)) {
 8000914:	a920      	add	r1, sp, #128	@ 0x80
 8000916:	a826      	add	r0, sp, #152	@ 0x98
 8000918:	f7ff fe3c 	bl	8000594 <crsf_extract_rc_channels>
 800091c:	2800      	cmp	r0, #0
 800091e:	d0ce      	beq.n	80008be <StartReceiverTask+0x3a>
            channel_us[0]  = crsf_convert_channel_to_us(rc_channels.channel_01);
 8000920:	f8bd 0080 	ldrh.w	r0, [sp, #128]	@ 0x80
 8000924:	f3c0 000a 	ubfx	r0, r0, #0, #11
 8000928:	f7ff ff5a 	bl	80007e0 <crsf_convert_channel_to_us>
 800092c:	4604      	mov	r4, r0
 800092e:	f8ad 0060 	strh.w	r0, [sp, #96]	@ 0x60
            channel_us[1]  = crsf_convert_channel_to_us(rc_channels.channel_02);
 8000932:	9820      	ldr	r0, [sp, #128]	@ 0x80
 8000934:	f3c0 20ca 	ubfx	r0, r0, #11, #11
 8000938:	f7ff ff52 	bl	80007e0 <crsf_convert_channel_to_us>
 800093c:	4605      	mov	r5, r0
 800093e:	f8ad 0062 	strh.w	r0, [sp, #98]	@ 0x62
            channel_us[2]  = crsf_convert_channel_to_us(rc_channels.channel_03);
 8000942:	f8bd 0082 	ldrh.w	r0, [sp, #130]	@ 0x82
 8000946:	f89d 3084 	ldrb.w	r3, [sp, #132]	@ 0x84
 800094a:	f003 0301 	and.w	r3, r3, #1
 800094e:	029b      	lsls	r3, r3, #10
 8000950:	ea43 1090 	orr.w	r0, r3, r0, lsr #6
 8000954:	f7ff ff44 	bl	80007e0 <crsf_convert_channel_to_us>
 8000958:	900e      	str	r0, [sp, #56]	@ 0x38
 800095a:	f8ad 0064 	strh.w	r0, [sp, #100]	@ 0x64
            channel_us[3]  = crsf_convert_channel_to_us(rc_channels.channel_04);
 800095e:	f8bd 0084 	ldrh.w	r0, [sp, #132]	@ 0x84
 8000962:	f3c0 004a 	ubfx	r0, r0, #1, #11
 8000966:	f7ff ff3b 	bl	80007e0 <crsf_convert_channel_to_us>
 800096a:	900f      	str	r0, [sp, #60]	@ 0x3c
 800096c:	f8ad 0066 	strh.w	r0, [sp, #102]	@ 0x66
            channel_us[4]  = crsf_convert_channel_to_us(rc_channels.channel_05);
 8000970:	9821      	ldr	r0, [sp, #132]	@ 0x84
 8000972:	f3c0 300a 	ubfx	r0, r0, #12, #11
 8000976:	f7ff ff33 	bl	80007e0 <crsf_convert_channel_to_us>
 800097a:	9010      	str	r0, [sp, #64]	@ 0x40
 800097c:	f8ad 0068 	strh.w	r0, [sp, #104]	@ 0x68
            channel_us[5]  = crsf_convert_channel_to_us(rc_channels.channel_06);
 8000980:	f8bd 0086 	ldrh.w	r0, [sp, #134]	@ 0x86
 8000984:	f89d 3088 	ldrb.w	r3, [sp, #136]	@ 0x88
 8000988:	f003 0303 	and.w	r3, r3, #3
 800098c:	025b      	lsls	r3, r3, #9
 800098e:	ea43 10d0 	orr.w	r0, r3, r0, lsr #7
 8000992:	f7ff ff25 	bl	80007e0 <crsf_convert_channel_to_us>
 8000996:	9011      	str	r0, [sp, #68]	@ 0x44
 8000998:	f8ad 006a 	strh.w	r0, [sp, #106]	@ 0x6a
            channel_us[6]  = crsf_convert_channel_to_us(rc_channels.channel_07);
 800099c:	f8bd 0088 	ldrh.w	r0, [sp, #136]	@ 0x88
 80009a0:	f3c0 008a 	ubfx	r0, r0, #2, #11
 80009a4:	f7ff ff1c 	bl	80007e0 <crsf_convert_channel_to_us>
 80009a8:	9012      	str	r0, [sp, #72]	@ 0x48
 80009aa:	f8ad 006c 	strh.w	r0, [sp, #108]	@ 0x6c
            channel_us[7]  = crsf_convert_channel_to_us(rc_channels.channel_08);
 80009ae:	9822      	ldr	r0, [sp, #136]	@ 0x88
 80009b0:	f3c0 304a 	ubfx	r0, r0, #13, #11
 80009b4:	f7ff ff14 	bl	80007e0 <crsf_convert_channel_to_us>
 80009b8:	9013      	str	r0, [sp, #76]	@ 0x4c
 80009ba:	f8ad 006e 	strh.w	r0, [sp, #110]	@ 0x6e
            channel_us[8]  = crsf_convert_channel_to_us(rc_channels.channel_09);
 80009be:	f89d 008b 	ldrb.w	r0, [sp, #139]	@ 0x8b
 80009c2:	f89d 308c 	ldrb.w	r3, [sp, #140]	@ 0x8c
 80009c6:	f003 0307 	and.w	r3, r3, #7
 80009ca:	ea40 2003 	orr.w	r0, r0, r3, lsl #8
 80009ce:	f7ff ff07 	bl	80007e0 <crsf_convert_channel_to_us>
 80009d2:	9014      	str	r0, [sp, #80]	@ 0x50
 80009d4:	f8ad 0070 	strh.w	r0, [sp, #112]	@ 0x70
            channel_us[9]  = crsf_convert_channel_to_us(rc_channels.channel_10);
 80009d8:	f8bd 008c 	ldrh.w	r0, [sp, #140]	@ 0x8c
 80009dc:	f3c0 00ca 	ubfx	r0, r0, #3, #11
 80009e0:	f7ff fefe 	bl	80007e0 <crsf_convert_channel_to_us>
 80009e4:	9015      	str	r0, [sp, #84]	@ 0x54
 80009e6:	f8ad 0072 	strh.w	r0, [sp, #114]	@ 0x72
            channel_us[10] = crsf_convert_channel_to_us(rc_channels.channel_11);
 80009ea:	9823      	ldr	r0, [sp, #140]	@ 0x8c
 80009ec:	f3c0 308a 	ubfx	r0, r0, #14, #11
 80009f0:	f7ff fef6 	bl	80007e0 <crsf_convert_channel_to_us>
 80009f4:	9016      	str	r0, [sp, #88]	@ 0x58
 80009f6:	f8ad 0074 	strh.w	r0, [sp, #116]	@ 0x74
            channel_us[11] = crsf_convert_channel_to_us(rc_channels.channel_12);
 80009fa:	f89d 008f 	ldrb.w	r0, [sp, #143]	@ 0x8f
 80009fe:	f89d 3090 	ldrb.w	r3, [sp, #144]	@ 0x90
 8000a02:	f003 030f 	and.w	r3, r3, #15
 8000a06:	01db      	lsls	r3, r3, #7
 8000a08:	ea43 0050 	orr.w	r0, r3, r0, lsr #1
 8000a0c:	f7ff fee8 	bl	80007e0 <crsf_convert_channel_to_us>
 8000a10:	9017      	str	r0, [sp, #92]	@ 0x5c
 8000a12:	f8ad 0076 	strh.w	r0, [sp, #118]	@ 0x76
            channel_us[12] = crsf_convert_channel_to_us(rc_channels.channel_13);
 8000a16:	f8bd 0090 	ldrh.w	r0, [sp, #144]	@ 0x90
 8000a1a:	f3c0 100a 	ubfx	r0, r0, #4, #11
 8000a1e:	f7ff fedf 	bl	80007e0 <crsf_convert_channel_to_us>
 8000a22:	4606      	mov	r6, r0
 8000a24:	f8ad 0078 	strh.w	r0, [sp, #120]	@ 0x78
            channel_us[13] = crsf_convert_channel_to_us(rc_channels.channel_14);
 8000a28:	9824      	ldr	r0, [sp, #144]	@ 0x90
 8000a2a:	f3c0 30ca 	ubfx	r0, r0, #15, #11
 8000a2e:	f7ff fed7 	bl	80007e0 <crsf_convert_channel_to_us>
 8000a32:	4607      	mov	r7, r0
 8000a34:	f8ad 007a 	strh.w	r0, [sp, #122]	@ 0x7a
            channel_us[14] = crsf_convert_channel_to_us(rc_channels.channel_15);
 8000a38:	f89d 0093 	ldrb.w	r0, [sp, #147]	@ 0x93
 8000a3c:	f89d 3094 	ldrb.w	r3, [sp, #148]	@ 0x94
 8000a40:	f003 031f 	and.w	r3, r3, #31
 8000a44:	019b      	lsls	r3, r3, #6
 8000a46:	ea43 0090 	orr.w	r0, r3, r0, lsr #2
 8000a4a:	f7ff fec9 	bl	80007e0 <crsf_convert_channel_to_us>
 8000a4e:	4681      	mov	r9, r0
 8000a50:	f8ad 007c 	strh.w	r0, [sp, #124]	@ 0x7c
            channel_us[15] = crsf_convert_channel_to_us(rc_channels.channel_16);
 8000a54:	f8bd 0094 	ldrh.w	r0, [sp, #148]	@ 0x94
 8000a58:	f3c0 104a 	ubfx	r0, r0, #5, #11
 8000a5c:	f7ff fec0 	bl	80007e0 <crsf_convert_channel_to_us>
 8000a60:	4682      	mov	sl, r0
 8000a62:	f8ad 007e 	strh.w	r0, [sp, #126]	@ 0x7e
            float servo1_angle = ((float)(channel_us[0] - 1000) / 1000.0f) * 180.0f;
 8000a66:	f5a4 7c7a 	sub.w	ip, r4, #1000	@ 0x3e8
 8000a6a:	ee07 ca90 	vmov	s15, ip
 8000a6e:	eef8 7ae7 	vcvt.f32.s32	s15, s15
 8000a72:	eddf 6a25 	vldr	s13, [pc, #148]	@ 8000b08 <StartReceiverTask+0x284>
 8000a76:	ee87 0aa6 	vdiv.f32	s0, s15, s13
 8000a7a:	ed9f 7a24 	vldr	s14, [pc, #144]	@ 8000b0c <StartReceiverTask+0x288>
            float servo2_angle = ((float)(channel_us[1] - 1000) / 1000.0f) * 180.0f;
 8000a7e:	f5a5 7c7a 	sub.w	ip, r5, #1000	@ 0x3e8
 8000a82:	ee07 ca90 	vmov	s15, ip
 8000a86:	eef8 7ae7 	vcvt.f32.s32	s15, s15
 8000a8a:	ee87 8aa6 	vdiv.f32	s16, s15, s13
 8000a8e:	ee28 8a07 	vmul.f32	s16, s16, s14
            Servo_SetAngle(&servo1, servo1_angle);
 8000a92:	ee20 0a07 	vmul.f32	s0, s0, s14
 8000a96:	481e      	ldr	r0, [pc, #120]	@ (8000b10 <StartReceiverTask+0x28c>)
 8000a98:	f001 f846 	bl	8001b28 <Servo_SetAngle>
            Servo_SetAngle(&servo2, servo2_angle);
 8000a9c:	eeb0 0a48 	vmov.f32	s0, s16
 8000aa0:	481c      	ldr	r0, [pc, #112]	@ (8000b14 <StartReceiverTask+0x290>)
 8000aa2:	f001 f841 	bl	8001b28 <Servo_SetAngle>
            int len = sprintf(usb_output_buffer,
 8000aa6:	f8df b074 	ldr.w	fp, [pc, #116]	@ 8000b1c <StartReceiverTask+0x298>
 8000aaa:	f8cd a034 	str.w	sl, [sp, #52]	@ 0x34
 8000aae:	f8cd 9030 	str.w	r9, [sp, #48]	@ 0x30
 8000ab2:	970b      	str	r7, [sp, #44]	@ 0x2c
 8000ab4:	960a      	str	r6, [sp, #40]	@ 0x28
 8000ab6:	9817      	ldr	r0, [sp, #92]	@ 0x5c
 8000ab8:	9009      	str	r0, [sp, #36]	@ 0x24
 8000aba:	9916      	ldr	r1, [sp, #88]	@ 0x58
 8000abc:	9108      	str	r1, [sp, #32]
 8000abe:	9a15      	ldr	r2, [sp, #84]	@ 0x54
 8000ac0:	9207      	str	r2, [sp, #28]
 8000ac2:	9b14      	ldr	r3, [sp, #80]	@ 0x50
 8000ac4:	9306      	str	r3, [sp, #24]
 8000ac6:	9f13      	ldr	r7, [sp, #76]	@ 0x4c
 8000ac8:	9705      	str	r7, [sp, #20]
 8000aca:	9e12      	ldr	r6, [sp, #72]	@ 0x48
 8000acc:	9604      	str	r6, [sp, #16]
 8000ace:	9811      	ldr	r0, [sp, #68]	@ 0x44
 8000ad0:	9003      	str	r0, [sp, #12]
 8000ad2:	9910      	ldr	r1, [sp, #64]	@ 0x40
 8000ad4:	9102      	str	r1, [sp, #8]
 8000ad6:	9a0f      	ldr	r2, [sp, #60]	@ 0x3c
 8000ad8:	9201      	str	r2, [sp, #4]
 8000ada:	9b0e      	ldr	r3, [sp, #56]	@ 0x38
 8000adc:	9300      	str	r3, [sp, #0]
 8000ade:	462b      	mov	r3, r5
 8000ae0:	4622      	mov	r2, r4
 8000ae2:	490d      	ldr	r1, [pc, #52]	@ (8000b18 <StartReceiverTask+0x294>)
 8000ae4:	4658      	mov	r0, fp
 8000ae6:	f007 fa6b 	bl	8007fc0 <siprintf>
            CDC_Transmit_FS((uint8_t *)usb_output_buffer, len);
 8000aea:	b281      	uxth	r1, r0
 8000aec:	4658      	mov	r0, fp
 8000aee:	f006 fa49 	bl	8006f84 <CDC_Transmit_FS>
 8000af2:	e6e4      	b.n	80008be <StartReceiverTask+0x3a>
 8000af4:	20000998 	.word	0x20000998
 8000af8:	20004e04 	.word	0x20004e04
 8000afc:	20004d5c 	.word	0x20004d5c
 8000b00:	40020800 	.word	0x40020800
 8000b04:	20000994 	.word	0x20000994
 8000b08:	447a0000 	.word	0x447a0000
 8000b0c:	43340000 	.word	0x43340000
 8000b10:	20000980 	.word	0x20000980
 8000b14:	20000970 	.word	0x20000970
 8000b18:	08008d1c 	.word	0x08008d1c
 8000b1c:	2000086c 	.word	0x2000086c

08000b20 <MX_FREERTOS_Init>:
void MX_FREERTOS_Init(void) {
 8000b20:	b508      	push	{r3, lr}
  defaultTaskHandle = osThreadNew(StartDefaultTask, NULL, &defaultTask_attributes);
 8000b22:	4a0b      	ldr	r2, [pc, #44]	@ (8000b50 <MX_FREERTOS_Init+0x30>)
 8000b24:	2100      	movs	r1, #0
 8000b26:	480b      	ldr	r0, [pc, #44]	@ (8000b54 <MX_FREERTOS_Init+0x34>)
 8000b28:	f7ff fc68 	bl	80003fc <osThreadNew>
 8000b2c:	4b0a      	ldr	r3, [pc, #40]	@ (8000b58 <MX_FREERTOS_Init+0x38>)
 8000b2e:	6018      	str	r0, [r3, #0]
  receiverTaskHandle = osThreadNew(StartReceiverTask, NULL, &receiverTask_attributes);
 8000b30:	4a0a      	ldr	r2, [pc, #40]	@ (8000b5c <MX_FREERTOS_Init+0x3c>)
 8000b32:	2100      	movs	r1, #0
 8000b34:	480a      	ldr	r0, [pc, #40]	@ (8000b60 <MX_FREERTOS_Init+0x40>)
 8000b36:	f7ff fc61 	bl	80003fc <osThreadNew>
 8000b3a:	4b0a      	ldr	r3, [pc, #40]	@ (8000b64 <MX_FREERTOS_Init+0x44>)
 8000b3c:	6018      	str	r0, [r3, #0]
  servoTaskHandle = osThreadNew(StartServoTask, NULL, &servoTask_attributes);
 8000b3e:	4a0a      	ldr	r2, [pc, #40]	@ (8000b68 <MX_FREERTOS_Init+0x48>)
 8000b40:	2100      	movs	r1, #0
 8000b42:	480a      	ldr	r0, [pc, #40]	@ (8000b6c <MX_FREERTOS_Init+0x4c>)
 8000b44:	f7ff fc5a 	bl	80003fc <osThreadNew>
 8000b48:	4b09      	ldr	r3, [pc, #36]	@ (8000b70 <MX_FREERTOS_Init+0x50>)
 8000b4a:	6018      	str	r0, [r3, #0]
}
 8000b4c:	bd08      	pop	{r3, pc}
 8000b4e:	bf00      	nop
 8000b50:	08008e2c 	.word	0x08008e2c
 8000b54:	08000835 	.word	0x08000835
 8000b58:	2000096c 	.word	0x2000096c
 8000b5c:	08008e74 	.word	0x08008e74
 8000b60:	08000885 	.word	0x08000885
 8000b64:	200009d8 	.word	0x200009d8
 8000b68:	08008e50 	.word	0x08008e50
 8000b6c:	08000845 	.word	0x08000845
 8000b70:	20000990 	.word	0x20000990

08000b74 <HAL_UARTEx_RxEventCallback>:
}

// This callback triggers automatically when the ELRS receiver stops transmitting data frames
void HAL_UARTEx_RxEventCallback(UART_HandleTypeDef *huart, uint16_t Size)
{
    if (huart->Instance == USART1) {
 8000b74:	6802      	ldr	r2, [r0, #0]
 8000b76:	4b03      	ldr	r3, [pc, #12]	@ (8000b84 <HAL_UARTEx_RxEventCallback+0x10>)
 8000b78:	429a      	cmp	r2, r3
 8000b7a:	d000      	beq.n	8000b7e <HAL_UARTEx_RxEventCallback+0xa>
        uart_rx_flag = Size; // Store the exact packet size received
    }
}
 8000b7c:	4770      	bx	lr
        uart_rx_flag = Size; // Store the exact packet size received
 8000b7e:	4b02      	ldr	r3, [pc, #8]	@ (8000b88 <HAL_UARTEx_RxEventCallback+0x14>)
 8000b80:	8019      	strh	r1, [r3, #0]
}
 8000b82:	e7fb      	b.n	8000b7c <HAL_UARTEx_RxEventCallback+0x8>
 8000b84:	40011000 	.word	0x40011000
 8000b88:	20000994 	.word	0x20000994

08000b8c <MX_GPIO_Init>:
        * EXTI
        * Free pins are configured automatically as Analog (this feature is enabled through
        * the Code Generation settings)
*/
void MX_GPIO_Init(void)
{
 8000b8c:	b5f0      	push	{r4, r5, r6, r7, lr}
 8000b8e:	b08b      	sub	sp, #44	@ 0x2c

  GPIO_InitTypeDef GPIO_InitStruct = {0};
 8000b90:	ad05      	add	r5, sp, #20
 8000b92:	2400      	movs	r4, #0
 8000b94:	9405      	str	r4, [sp, #20]
 8000b96:	9406      	str	r4, [sp, #24]
 8000b98:	9407      	str	r4, [sp, #28]
 8000b9a:	9408      	str	r4, [sp, #32]
 8000b9c:	9409      	str	r4, [sp, #36]	@ 0x24

  /* GPIO Ports Clock Enable */
  __HAL_RCC_GPIOC_CLK_ENABLE();
 8000b9e:	9400      	str	r4, [sp, #0]
 8000ba0:	4b34      	ldr	r3, [pc, #208]	@ (8000c74 <MX_GPIO_Init+0xe8>)
 8000ba2:	6b1a      	ldr	r2, [r3, #48]	@ 0x30
 8000ba4:	f042 0204 	orr.w	r2, r2, #4
 8000ba8:	631a      	str	r2, [r3, #48]	@ 0x30
 8000baa:	6b1a      	ldr	r2, [r3, #48]	@ 0x30
 8000bac:	f002 0204 	and.w	r2, r2, #4
 8000bb0:	9200      	str	r2, [sp, #0]
 8000bb2:	9a00      	ldr	r2, [sp, #0]
  __HAL_RCC_GPIOH_CLK_ENABLE();
 8000bb4:	9401      	str	r4, [sp, #4]
 8000bb6:	6b1a      	ldr	r2, [r3, #48]	@ 0x30
 8000bb8:	f042 0280 	orr.w	r2, r2, #128	@ 0x80
 8000bbc:	631a      	str	r2, [r3, #48]	@ 0x30
 8000bbe:	6b1a      	ldr	r2, [r3, #48]	@ 0x30
 8000bc0:	f002 0280 	and.w	r2, r2, #128	@ 0x80
 8000bc4:	9201      	str	r2, [sp, #4]
 8000bc6:	9a01      	ldr	r2, [sp, #4]
  __HAL_RCC_GPIOA_CLK_ENABLE();
 8000bc8:	9402      	str	r4, [sp, #8]
 8000bca:	6b1a      	ldr	r2, [r3, #48]	@ 0x30
 8000bcc:	f042 0201 	orr.w	r2, r2, #1
 8000bd0:	631a      	str	r2, [r3, #48]	@ 0x30
 8000bd2:	6b1a      	ldr	r2, [r3, #48]	@ 0x30
 8000bd4:	f002 0201 	and.w	r2, r2, #1
 8000bd8:	9202      	str	r2, [sp, #8]
 8000bda:	9a02      	ldr	r2, [sp, #8]
  __HAL_RCC_GPIOB_CLK_ENABLE();
 8000bdc:	9403      	str	r4, [sp, #12]
 8000bde:	6b1a      	ldr	r2, [r3, #48]	@ 0x30
 8000be0:	f042 0202 	orr.w	r2, r2, #2
 8000be4:	631a      	str	r2, [r3, #48]	@ 0x30
 8000be6:	6b1a      	ldr	r2, [r3, #48]	@ 0x30
 8000be8:	f002 0202 	and.w	r2, r2, #2
 8000bec:	9203      	str	r2, [sp, #12]
 8000bee:	9a03      	ldr	r2, [sp, #12]
  __HAL_RCC_GPIOD_CLK_ENABLE();
 8000bf0:	9404      	str	r4, [sp, #16]
 8000bf2:	6b1a      	ldr	r2, [r3, #48]	@ 0x30
 8000bf4:	f042 0208 	orr.w	r2, r2, #8
 8000bf8:	631a      	str	r2, [r3, #48]	@ 0x30
 8000bfa:	6b1b      	ldr	r3, [r3, #48]	@ 0x30
 8000bfc:	f003 0308 	and.w	r3, r3, #8
 8000c00:	9304      	str	r3, [sp, #16]
 8000c02:	9b04      	ldr	r3, [sp, #16]

  /*Configure GPIO pin Output Level */
  HAL_GPIO_WritePin(GPIOC, GPIO_PIN_7|GPIO_PIN_8, GPIO_PIN_RESET);
 8000c04:	4f1c      	ldr	r7, [pc, #112]	@ (8000c78 <MX_GPIO_Init+0xec>)
 8000c06:	4622      	mov	r2, r4
 8000c08:	f44f 71c0 	mov.w	r1, #384	@ 0x180
 8000c0c:	4638      	mov	r0, r7
 8000c0e:	f001 fd91 	bl	8002734 <HAL_GPIO_WritePin>

  /*Configure GPIO pins : PC13 PC14 PC15 PC0
                           PC1 PC2 PC3 PC4
                           PC5 PC6 PC9 PC10
                           PC11 PC12 */
  GPIO_InitStruct.Pin = GPIO_PIN_13|GPIO_PIN_14|GPIO_PIN_15|GPIO_PIN_0
 8000c12:	f64f 637f 	movw	r3, #65151	@ 0xfe7f
 8000c16:	9305      	str	r3, [sp, #20]
                          |GPIO_PIN_1|GPIO_PIN_2|GPIO_PIN_3|GPIO_PIN_4
                          |GPIO_PIN_5|GPIO_PIN_6|GPIO_PIN_9|GPIO_PIN_10
                          |GPIO_PIN_11|GPIO_PIN_12;
  GPIO_InitStruct.Mode = GPIO_MODE_ANALOG;
 8000c18:	2603      	movs	r6, #3
 8000c1a:	9606      	str	r6, [sp, #24]
  GPIO_InitStruct.Pull = GPIO_NOPULL;
 8000c1c:	9407      	str	r4, [sp, #28]
  HAL_GPIO_Init(GPIOC, &GPIO_InitStruct);
 8000c1e:	4629      	mov	r1, r5
 8000c20:	4638      	mov	r0, r7
 8000c22:	f001 fca3 	bl	800256c <HAL_GPIO_Init>

  /*Configure GPIO pins : PA4 PA6 PA7 */
  GPIO_InitStruct.Pin = GPIO_PIN_4|GPIO_PIN_6|GPIO_PIN_7;
 8000c26:	23d0      	movs	r3, #208	@ 0xd0
 8000c28:	9305      	str	r3, [sp, #20]
  GPIO_InitStruct.Mode = GPIO_MODE_ANALOG;
 8000c2a:	9606      	str	r6, [sp, #24]
  GPIO_InitStruct.Pull = GPIO_NOPULL;
 8000c2c:	9407      	str	r4, [sp, #28]
  HAL_GPIO_Init(GPIOA, &GPIO_InitStruct);
 8000c2e:	4629      	mov	r1, r5
 8000c30:	4812      	ldr	r0, [pc, #72]	@ (8000c7c <MX_GPIO_Init+0xf0>)
 8000c32:	f001 fc9b 	bl	800256c <HAL_GPIO_Init>

  /*Configure GPIO pins : PB0 PB1 PB2 PB10
                           PB12 PB13 PB14 PB15
                           PB4 PB5 PB8 PB9 */
  GPIO_InitStruct.Pin = GPIO_PIN_0|GPIO_PIN_1|GPIO_PIN_2|GPIO_PIN_10
 8000c36:	f24f 7337 	movw	r3, #63287	@ 0xf737
 8000c3a:	9305      	str	r3, [sp, #20]
                          |GPIO_PIN_12|GPIO_PIN_13|GPIO_PIN_14|GPIO_PIN_15
                          |GPIO_PIN_4|GPIO_PIN_5|GPIO_PIN_8|GPIO_PIN_9;
  GPIO_InitStruct.Mode = GPIO_MODE_ANALOG;
 8000c3c:	9606      	str	r6, [sp, #24]
  GPIO_InitStruct.Pull = GPIO_NOPULL;
 8000c3e:	9407      	str	r4, [sp, #28]
  HAL_GPIO_Init(GPIOB, &GPIO_InitStruct);
 8000c40:	4629      	mov	r1, r5
 8000c42:	480f      	ldr	r0, [pc, #60]	@ (8000c80 <MX_GPIO_Init+0xf4>)
 8000c44:	f001 fc92 	bl	800256c <HAL_GPIO_Init>

  /*Configure GPIO pins : PC7 PC8 */
  GPIO_InitStruct.Pin = GPIO_PIN_7|GPIO_PIN_8;
 8000c48:	f44f 73c0 	mov.w	r3, #384	@ 0x180
 8000c4c:	9305      	str	r3, [sp, #20]
  GPIO_InitStruct.Mode = GPIO_MODE_OUTPUT_PP;
 8000c4e:	2301      	movs	r3, #1
 8000c50:	9306      	str	r3, [sp, #24]
  GPIO_InitStruct.Pull = GPIO_NOPULL;
 8000c52:	9407      	str	r4, [sp, #28]
  GPIO_InitStruct.Speed = GPIO_SPEED_FREQ_LOW;
 8000c54:	9408      	str	r4, [sp, #32]
  HAL_GPIO_Init(GPIOC, &GPIO_InitStruct);
 8000c56:	4629      	mov	r1, r5
 8000c58:	4638      	mov	r0, r7
 8000c5a:	f001 fc87 	bl	800256c <HAL_GPIO_Init>

  /*Configure GPIO pin : PD2 */
  GPIO_InitStruct.Pin = GPIO_PIN_2;
 8000c5e:	2304      	movs	r3, #4
 8000c60:	9305      	str	r3, [sp, #20]
  GPIO_InitStruct.Mode = GPIO_MODE_ANALOG;
 8000c62:	9606      	str	r6, [sp, #24]
  GPIO_InitStruct.Pull = GPIO_NOPULL;
 8000c64:	9407      	str	r4, [sp, #28]
  HAL_GPIO_Init(GPIOD, &GPIO_InitStruct);
 8000c66:	4629      	mov	r1, r5
 8000c68:	4806      	ldr	r0, [pc, #24]	@ (8000c84 <MX_GPIO_Init+0xf8>)
 8000c6a:	f001 fc7f 	bl	800256c <HAL_GPIO_Init>

}
 8000c6e:	b00b      	add	sp, #44	@ 0x2c
 8000c70:	bdf0      	pop	{r4, r5, r6, r7, pc}
 8000c72:	bf00      	nop
 8000c74:	40023800 	.word	0x40023800
 8000c78:	40020800 	.word	0x40020800
 8000c7c:	40020000 	.word	0x40020000
 8000c80:	40020400 	.word	0x40020400
 8000c84:	40020c00 	.word	0x40020c00

08000c88 <prvHeapInit>:
uint8_t *pucAlignedHeap;
size_t uxAddress;
size_t xTotalHeapSize = configTOTAL_HEAP_SIZE;

	/* Ensure the heap starts on a correctly aligned boundary. */
	uxAddress = ( size_t ) ucHeap;
 8000c88:	4a12      	ldr	r2, [pc, #72]	@ (8000cd4 <prvHeapInit+0x4c>)

	if( ( uxAddress & portBYTE_ALIGNMENT_MASK ) != 0 )
 8000c8a:	f012 0f07 	tst.w	r2, #7
 8000c8e:	d01e      	beq.n	8000cce <prvHeapInit+0x46>
	{
		uxAddress += ( portBYTE_ALIGNMENT - 1 );
 8000c90:	1dd1      	adds	r1, r2, #7
		uxAddress &= ~( ( size_t ) portBYTE_ALIGNMENT_MASK );
 8000c92:	f021 0107 	bic.w	r1, r1, #7
		xTotalHeapSize -= uxAddress - ( size_t ) ucHeap;
 8000c96:	f5c1 5370 	rsb	r3, r1, #15360	@ 0x3c00
 8000c9a:	4413      	add	r3, r2
		uxAddress &= ~( ( size_t ) portBYTE_ALIGNMENT_MASK );
 8000c9c:	460a      	mov	r2, r1

	pucAlignedHeap = ( uint8_t * ) uxAddress;

	/* xStart is used to hold a pointer to the first item in the list of free
	blocks.  The void cast is used to prevent compiler warnings. */
	xStart.pxNextFreeBlock = ( void * ) pucAlignedHeap;
 8000c9e:	480e      	ldr	r0, [pc, #56]	@ (8000cd8 <prvHeapInit+0x50>)
 8000ca0:	6002      	str	r2, [r0, #0]
	xStart.xBlockSize = ( size_t ) 0;
 8000ca2:	2100      	movs	r1, #0
 8000ca4:	6041      	str	r1, [r0, #4]

	/* pxEnd is used to mark the end of the list of free blocks and is inserted
	at the end of the heap space. */
	uxAddress = ( ( size_t ) pucAlignedHeap ) + xTotalHeapSize;
 8000ca6:	4413      	add	r3, r2
	uxAddress -= xHeapStructSize;
 8000ca8:	3b08      	subs	r3, #8
	uxAddress &= ~( ( size_t ) portBYTE_ALIGNMENT_MASK );
 8000caa:	f023 0307 	bic.w	r3, r3, #7
	pxEnd = ( void * ) uxAddress;
 8000cae:	480b      	ldr	r0, [pc, #44]	@ (8000cdc <prvHeapInit+0x54>)
 8000cb0:	6003      	str	r3, [r0, #0]
	pxEnd->xBlockSize = 0;
 8000cb2:	6059      	str	r1, [r3, #4]
	pxEnd->pxNextFreeBlock = NULL;
 8000cb4:	6019      	str	r1, [r3, #0]

	/* To start with there is a single free block that is sized to take up the
	entire heap space, minus the space taken by pxEnd. */
	pxFirstFreeBlock = ( void * ) pucAlignedHeap;
	pxFirstFreeBlock->xBlockSize = uxAddress - ( size_t ) pxFirstFreeBlock;
 8000cb6:	1a99      	subs	r1, r3, r2
 8000cb8:	6051      	str	r1, [r2, #4]
	pxFirstFreeBlock->pxNextFreeBlock = pxEnd;
 8000cba:	6013      	str	r3, [r2, #0]

	/* Only one block exists - and it covers the entire usable heap space. */
	xMinimumEverFreeBytesRemaining = pxFirstFreeBlock->xBlockSize;
 8000cbc:	4b08      	ldr	r3, [pc, #32]	@ (8000ce0 <prvHeapInit+0x58>)
 8000cbe:	6019      	str	r1, [r3, #0]
	xFreeBytesRemaining = pxFirstFreeBlock->xBlockSize;
 8000cc0:	4b08      	ldr	r3, [pc, #32]	@ (8000ce4 <prvHeapInit+0x5c>)
 8000cc2:	6019      	str	r1, [r3, #0]

	/* Work out the position of the top bit in a size_t variable. */
	xBlockAllocatedBit = ( ( size_t ) 1 ) << ( ( sizeof( size_t ) * heapBITS_PER_BYTE ) - 1 );
 8000cc4:	4b08      	ldr	r3, [pc, #32]	@ (8000ce8 <prvHeapInit+0x60>)
 8000cc6:	f04f 4200 	mov.w	r2, #2147483648	@ 0x80000000
 8000cca:	601a      	str	r2, [r3, #0]
}
 8000ccc:	4770      	bx	lr
size_t xTotalHeapSize = configTOTAL_HEAP_SIZE;
 8000cce:	f44f 5370 	mov.w	r3, #15360	@ 0x3c00
 8000cd2:	e7e4      	b.n	8000c9e <prvHeapInit+0x16>
 8000cd4:	200009fc 	.word	0x200009fc
 8000cd8:	200009f4 	.word	0x200009f4
 8000cdc:	200009f0 	.word	0x200009f0
 8000ce0:	200009e8 	.word	0x200009e8
 8000ce4:	200009ec 	.word	0x200009ec
 8000ce8:	200009dc 	.word	0x200009dc

08000cec <prvInsertBlockIntoFreeList>:
BlockLink_t *pxIterator;
uint8_t *puc;

	/* Iterate through the list until a block is found that has a higher address
	than the block being inserted. */
	for( pxIterator = &xStart; pxIterator->pxNextFreeBlock < pxBlockToInsert; pxIterator = pxIterator->pxNextFreeBlock )
 8000cec:	4b16      	ldr	r3, [pc, #88]	@ (8000d48 <prvInsertBlockIntoFreeList+0x5c>)
 8000cee:	461a      	mov	r2, r3
 8000cf0:	681b      	ldr	r3, [r3, #0]
 8000cf2:	4283      	cmp	r3, r0
 8000cf4:	d3fb      	bcc.n	8000cee <prvInsertBlockIntoFreeList+0x2>
	}

	/* Do the block being inserted, and the block it is being inserted after
	make a contiguous block of memory? */
	puc = ( uint8_t * ) pxIterator;
	if( ( puc + pxIterator->xBlockSize ) == ( uint8_t * ) pxBlockToInsert )
 8000cf6:	6851      	ldr	r1, [r2, #4]
 8000cf8:	eb02 0c01 	add.w	ip, r2, r1
 8000cfc:	4584      	cmp	ip, r0
 8000cfe:	d009      	beq.n	8000d14 <prvInsertBlockIntoFreeList+0x28>
	}

	/* Do the block being inserted, and the block it is being inserted before
	make a contiguous block of memory? */
	puc = ( uint8_t * ) pxBlockToInsert;
	if( ( puc + pxBlockToInsert->xBlockSize ) == ( uint8_t * ) pxIterator->pxNextFreeBlock )
 8000d00:	6841      	ldr	r1, [r0, #4]
 8000d02:	eb00 0c01 	add.w	ip, r0, r1
 8000d06:	4563      	cmp	r3, ip
 8000d08:	d009      	beq.n	8000d1e <prvInsertBlockIntoFreeList+0x32>
			pxBlockToInsert->pxNextFreeBlock = pxEnd;
		}
	}
	else
	{
		pxBlockToInsert->pxNextFreeBlock = pxIterator->pxNextFreeBlock;
 8000d0a:	6003      	str	r3, [r0, #0]

	/* If the block being inserted plugged a gab, so was merged with the block
	before and the block after, then it's pxNextFreeBlock pointer will have
	already been set, and should not be set here as that would make it point
	to itself. */
	if( pxIterator != pxBlockToInsert )
 8000d0c:	4290      	cmp	r0, r2
 8000d0e:	d019      	beq.n	8000d44 <prvInsertBlockIntoFreeList+0x58>
	{
		pxIterator->pxNextFreeBlock = pxBlockToInsert;
 8000d10:	6010      	str	r0, [r2, #0]
	}
	else
	{
		mtCOVERAGE_TEST_MARKER();
 8000d12:	4770      	bx	lr
		pxIterator->xBlockSize += pxBlockToInsert->xBlockSize;
 8000d14:	6840      	ldr	r0, [r0, #4]
 8000d16:	4401      	add	r1, r0
 8000d18:	6051      	str	r1, [r2, #4]
		pxBlockToInsert = pxIterator;
 8000d1a:	4610      	mov	r0, r2
 8000d1c:	e7f0      	b.n	8000d00 <prvInsertBlockIntoFreeList+0x14>
{
 8000d1e:	b410      	push	{r4}
		if( pxIterator->pxNextFreeBlock != pxEnd )
 8000d20:	4c0a      	ldr	r4, [pc, #40]	@ (8000d4c <prvInsertBlockIntoFreeList+0x60>)
 8000d22:	6824      	ldr	r4, [r4, #0]
 8000d24:	42a3      	cmp	r3, r4
 8000d26:	d00b      	beq.n	8000d40 <prvInsertBlockIntoFreeList+0x54>
			pxBlockToInsert->xBlockSize += pxIterator->pxNextFreeBlock->xBlockSize;
 8000d28:	685b      	ldr	r3, [r3, #4]
 8000d2a:	4419      	add	r1, r3
 8000d2c:	6041      	str	r1, [r0, #4]
			pxBlockToInsert->pxNextFreeBlock = pxIterator->pxNextFreeBlock->pxNextFreeBlock;
 8000d2e:	6813      	ldr	r3, [r2, #0]
 8000d30:	681b      	ldr	r3, [r3, #0]
 8000d32:	6003      	str	r3, [r0, #0]
	if( pxIterator != pxBlockToInsert )
 8000d34:	4290      	cmp	r0, r2
 8000d36:	d000      	beq.n	8000d3a <prvInsertBlockIntoFreeList+0x4e>
		pxIterator->pxNextFreeBlock = pxBlockToInsert;
 8000d38:	6010      	str	r0, [r2, #0]
	}
}
 8000d3a:	f85d 4b04 	ldr.w	r4, [sp], #4
 8000d3e:	4770      	bx	lr
			pxBlockToInsert->pxNextFreeBlock = pxEnd;
 8000d40:	6004      	str	r4, [r0, #0]
 8000d42:	e7f7      	b.n	8000d34 <prvInsertBlockIntoFreeList+0x48>
 8000d44:	4770      	bx	lr
 8000d46:	bf00      	nop
 8000d48:	200009f4 	.word	0x200009f4
 8000d4c:	200009f0 	.word	0x200009f0

08000d50 <pvPortMalloc>:
{
 8000d50:	b538      	push	{r3, r4, r5, lr}
 8000d52:	4604      	mov	r4, r0
	vTaskSuspendAll();
 8000d54:	f004 ff34 	bl	8005bc0 <vTaskSuspendAll>
		if( pxEnd == NULL )
 8000d58:	4b38      	ldr	r3, [pc, #224]	@ (8000e3c <pvPortMalloc+0xec>)
 8000d5a:	681b      	ldr	r3, [r3, #0]
 8000d5c:	b1b3      	cbz	r3, 8000d8c <pvPortMalloc+0x3c>
		if( ( xWantedSize & xBlockAllocatedBit ) == 0 )
 8000d5e:	4b38      	ldr	r3, [pc, #224]	@ (8000e40 <pvPortMalloc+0xf0>)
 8000d60:	681b      	ldr	r3, [r3, #0]
 8000d62:	421c      	tst	r4, r3
 8000d64:	d150      	bne.n	8000e08 <pvPortMalloc+0xb8>
			if( xWantedSize > 0 )
 8000d66:	2c00      	cmp	r4, #0
 8000d68:	d050      	beq.n	8000e0c <pvPortMalloc+0xbc>
				xWantedSize += xHeapStructSize;
 8000d6a:	f104 0208 	add.w	r2, r4, #8
				if( ( xWantedSize & portBYTE_ALIGNMENT_MASK ) != 0x00 )
 8000d6e:	f014 0f07 	tst.w	r4, #7
 8000d72:	d002      	beq.n	8000d7a <pvPortMalloc+0x2a>
					xWantedSize += ( portBYTE_ALIGNMENT - ( xWantedSize & portBYTE_ALIGNMENT_MASK ) );
 8000d74:	f022 0207 	bic.w	r2, r2, #7
 8000d78:	3208      	adds	r2, #8
			if( ( xWantedSize > 0 ) && ( xWantedSize <= xFreeBytesRemaining ) )
 8000d7a:	2a00      	cmp	r2, #0
 8000d7c:	d055      	beq.n	8000e2a <pvPortMalloc+0xda>
 8000d7e:	4b31      	ldr	r3, [pc, #196]	@ (8000e44 <pvPortMalloc+0xf4>)
 8000d80:	681b      	ldr	r3, [r3, #0]
 8000d82:	4293      	cmp	r3, r2
 8000d84:	d353      	bcc.n	8000e2e <pvPortMalloc+0xde>
				pxBlock = xStart.pxNextFreeBlock;
 8000d86:	4930      	ldr	r1, [pc, #192]	@ (8000e48 <pvPortMalloc+0xf8>)
 8000d88:	680c      	ldr	r4, [r1, #0]
				while( ( pxBlock->xBlockSize < xWantedSize ) && ( pxBlock->pxNextFreeBlock != NULL ) )
 8000d8a:	e004      	b.n	8000d96 <pvPortMalloc+0x46>
			prvHeapInit();
 8000d8c:	f7ff ff7c 	bl	8000c88 <prvHeapInit>
 8000d90:	e7e5      	b.n	8000d5e <pvPortMalloc+0xe>
					pxPreviousBlock = pxBlock;
 8000d92:	4621      	mov	r1, r4
					pxBlock = pxBlock->pxNextFreeBlock;
 8000d94:	461c      	mov	r4, r3
				while( ( pxBlock->xBlockSize < xWantedSize ) && ( pxBlock->pxNextFreeBlock != NULL ) )
 8000d96:	6863      	ldr	r3, [r4, #4]
 8000d98:	4293      	cmp	r3, r2
 8000d9a:	d202      	bcs.n	8000da2 <pvPortMalloc+0x52>
 8000d9c:	6823      	ldr	r3, [r4, #0]
 8000d9e:	2b00      	cmp	r3, #0
 8000da0:	d1f7      	bne.n	8000d92 <pvPortMalloc+0x42>
				if( pxBlock != pxEnd )
 8000da2:	4b26      	ldr	r3, [pc, #152]	@ (8000e3c <pvPortMalloc+0xec>)
 8000da4:	681b      	ldr	r3, [r3, #0]
 8000da6:	42a3      	cmp	r3, r4
 8000da8:	d043      	beq.n	8000e32 <pvPortMalloc+0xe2>
					pvReturn = ( void * ) ( ( ( uint8_t * ) pxPreviousBlock->pxNextFreeBlock ) + xHeapStructSize );
 8000daa:	680d      	ldr	r5, [r1, #0]
 8000dac:	3508      	adds	r5, #8
					pxPreviousBlock->pxNextFreeBlock = pxBlock->pxNextFreeBlock;
 8000dae:	6823      	ldr	r3, [r4, #0]
 8000db0:	600b      	str	r3, [r1, #0]
					if( ( pxBlock->xBlockSize - xWantedSize ) > heapMINIMUM_BLOCK_SIZE )
 8000db2:	6863      	ldr	r3, [r4, #4]
 8000db4:	1a9b      	subs	r3, r3, r2
 8000db6:	2b10      	cmp	r3, #16
 8000db8:	d910      	bls.n	8000ddc <pvPortMalloc+0x8c>
						pxNewBlockLink = ( void * ) ( ( ( uint8_t * ) pxBlock ) + xWantedSize );
 8000dba:	18a0      	adds	r0, r4, r2
						configASSERT( ( ( ( size_t ) pxNewBlockLink ) & portBYTE_ALIGNMENT_MASK ) == 0 );
 8000dbc:	f010 0f07 	tst.w	r0, #7
 8000dc0:	d008      	beq.n	8000dd4 <pvPortMalloc+0x84>

portFORCE_INLINE static void vPortRaiseBASEPRI( void )
{
uint32_t ulNewBASEPRI;

	__asm volatile
 8000dc2:	f04f 0350 	mov.w	r3, #80	@ 0x50
 8000dc6:	f383 8811 	msr	BASEPRI, r3
 8000dca:	f3bf 8f6f 	isb	sy
 8000dce:	f3bf 8f4f 	dsb	sy
 8000dd2:	e7fe      	b.n	8000dd2 <pvPortMalloc+0x82>
						pxNewBlockLink->xBlockSize = pxBlock->xBlockSize - xWantedSize;
 8000dd4:	6043      	str	r3, [r0, #4]
						pxBlock->xBlockSize = xWantedSize;
 8000dd6:	6062      	str	r2, [r4, #4]
						prvInsertBlockIntoFreeList( pxNewBlockLink );
 8000dd8:	f7ff ff88 	bl	8000cec <prvInsertBlockIntoFreeList>
					xFreeBytesRemaining -= pxBlock->xBlockSize;
 8000ddc:	6862      	ldr	r2, [r4, #4]
 8000dde:	4919      	ldr	r1, [pc, #100]	@ (8000e44 <pvPortMalloc+0xf4>)
 8000de0:	680b      	ldr	r3, [r1, #0]
 8000de2:	1a9b      	subs	r3, r3, r2
 8000de4:	600b      	str	r3, [r1, #0]
					if( xFreeBytesRemaining < xMinimumEverFreeBytesRemaining )
 8000de6:	4919      	ldr	r1, [pc, #100]	@ (8000e4c <pvPortMalloc+0xfc>)
 8000de8:	6809      	ldr	r1, [r1, #0]
 8000dea:	428b      	cmp	r3, r1
 8000dec:	d201      	bcs.n	8000df2 <pvPortMalloc+0xa2>
						xMinimumEverFreeBytesRemaining = xFreeBytesRemaining;
 8000dee:	4917      	ldr	r1, [pc, #92]	@ (8000e4c <pvPortMalloc+0xfc>)
 8000df0:	600b      	str	r3, [r1, #0]
					pxBlock->xBlockSize |= xBlockAllocatedBit;
 8000df2:	4b13      	ldr	r3, [pc, #76]	@ (8000e40 <pvPortMalloc+0xf0>)
 8000df4:	681b      	ldr	r3, [r3, #0]
 8000df6:	4313      	orrs	r3, r2
 8000df8:	6063      	str	r3, [r4, #4]
					pxBlock->pxNextFreeBlock = NULL;
 8000dfa:	2300      	movs	r3, #0
 8000dfc:	6023      	str	r3, [r4, #0]
					xNumberOfSuccessfulAllocations++;
 8000dfe:	4a14      	ldr	r2, [pc, #80]	@ (8000e50 <pvPortMalloc+0x100>)
 8000e00:	6813      	ldr	r3, [r2, #0]
 8000e02:	3301      	adds	r3, #1
 8000e04:	6013      	str	r3, [r2, #0]
 8000e06:	e002      	b.n	8000e0e <pvPortMalloc+0xbe>
void *pvReturn = NULL;
 8000e08:	2500      	movs	r5, #0
 8000e0a:	e000      	b.n	8000e0e <pvPortMalloc+0xbe>
 8000e0c:	2500      	movs	r5, #0
	( void ) xTaskResumeAll();
 8000e0e:	f004 ff79 	bl	8005d04 <xTaskResumeAll>
	configASSERT( ( ( ( size_t ) pvReturn ) & ( size_t ) portBYTE_ALIGNMENT_MASK ) == 0 );
 8000e12:	f015 0f07 	tst.w	r5, #7
 8000e16:	d00e      	beq.n	8000e36 <pvPortMalloc+0xe6>
 8000e18:	f04f 0350 	mov.w	r3, #80	@ 0x50
 8000e1c:	f383 8811 	msr	BASEPRI, r3
 8000e20:	f3bf 8f6f 	isb	sy
 8000e24:	f3bf 8f4f 	dsb	sy
 8000e28:	e7fe      	b.n	8000e28 <pvPortMalloc+0xd8>
void *pvReturn = NULL;
 8000e2a:	2500      	movs	r5, #0
 8000e2c:	e7ef      	b.n	8000e0e <pvPortMalloc+0xbe>
 8000e2e:	2500      	movs	r5, #0
 8000e30:	e7ed      	b.n	8000e0e <pvPortMalloc+0xbe>
 8000e32:	2500      	movs	r5, #0
 8000e34:	e7eb      	b.n	8000e0e <pvPortMalloc+0xbe>
}
 8000e36:	4628      	mov	r0, r5
 8000e38:	bd38      	pop	{r3, r4, r5, pc}
 8000e3a:	bf00      	nop
 8000e3c:	200009f0 	.word	0x200009f0
 8000e40:	200009dc 	.word	0x200009dc
 8000e44:	200009ec 	.word	0x200009ec
 8000e48:	200009f4 	.word	0x200009f4
 8000e4c:	200009e8 	.word	0x200009e8
 8000e50:	200009e4 	.word	0x200009e4

08000e54 <vPortFree>:
	if( pv != NULL )
 8000e54:	2800      	cmp	r0, #0
 8000e56:	d034      	beq.n	8000ec2 <vPortFree+0x6e>
{
 8000e58:	b538      	push	{r3, r4, r5, lr}
 8000e5a:	4604      	mov	r4, r0
		puc -= xHeapStructSize;
 8000e5c:	f1a0 0508 	sub.w	r5, r0, #8
		configASSERT( ( pxLink->xBlockSize & xBlockAllocatedBit ) != 0 );
 8000e60:	f850 3c04 	ldr.w	r3, [r0, #-4]
 8000e64:	4a17      	ldr	r2, [pc, #92]	@ (8000ec4 <vPortFree+0x70>)
 8000e66:	6812      	ldr	r2, [r2, #0]
 8000e68:	4213      	tst	r3, r2
 8000e6a:	d108      	bne.n	8000e7e <vPortFree+0x2a>
 8000e6c:	f04f 0350 	mov.w	r3, #80	@ 0x50
 8000e70:	f383 8811 	msr	BASEPRI, r3
 8000e74:	f3bf 8f6f 	isb	sy
 8000e78:	f3bf 8f4f 	dsb	sy
 8000e7c:	e7fe      	b.n	8000e7c <vPortFree+0x28>
		configASSERT( pxLink->pxNextFreeBlock == NULL );
 8000e7e:	f850 1c08 	ldr.w	r1, [r0, #-8]
 8000e82:	b141      	cbz	r1, 8000e96 <vPortFree+0x42>
 8000e84:	f04f 0350 	mov.w	r3, #80	@ 0x50
 8000e88:	f383 8811 	msr	BASEPRI, r3
 8000e8c:	f3bf 8f6f 	isb	sy
 8000e90:	f3bf 8f4f 	dsb	sy
 8000e94:	e7fe      	b.n	8000e94 <vPortFree+0x40>
				pxLink->xBlockSize &= ~xBlockAllocatedBit;
 8000e96:	ea23 0302 	bic.w	r3, r3, r2
 8000e9a:	f840 3c04 	str.w	r3, [r0, #-4]
				vTaskSuspendAll();
 8000e9e:	f004 fe8f 	bl	8005bc0 <vTaskSuspendAll>
					xFreeBytesRemaining += pxLink->xBlockSize;
 8000ea2:	f854 1c04 	ldr.w	r1, [r4, #-4]
 8000ea6:	4a08      	ldr	r2, [pc, #32]	@ (8000ec8 <vPortFree+0x74>)
 8000ea8:	6813      	ldr	r3, [r2, #0]
 8000eaa:	440b      	add	r3, r1
 8000eac:	6013      	str	r3, [r2, #0]
					prvInsertBlockIntoFreeList( ( ( BlockLink_t * ) pxLink ) );
 8000eae:	4628      	mov	r0, r5
 8000eb0:	f7ff ff1c 	bl	8000cec <prvInsertBlockIntoFreeList>
					xNumberOfSuccessfulFrees++;
 8000eb4:	4a05      	ldr	r2, [pc, #20]	@ (8000ecc <vPortFree+0x78>)
 8000eb6:	6813      	ldr	r3, [r2, #0]
 8000eb8:	3301      	adds	r3, #1
 8000eba:	6013      	str	r3, [r2, #0]
				( void ) xTaskResumeAll();
 8000ebc:	f004 ff22 	bl	8005d04 <xTaskResumeAll>
}
 8000ec0:	bd38      	pop	{r3, r4, r5, pc}
 8000ec2:	4770      	bx	lr
 8000ec4:	200009dc 	.word	0x200009dc
 8000ec8:	200009ec 	.word	0x200009ec
 8000ecc:	200009e0 	.word	0x200009e0

08000ed0 <MX_I2C1_Init>:

I2C_HandleTypeDef hi2c1;

/* I2C1 init function */
void MX_I2C1_Init(void)
{
 8000ed0:	b508      	push	{r3, lr}
  /* USER CODE END I2C1_Init 0 */

  /* USER CODE BEGIN I2C1_Init 1 */

  /* USER CODE END I2C1_Init 1 */
  hi2c1.Instance = I2C1;
 8000ed2:	480b      	ldr	r0, [pc, #44]	@ (8000f00 <MX_I2C1_Init+0x30>)
 8000ed4:	4b0b      	ldr	r3, [pc, #44]	@ (8000f04 <MX_I2C1_Init+0x34>)
 8000ed6:	6003      	str	r3, [r0, #0]
  hi2c1.Init.ClockSpeed = 100000;
 8000ed8:	4b0b      	ldr	r3, [pc, #44]	@ (8000f08 <MX_I2C1_Init+0x38>)
 8000eda:	6043      	str	r3, [r0, #4]
  hi2c1.Init.DutyCycle = I2C_DUTYCYCLE_2;
 8000edc:	2300      	movs	r3, #0
 8000ede:	6083      	str	r3, [r0, #8]
  hi2c1.Init.OwnAddress1 = 0;
 8000ee0:	60c3      	str	r3, [r0, #12]
  hi2c1.Init.AddressingMode = I2C_ADDRESSINGMODE_7BIT;
 8000ee2:	f44f 4280 	mov.w	r2, #16384	@ 0x4000
 8000ee6:	6102      	str	r2, [r0, #16]
  hi2c1.Init.DualAddressMode = I2C_DUALADDRESS_DISABLE;
 8000ee8:	6143      	str	r3, [r0, #20]
  hi2c1.Init.OwnAddress2 = 0;
 8000eea:	6183      	str	r3, [r0, #24]
  hi2c1.Init.GeneralCallMode = I2C_GENERALCALL_DISABLE;
 8000eec:	61c3      	str	r3, [r0, #28]
  hi2c1.Init.NoStretchMode = I2C_NOSTRETCH_DISABLE;
 8000eee:	6203      	str	r3, [r0, #32]
  if (HAL_I2C_Init(&hi2c1) != HAL_OK)
 8000ef0:	f001 fc30 	bl	8002754 <HAL_I2C_Init>
 8000ef4:	b900      	cbnz	r0, 8000ef8 <MX_I2C1_Init+0x28>
  }
  /* USER CODE BEGIN I2C1_Init 2 */

  /* USER CODE END I2C1_Init 2 */

}
 8000ef6:	bd08      	pop	{r3, pc}
    Error_Handler();
 8000ef8:	f000 f885 	bl	8001006 <Error_Handler>
}
 8000efc:	e7fb      	b.n	8000ef6 <MX_I2C1_Init+0x26>
 8000efe:	bf00      	nop
 8000f00:	200045fc 	.word	0x200045fc
 8000f04:	40005400 	.word	0x40005400
 8000f08:	000186a0 	.word	0x000186a0

08000f0c <HAL_I2C_MspInit>:

void HAL_I2C_MspInit(I2C_HandleTypeDef* i2cHandle)
{
 8000f0c:	b530      	push	{r4, r5, lr}
 8000f0e:	b089      	sub	sp, #36	@ 0x24

  GPIO_InitTypeDef GPIO_InitStruct = {0};
 8000f10:	2300      	movs	r3, #0
 8000f12:	9303      	str	r3, [sp, #12]
 8000f14:	9304      	str	r3, [sp, #16]
 8000f16:	9305      	str	r3, [sp, #20]
 8000f18:	9306      	str	r3, [sp, #24]
 8000f1a:	9307      	str	r3, [sp, #28]
  if(i2cHandle->Instance==I2C1)
 8000f1c:	6802      	ldr	r2, [r0, #0]
 8000f1e:	4b14      	ldr	r3, [pc, #80]	@ (8000f70 <HAL_I2C_MspInit+0x64>)
 8000f20:	429a      	cmp	r2, r3
 8000f22:	d001      	beq.n	8000f28 <HAL_I2C_MspInit+0x1c>
    __HAL_RCC_I2C1_CLK_ENABLE();
  /* USER CODE BEGIN I2C1_MspInit 1 */

  /* USER CODE END I2C1_MspInit 1 */
  }
}
 8000f24:	b009      	add	sp, #36	@ 0x24
 8000f26:	bd30      	pop	{r4, r5, pc}
    __HAL_RCC_GPIOB_CLK_ENABLE();
 8000f28:	2500      	movs	r5, #0
 8000f2a:	9501      	str	r5, [sp, #4]
 8000f2c:	4c11      	ldr	r4, [pc, #68]	@ (8000f74 <HAL_I2C_MspInit+0x68>)
 8000f2e:	6b23      	ldr	r3, [r4, #48]	@ 0x30
 8000f30:	f043 0302 	orr.w	r3, r3, #2
 8000f34:	6323      	str	r3, [r4, #48]	@ 0x30
 8000f36:	6b23      	ldr	r3, [r4, #48]	@ 0x30
 8000f38:	f003 0302 	and.w	r3, r3, #2
 8000f3c:	9301      	str	r3, [sp, #4]
 8000f3e:	9b01      	ldr	r3, [sp, #4]
    GPIO_InitStruct.Pin = GPIO_PIN_6|GPIO_PIN_7;
 8000f40:	23c0      	movs	r3, #192	@ 0xc0
 8000f42:	9303      	str	r3, [sp, #12]
    GPIO_InitStruct.Mode = GPIO_MODE_AF_OD;
 8000f44:	2312      	movs	r3, #18
 8000f46:	9304      	str	r3, [sp, #16]
    GPIO_InitStruct.Speed = GPIO_SPEED_FREQ_VERY_HIGH;
 8000f48:	2303      	movs	r3, #3
 8000f4a:	9306      	str	r3, [sp, #24]
    GPIO_InitStruct.Alternate = GPIO_AF4_I2C1;
 8000f4c:	2304      	movs	r3, #4
 8000f4e:	9307      	str	r3, [sp, #28]
    HAL_GPIO_Init(GPIOB, &GPIO_InitStruct);
 8000f50:	a903      	add	r1, sp, #12
 8000f52:	4809      	ldr	r0, [pc, #36]	@ (8000f78 <HAL_I2C_MspInit+0x6c>)
 8000f54:	f001 fb0a 	bl	800256c <HAL_GPIO_Init>
    __HAL_RCC_I2C1_CLK_ENABLE();
 8000f58:	9502      	str	r5, [sp, #8]
 8000f5a:	6c23      	ldr	r3, [r4, #64]	@ 0x40
 8000f5c:	f443 1300 	orr.w	r3, r3, #2097152	@ 0x200000
 8000f60:	6423      	str	r3, [r4, #64]	@ 0x40
 8000f62:	6c23      	ldr	r3, [r4, #64]	@ 0x40
 8000f64:	f403 1300 	and.w	r3, r3, #2097152	@ 0x200000
 8000f68:	9302      	str	r3, [sp, #8]
 8000f6a:	9b02      	ldr	r3, [sp, #8]
}
 8000f6c:	e7da      	b.n	8000f24 <HAL_I2C_MspInit+0x18>
 8000f6e:	bf00      	nop
 8000f70:	40005400 	.word	0x40005400
 8000f74:	40023800 	.word	0x40023800
 8000f78:	40020400 	.word	0x40020400

08000f7c <vListInitialise>:
void vListInitialise( List_t * const pxList )
{
	/* The list structure contains a list item which is used to mark the
	end of the list.  To initialise the list the list end is inserted
	as the only list entry. */
	pxList->pxIndex = ( ListItem_t * ) &( pxList->xListEnd );			/*lint !e826 !e740 !e9087 The mini list structure is used as the list end to save RAM.  This is checked and valid. */
 8000f7c:	f100 0308 	add.w	r3, r0, #8
 8000f80:	6043      	str	r3, [r0, #4]

	/* The list end value is the highest possible value in the list to
	ensure it remains at the end of the list. */
	pxList->xListEnd.xItemValue = portMAX_DELAY;
 8000f82:	f04f 32ff 	mov.w	r2, #4294967295	@ 0xffffffff
 8000f86:	6082      	str	r2, [r0, #8]

	/* The list end next and previous pointers point to itself so we know
	when the list is empty. */
	pxList->xListEnd.pxNext = ( ListItem_t * ) &( pxList->xListEnd );	/*lint !e826 !e740 !e9087 The mini list structure is used as the list end to save RAM.  This is checked and valid. */
 8000f88:	60c3      	str	r3, [r0, #12]
	pxList->xListEnd.pxPrevious = ( ListItem_t * ) &( pxList->xListEnd );/*lint !e826 !e740 !e9087 The mini list structure is used as the list end to save RAM.  This is checked and valid. */
 8000f8a:	6103      	str	r3, [r0, #16]

	pxList->uxNumberOfItems = ( UBaseType_t ) 0U;
 8000f8c:	2300      	movs	r3, #0
 8000f8e:	6003      	str	r3, [r0, #0]

	/* Write known values into the list if
	configUSE_LIST_DATA_INTEGRITY_CHECK_BYTES is set to 1. */
	listSET_LIST_INTEGRITY_CHECK_1_VALUE( pxList );
	listSET_LIST_INTEGRITY_CHECK_2_VALUE( pxList );
}
 8000f90:	4770      	bx	lr

08000f92 <vListInitialiseItem>:
/*-----------------------------------------------------------*/

void vListInitialiseItem( ListItem_t * const pxItem )
{
	/* Make sure the list item is not recorded as being on a list. */
	pxItem->pxContainer = NULL;
 8000f92:	2300      	movs	r3, #0
 8000f94:	6103      	str	r3, [r0, #16]

	/* Write known values into the list item if
	configUSE_LIST_DATA_INTEGRITY_CHECK_BYTES is set to 1. */
	listSET_FIRST_LIST_ITEM_INTEGRITY_CHECK_VALUE( pxItem );
	listSET_SECOND_LIST_ITEM_INTEGRITY_CHECK_VALUE( pxItem );
}
 8000f96:	4770      	bx	lr

08000f98 <vListInsertEnd>:
/*-----------------------------------------------------------*/

void vListInsertEnd( List_t * const pxList, ListItem_t * const pxNewListItem )
{
ListItem_t * const pxIndex = pxList->pxIndex;
 8000f98:	6843      	ldr	r3, [r0, #4]
	listTEST_LIST_ITEM_INTEGRITY( pxNewListItem );

	/* Insert a new list item into pxList, but rather than sort the list,
	makes the new list item the last item to be removed by a call to
	listGET_OWNER_OF_NEXT_ENTRY(). */
	pxNewListItem->pxNext = pxIndex;
 8000f9a:	604b      	str	r3, [r1, #4]
	pxNewListItem->pxPrevious = pxIndex->pxPrevious;
 8000f9c:	689a      	ldr	r2, [r3, #8]
 8000f9e:	608a      	str	r2, [r1, #8]

	/* Only used during decision coverage testing. */
	mtCOVERAGE_TEST_DELAY();

	pxIndex->pxPrevious->pxNext = pxNewListItem;
 8000fa0:	6051      	str	r1, [r2, #4]
	pxIndex->pxPrevious = pxNewListItem;
 8000fa2:	6099      	str	r1, [r3, #8]

	/* Remember which list the item is in. */
	pxNewListItem->pxContainer = pxList;
 8000fa4:	6108      	str	r0, [r1, #16]

	( pxList->uxNumberOfItems )++;
 8000fa6:	6803      	ldr	r3, [r0, #0]
 8000fa8:	3301      	adds	r3, #1
 8000faa:	6003      	str	r3, [r0, #0]
}
 8000fac:	4770      	bx	lr

08000fae <vListInsert>:
/*-----------------------------------------------------------*/

void vListInsert( List_t * const pxList, ListItem_t * const pxNewListItem )
{
 8000fae:	b430      	push	{r4, r5}
ListItem_t *pxIterator;
const TickType_t xValueOfInsertion = pxNewListItem->xItemValue;
 8000fb0:	680d      	ldr	r5, [r1, #0]
	new list item should be placed after it.  This ensures that TCBs which are
	stored in ready lists (all of which have the same xItemValue value) get a
	share of the CPU.  However, if the xItemValue is the same as the back marker
	the iteration loop below will not end.  Therefore the value is checked
	first, and the algorithm slightly modified if necessary. */
	if( xValueOfInsertion == portMAX_DELAY )
 8000fb2:	f1b5 3fff 	cmp.w	r5, #4294967295	@ 0xffffffff
 8000fb6:	d011      	beq.n	8000fdc <vListInsert+0x2e>
			4) Using a queue or semaphore before it has been initialised or
			   before the scheduler has been started (are interrupts firing
			   before vTaskStartScheduler() has been called?).
		**********************************************************************/

		for( pxIterator = ( ListItem_t * ) &( pxList->xListEnd ); pxIterator->pxNext->xItemValue <= xValueOfInsertion; pxIterator = pxIterator->pxNext ) /*lint !e826 !e740 !e9087 The mini list structure is used as the list end to save RAM.  This is checked and valid. *//*lint !e440 The iterator moves to a different value, not xValueOfInsertion. */
 8000fb8:	f100 0308 	add.w	r3, r0, #8
 8000fbc:	461c      	mov	r4, r3
 8000fbe:	685b      	ldr	r3, [r3, #4]
 8000fc0:	681a      	ldr	r2, [r3, #0]
 8000fc2:	42aa      	cmp	r2, r5
 8000fc4:	d9fa      	bls.n	8000fbc <vListInsert+0xe>
			/* There is nothing to do here, just iterating to the wanted
			insertion position. */
		}
	}

	pxNewListItem->pxNext = pxIterator->pxNext;
 8000fc6:	6863      	ldr	r3, [r4, #4]
 8000fc8:	604b      	str	r3, [r1, #4]
	pxNewListItem->pxNext->pxPrevious = pxNewListItem;
 8000fca:	6099      	str	r1, [r3, #8]
	pxNewListItem->pxPrevious = pxIterator;
 8000fcc:	608c      	str	r4, [r1, #8]
	pxIterator->pxNext = pxNewListItem;
 8000fce:	6061      	str	r1, [r4, #4]

	/* Remember which list the item is in.  This allows fast removal of the
	item later. */
	pxNewListItem->pxContainer = pxList;
 8000fd0:	6108      	str	r0, [r1, #16]

	( pxList->uxNumberOfItems )++;
 8000fd2:	6803      	ldr	r3, [r0, #0]
 8000fd4:	3301      	adds	r3, #1
 8000fd6:	6003      	str	r3, [r0, #0]
}
 8000fd8:	bc30      	pop	{r4, r5}
 8000fda:	4770      	bx	lr
		pxIterator = pxList->xListEnd.pxPrevious;
 8000fdc:	6904      	ldr	r4, [r0, #16]
 8000fde:	e7f2      	b.n	8000fc6 <vListInsert+0x18>

08000fe0 <uxListRemove>:

UBaseType_t uxListRemove( ListItem_t * const pxItemToRemove )
{
/* The list item knows which list it is in.  Obtain the list from the list
item. */
List_t * const pxList = pxItemToRemove->pxContainer;
 8000fe0:	6903      	ldr	r3, [r0, #16]

	pxItemToRemove->pxNext->pxPrevious = pxItemToRemove->pxPrevious;
 8000fe2:	6841      	ldr	r1, [r0, #4]
 8000fe4:	6882      	ldr	r2, [r0, #8]
 8000fe6:	608a      	str	r2, [r1, #8]
	pxItemToRemove->pxPrevious->pxNext = pxItemToRemove->pxNext;
 8000fe8:	6841      	ldr	r1, [r0, #4]
 8000fea:	6051      	str	r1, [r2, #4]

	/* Only used during decision coverage testing. */
	mtCOVERAGE_TEST_DELAY();

	/* Make sure the index is left pointing to a valid item. */
	if( pxList->pxIndex == pxItemToRemove )
 8000fec:	685a      	ldr	r2, [r3, #4]
 8000fee:	4282      	cmp	r2, r0
 8000ff0:	d006      	beq.n	8001000 <uxListRemove+0x20>
	else
	{
		mtCOVERAGE_TEST_MARKER();
	}

	pxItemToRemove->pxContainer = NULL;
 8000ff2:	2200      	movs	r2, #0
 8000ff4:	6102      	str	r2, [r0, #16]
	( pxList->uxNumberOfItems )--;
 8000ff6:	681a      	ldr	r2, [r3, #0]
 8000ff8:	3a01      	subs	r2, #1
 8000ffa:	601a      	str	r2, [r3, #0]

	return pxList->uxNumberOfItems;
 8000ffc:	6818      	ldr	r0, [r3, #0]
}
 8000ffe:	4770      	bx	lr
		pxList->pxIndex = pxItemToRemove->pxPrevious;
 8001000:	6882      	ldr	r2, [r0, #8]
 8001002:	605a      	str	r2, [r3, #4]
 8001004:	e7f5      	b.n	8000ff2 <uxListRemove+0x12>

08001006 <Error_Handler>:
  __ASM volatile ("cpsid i" : : : "memory");
 8001006:	b672      	cpsid	i
void Error_Handler(void)
{
  /* USER CODE BEGIN Error_Handler_Debug */
  /* User can add his own implementation to report the HAL error return state */
  __disable_irq();
  while (1)
 8001008:	e7fe      	b.n	8001008 <Error_Handler+0x2>
	...

0800100c <SystemClock_Config>:
{
 800100c:	b510      	push	{r4, lr}
 800100e:	b094      	sub	sp, #80	@ 0x50
  RCC_OscInitTypeDef RCC_OscInitStruct = {0};
 8001010:	ac08      	add	r4, sp, #32
 8001012:	2230      	movs	r2, #48	@ 0x30
 8001014:	2100      	movs	r1, #0
 8001016:	4620      	mov	r0, r4
 8001018:	f006 fff4 	bl	8008004 <memset>
  RCC_ClkInitTypeDef RCC_ClkInitStruct = {0};
 800101c:	2300      	movs	r3, #0
 800101e:	9303      	str	r3, [sp, #12]
 8001020:	9304      	str	r3, [sp, #16]
 8001022:	9305      	str	r3, [sp, #20]
 8001024:	9306      	str	r3, [sp, #24]
 8001026:	9307      	str	r3, [sp, #28]
  __HAL_RCC_PWR_CLK_ENABLE();
 8001028:	9301      	str	r3, [sp, #4]
 800102a:	4a1f      	ldr	r2, [pc, #124]	@ (80010a8 <SystemClock_Config+0x9c>)
 800102c:	6c11      	ldr	r1, [r2, #64]	@ 0x40
 800102e:	f041 5180 	orr.w	r1, r1, #268435456	@ 0x10000000
 8001032:	6411      	str	r1, [r2, #64]	@ 0x40
 8001034:	6c12      	ldr	r2, [r2, #64]	@ 0x40
 8001036:	f002 5280 	and.w	r2, r2, #268435456	@ 0x10000000
 800103a:	9201      	str	r2, [sp, #4]
 800103c:	9a01      	ldr	r2, [sp, #4]
  __HAL_PWR_VOLTAGESCALING_CONFIG(PWR_REGULATOR_VOLTAGE_SCALE1);
 800103e:	9302      	str	r3, [sp, #8]
 8001040:	4b1a      	ldr	r3, [pc, #104]	@ (80010ac <SystemClock_Config+0xa0>)
 8001042:	681a      	ldr	r2, [r3, #0]
 8001044:	f442 4240 	orr.w	r2, r2, #49152	@ 0xc000
 8001048:	601a      	str	r2, [r3, #0]
 800104a:	681b      	ldr	r3, [r3, #0]
 800104c:	f403 4340 	and.w	r3, r3, #49152	@ 0xc000
 8001050:	9302      	str	r3, [sp, #8]
 8001052:	9b02      	ldr	r3, [sp, #8]
  RCC_OscInitStruct.OscillatorType = RCC_OSCILLATORTYPE_HSE;
 8001054:	2301      	movs	r3, #1
 8001056:	9308      	str	r3, [sp, #32]
  RCC_OscInitStruct.HSEState = RCC_HSE_ON;
 8001058:	f44f 3380 	mov.w	r3, #65536	@ 0x10000
 800105c:	9309      	str	r3, [sp, #36]	@ 0x24
  RCC_OscInitStruct.PLL.PLLState = RCC_PLL_ON;
 800105e:	2302      	movs	r3, #2
 8001060:	930e      	str	r3, [sp, #56]	@ 0x38
  RCC_OscInitStruct.PLL.PLLSource = RCC_PLLSOURCE_HSE;
 8001062:	f44f 0280 	mov.w	r2, #4194304	@ 0x400000
 8001066:	920f      	str	r2, [sp, #60]	@ 0x3c
  RCC_OscInitStruct.PLL.PLLM = 25;
 8001068:	2219      	movs	r2, #25
 800106a:	9210      	str	r2, [sp, #64]	@ 0x40
  RCC_OscInitStruct.PLL.PLLN = 192;
 800106c:	22c0      	movs	r2, #192	@ 0xc0
 800106e:	9211      	str	r2, [sp, #68]	@ 0x44
  RCC_OscInitStruct.PLL.PLLP = RCC_PLLP_DIV2;
 8001070:	9312      	str	r3, [sp, #72]	@ 0x48
  RCC_OscInitStruct.PLL.PLLQ = 4;
 8001072:	2304      	movs	r3, #4
 8001074:	9313      	str	r3, [sp, #76]	@ 0x4c
  if (HAL_RCC_OscConfig(&RCC_OscInitStruct) != HAL_OK)
 8001076:	4620      	mov	r0, r4
 8001078:	f002 faa8 	bl	80035cc <HAL_RCC_OscConfig>
 800107c:	b980      	cbnz	r0, 80010a0 <SystemClock_Config+0x94>
  RCC_ClkInitStruct.ClockType = RCC_CLOCKTYPE_HCLK|RCC_CLOCKTYPE_SYSCLK
 800107e:	230f      	movs	r3, #15
 8001080:	9303      	str	r3, [sp, #12]
  RCC_ClkInitStruct.SYSCLKSource = RCC_SYSCLKSOURCE_PLLCLK;
 8001082:	2302      	movs	r3, #2
 8001084:	9304      	str	r3, [sp, #16]
  RCC_ClkInitStruct.AHBCLKDivider = RCC_SYSCLK_DIV1;
 8001086:	2300      	movs	r3, #0
 8001088:	9305      	str	r3, [sp, #20]
  RCC_ClkInitStruct.APB1CLKDivider = RCC_HCLK_DIV2;
 800108a:	f44f 5280 	mov.w	r2, #4096	@ 0x1000
 800108e:	9206      	str	r2, [sp, #24]
  RCC_ClkInitStruct.APB2CLKDivider = RCC_HCLK_DIV1;
 8001090:	9307      	str	r3, [sp, #28]
  if (HAL_RCC_ClockConfig(&RCC_ClkInitStruct, FLASH_LATENCY_3) != HAL_OK)
 8001092:	2103      	movs	r1, #3
 8001094:	a803      	add	r0, sp, #12
 8001096:	f002 fce9 	bl	8003a6c <HAL_RCC_ClockConfig>
 800109a:	b918      	cbnz	r0, 80010a4 <SystemClock_Config+0x98>
}
 800109c:	b014      	add	sp, #80	@ 0x50
 800109e:	bd10      	pop	{r4, pc}
    Error_Handler();
 80010a0:	f7ff ffb1 	bl	8001006 <Error_Handler>
    Error_Handler();
 80010a4:	f7ff ffaf 	bl	8001006 <Error_Handler>
 80010a8:	40023800 	.word	0x40023800
 80010ac:	40007000 	.word	0x40007000

080010b0 <main>:
{
 80010b0:	b508      	push	{r3, lr}
  HAL_Init();
 80010b2:	f000 fda3 	bl	8001bfc <HAL_Init>
  SystemClock_Config();
 80010b6:	f7ff ffa9 	bl	800100c <SystemClock_Config>
  MX_GPIO_Init();
 80010ba:	f7ff fd67 	bl	8000b8c <MX_GPIO_Init>
  MX_DMA_Init();
 80010be:	f7ff fb9f 	bl	8000800 <MX_DMA_Init>
  MX_ADC1_Init();
 80010c2:	f7ff f8f7 	bl	80002b4 <MX_ADC1_Init>
  MX_I2C1_Init();
 80010c6:	f7ff ff03 	bl	8000ed0 <MX_I2C1_Init>
  MX_USART1_UART_Init();
 80010ca:	f005 fbaf 	bl	800682c <MX_USART1_UART_Init>
  MX_TIM1_Init();
 80010ce:	f005 f89f 	bl	8006210 <MX_TIM1_Init>
  MX_TIM2_Init();
 80010d2:	f005 f923 	bl	800631c <MX_TIM2_Init>
  MX_USART2_UART_Init();
 80010d6:	f005 fbc5 	bl	8006864 <MX_USART2_UART_Init>
  MX_USB_DEVICE_Init();
 80010da:	f005 fc85 	bl	80069e8 <MX_USB_DEVICE_Init>
  osKernelInitialize();  /* Call init function for freertos objects (in cmsis_os2.c) */
 80010de:	f7ff f955 	bl	800038c <osKernelInitialize>
  MX_FREERTOS_Init();
 80010e2:	f7ff fd1d 	bl	8000b20 <MX_FREERTOS_Init>
  osKernelStart();
 80010e6:	f7ff f963 	bl	80003b0 <osKernelStart>
  while (1)
 80010ea:	e7fe      	b.n	80010ea <main+0x3a>

080010ec <prvTaskExitError>:
	return pxTopOfStack;
}
/*-----------------------------------------------------------*/

static void prvTaskExitError( void )
{
 80010ec:	b082      	sub	sp, #8
volatile uint32_t ulDummy = 0;
 80010ee:	2300      	movs	r3, #0
 80010f0:	9301      	str	r3, [sp, #4]
	its caller as there is nothing to return to.  If a task wants to exit it
	should instead call vTaskDelete( NULL ).

	Artificially force an assert() to be triggered if configASSERT() is
	defined, then stop here so application writers can catch the error. */
	configASSERT( uxCriticalNesting == ~0UL );
 80010f2:	4b0d      	ldr	r3, [pc, #52]	@ (8001128 <prvTaskExitError+0x3c>)
 80010f4:	681b      	ldr	r3, [r3, #0]
 80010f6:	f1b3 3fff 	cmp.w	r3, #4294967295	@ 0xffffffff
 80010fa:	d008      	beq.n	800110e <prvTaskExitError+0x22>
 80010fc:	f04f 0350 	mov.w	r3, #80	@ 0x50
 8001100:	f383 8811 	msr	BASEPRI, r3
 8001104:	f3bf 8f6f 	isb	sy
 8001108:	f3bf 8f4f 	dsb	sy
 800110c:	e7fe      	b.n	800110c <prvTaskExitError+0x20>
 800110e:	f04f 0350 	mov.w	r3, #80	@ 0x50
 8001112:	f383 8811 	msr	BASEPRI, r3
 8001116:	f3bf 8f6f 	isb	sy
 800111a:	f3bf 8f4f 	dsb	sy
	portDISABLE_INTERRUPTS();
	while( ulDummy == 0 )
 800111e:	9b01      	ldr	r3, [sp, #4]
 8001120:	2b00      	cmp	r3, #0
 8001122:	d0fc      	beq.n	800111e <prvTaskExitError+0x32>
		about code appearing after this function is called - making ulDummy
		volatile makes the compiler think the function could return and
		therefore not output an 'unreachable code' warning for code that appears
		after it. */
	}
}
 8001124:	b002      	add	sp, #8
 8001126:	4770      	bx	lr
 8001128:	20000000 	.word	0x20000000

0800112c <prvPortStartFirstTask>:
{
	/* Start the first task.  This also clears the bit that indicates the FPU is
	in use in case the FPU was used before the scheduler was started - which
	would otherwise result in the unnecessary leaving of space in the SVC stack
	for lazy saving of FPU registers. */
	__asm volatile(
 800112c:	4808      	ldr	r0, [pc, #32]	@ (8001150 <prvPortStartFirstTask+0x24>)
 800112e:	6800      	ldr	r0, [r0, #0]
 8001130:	6800      	ldr	r0, [r0, #0]
 8001132:	f380 8808 	msr	MSP, r0
 8001136:	f04f 0000 	mov.w	r0, #0
 800113a:	f380 8814 	msr	CONTROL, r0
 800113e:	b662      	cpsie	i
 8001140:	b661      	cpsie	f
 8001142:	f3bf 8f4f 	dsb	sy
 8001146:	f3bf 8f6f 	isb	sy
 800114a:	df00      	svc	0
 800114c:	bf00      	nop
					" dsb					\n"
					" isb					\n"
					" svc 0					\n" /* System call to start first task. */
					" nop					\n"
				);
}
 800114e:	0000      	.short	0x0000
 8001150:	e000ed08 	.word	0xe000ed08

08001154 <vPortEnableVFP>:
/*-----------------------------------------------------------*/

/* This is a naked function. */
static void vPortEnableVFP( void )
{
	__asm volatile
 8001154:	f8df 000c 	ldr.w	r0, [pc, #12]	@ 8001164 <vPortEnableVFP+0x10>
 8001158:	6801      	ldr	r1, [r0, #0]
 800115a:	f441 0170 	orr.w	r1, r1, #15728640	@ 0xf00000
 800115e:	6001      	str	r1, [r0, #0]
 8001160:	4770      	bx	lr
		"								\n"
		"	orr r1, r1, #( 0xf << 20 )	\n" /* Enable CP10 and CP11 coprocessors, then save back. */
		"	str r1, [r0]				\n"
		"	bx r14						"
	);
}
 8001162:	0000      	.short	0x0000
 8001164:	e000ed88 	.word	0xe000ed88

08001168 <pxPortInitialiseStack>:
	*pxTopOfStack = portINITIAL_XPSR;	/* xPSR */
 8001168:	f04f 7380 	mov.w	r3, #16777216	@ 0x1000000
 800116c:	f840 3c04 	str.w	r3, [r0, #-4]
	*pxTopOfStack = ( ( StackType_t ) pxCode ) & portSTART_ADDRESS_MASK;	/* PC */
 8001170:	f021 0101 	bic.w	r1, r1, #1
 8001174:	f840 1c08 	str.w	r1, [r0, #-8]
	*pxTopOfStack = ( StackType_t ) portTASK_RETURN_ADDRESS;	/* LR */
 8001178:	4b05      	ldr	r3, [pc, #20]	@ (8001190 <pxPortInitialiseStack+0x28>)
 800117a:	f840 3c0c 	str.w	r3, [r0, #-12]
	*pxTopOfStack = ( StackType_t ) pvParameters;	/* R0 */
 800117e:	f840 2c20 	str.w	r2, [r0, #-32]
	*pxTopOfStack = portINITIAL_EXC_RETURN;
 8001182:	f06f 0302 	mvn.w	r3, #2
 8001186:	f840 3c24 	str.w	r3, [r0, #-36]
}
 800118a:	3844      	subs	r0, #68	@ 0x44
 800118c:	4770      	bx	lr
 800118e:	bf00      	nop
 8001190:	080010ed 	.word	0x080010ed
	...

080011a0 <SVC_Handler>:
	__asm volatile (
 80011a0:	4b07      	ldr	r3, [pc, #28]	@ (80011c0 <pxCurrentTCBConst2>)
 80011a2:	6819      	ldr	r1, [r3, #0]
 80011a4:	6808      	ldr	r0, [r1, #0]
 80011a6:	e8b0 4ff0 	ldmia.w	r0!, {r4, r5, r6, r7, r8, r9, sl, fp, lr}
 80011aa:	f380 8809 	msr	PSP, r0
 80011ae:	f3bf 8f6f 	isb	sy
 80011b2:	f04f 0000 	mov.w	r0, #0
 80011b6:	f380 8811 	msr	BASEPRI, r0
 80011ba:	4770      	bx	lr
 80011bc:	f3af 8000 	nop.w

080011c0 <pxCurrentTCBConst2>:
 80011c0:	20004b9c 	.word	0x20004b9c

080011c4 <vPortEnterCritical>:
 80011c4:	f04f 0350 	mov.w	r3, #80	@ 0x50
 80011c8:	f383 8811 	msr	BASEPRI, r3
 80011cc:	f3bf 8f6f 	isb	sy
 80011d0:	f3bf 8f4f 	dsb	sy
	uxCriticalNesting++;
 80011d4:	4a0b      	ldr	r2, [pc, #44]	@ (8001204 <vPortEnterCritical+0x40>)
 80011d6:	6813      	ldr	r3, [r2, #0]
 80011d8:	3301      	adds	r3, #1
 80011da:	6013      	str	r3, [r2, #0]
	if( uxCriticalNesting == 1 )
 80011dc:	2b01      	cmp	r3, #1
 80011de:	d000      	beq.n	80011e2 <vPortEnterCritical+0x1e>
}
 80011e0:	4770      	bx	lr
		configASSERT( ( portNVIC_INT_CTRL_REG & portVECTACTIVE_MASK ) == 0 );
 80011e2:	f04f 23e0 	mov.w	r3, #3758153728	@ 0xe000e000
 80011e6:	f8d3 3d04 	ldr.w	r3, [r3, #3332]	@ 0xd04
 80011ea:	f013 0fff 	tst.w	r3, #255	@ 0xff
 80011ee:	d0f7      	beq.n	80011e0 <vPortEnterCritical+0x1c>
 80011f0:	f04f 0350 	mov.w	r3, #80	@ 0x50
 80011f4:	f383 8811 	msr	BASEPRI, r3
 80011f8:	f3bf 8f6f 	isb	sy
 80011fc:	f3bf 8f4f 	dsb	sy
 8001200:	e7fe      	b.n	8001200 <vPortEnterCritical+0x3c>
 8001202:	bf00      	nop
 8001204:	20000000 	.word	0x20000000

08001208 <vPortExitCritical>:
	configASSERT( uxCriticalNesting );
 8001208:	4b09      	ldr	r3, [pc, #36]	@ (8001230 <vPortExitCritical+0x28>)
 800120a:	681b      	ldr	r3, [r3, #0]
 800120c:	b943      	cbnz	r3, 8001220 <vPortExitCritical+0x18>
 800120e:	f04f 0350 	mov.w	r3, #80	@ 0x50
 8001212:	f383 8811 	msr	BASEPRI, r3
 8001216:	f3bf 8f6f 	isb	sy
 800121a:	f3bf 8f4f 	dsb	sy
 800121e:	e7fe      	b.n	800121e <vPortExitCritical+0x16>
	uxCriticalNesting--;
 8001220:	3b01      	subs	r3, #1
 8001222:	4a03      	ldr	r2, [pc, #12]	@ (8001230 <vPortExitCritical+0x28>)
 8001224:	6013      	str	r3, [r2, #0]
	if( uxCriticalNesting == 0 )
 8001226:	b90b      	cbnz	r3, 800122c <vPortExitCritical+0x24>
}
/*-----------------------------------------------------------*/

portFORCE_INLINE static void vPortSetBASEPRI( uint32_t ulNewMaskValue )
{
	__asm volatile
 8001228:	f383 8811 	msr	BASEPRI, r3
}
 800122c:	4770      	bx	lr
 800122e:	bf00      	nop
 8001230:	20000000 	.word	0x20000000
	...

08001240 <PendSV_Handler>:
	__asm volatile
 8001240:	f3ef 8009 	mrs	r0, PSP
 8001244:	f3bf 8f6f 	isb	sy
 8001248:	4b15      	ldr	r3, [pc, #84]	@ (80012a0 <pxCurrentTCBConst>)
 800124a:	681a      	ldr	r2, [r3, #0]
 800124c:	f01e 0f10 	tst.w	lr, #16
 8001250:	bf08      	it	eq
 8001252:	ed20 8a10 	vstmdbeq	r0!, {s16-s31}
 8001256:	e920 4ff0 	stmdb	r0!, {r4, r5, r6, r7, r8, r9, sl, fp, lr}
 800125a:	6010      	str	r0, [r2, #0]
 800125c:	e92d 0009 	stmdb	sp!, {r0, r3}
 8001260:	f04f 0050 	mov.w	r0, #80	@ 0x50
 8001264:	f380 8811 	msr	BASEPRI, r0
 8001268:	f3bf 8f4f 	dsb	sy
 800126c:	f3bf 8f6f 	isb	sy
 8001270:	f004 fdea 	bl	8005e48 <vTaskSwitchContext>
 8001274:	f04f 0000 	mov.w	r0, #0
 8001278:	f380 8811 	msr	BASEPRI, r0
 800127c:	bc09      	pop	{r0, r3}
 800127e:	6819      	ldr	r1, [r3, #0]
 8001280:	6808      	ldr	r0, [r1, #0]
 8001282:	e8b0 4ff0 	ldmia.w	r0!, {r4, r5, r6, r7, r8, r9, sl, fp, lr}
 8001286:	f01e 0f10 	tst.w	lr, #16
 800128a:	bf08      	it	eq
 800128c:	ecb0 8a10 	vldmiaeq	r0!, {s16-s31}
 8001290:	f380 8809 	msr	PSP, r0
 8001294:	f3bf 8f6f 	isb	sy
 8001298:	4770      	bx	lr
 800129a:	bf00      	nop
 800129c:	f3af 8000 	nop.w

080012a0 <pxCurrentTCBConst>:
 80012a0:	20004b9c 	.word	0x20004b9c

080012a4 <xPortSysTickHandler>:
{
 80012a4:	b508      	push	{r3, lr}
	__asm volatile
 80012a6:	f04f 0350 	mov.w	r3, #80	@ 0x50
 80012aa:	f383 8811 	msr	BASEPRI, r3
 80012ae:	f3bf 8f6f 	isb	sy
 80012b2:	f3bf 8f4f 	dsb	sy
		if( xTaskIncrementTick() != pdFALSE )
 80012b6:	f004 fc99 	bl	8005bec <xTaskIncrementTick>
 80012ba:	b128      	cbz	r0, 80012c8 <xPortSysTickHandler+0x24>
			portNVIC_INT_CTRL_REG = portNVIC_PENDSVSET_BIT;
 80012bc:	f04f 23e0 	mov.w	r3, #3758153728	@ 0xe000e000
 80012c0:	f04f 5280 	mov.w	r2, #268435456	@ 0x10000000
 80012c4:	f8c3 2d04 	str.w	r2, [r3, #3332]	@ 0xd04
	__asm volatile
 80012c8:	2300      	movs	r3, #0
 80012ca:	f383 8811 	msr	BASEPRI, r3
}
 80012ce:	bd08      	pop	{r3, pc}

080012d0 <vPortSetupTimerInterrupt>:
	portNVIC_SYSTICK_CTRL_REG = 0UL;
 80012d0:	f04f 22e0 	mov.w	r2, #3758153728	@ 0xe000e000
 80012d4:	2300      	movs	r3, #0
 80012d6:	6113      	str	r3, [r2, #16]
	portNVIC_SYSTICK_CURRENT_VALUE_REG = 0UL;
 80012d8:	6193      	str	r3, [r2, #24]
	portNVIC_SYSTICK_LOAD_REG = ( configSYSTICK_CLOCK_HZ / configTICK_RATE_HZ ) - 1UL;
 80012da:	4b05      	ldr	r3, [pc, #20]	@ (80012f0 <vPortSetupTimerInterrupt+0x20>)
 80012dc:	681b      	ldr	r3, [r3, #0]
 80012de:	4905      	ldr	r1, [pc, #20]	@ (80012f4 <vPortSetupTimerInterrupt+0x24>)
 80012e0:	fba1 1303 	umull	r1, r3, r1, r3
 80012e4:	099b      	lsrs	r3, r3, #6
 80012e6:	3b01      	subs	r3, #1
 80012e8:	6153      	str	r3, [r2, #20]
	portNVIC_SYSTICK_CTRL_REG = ( portNVIC_SYSTICK_CLK_BIT | portNVIC_SYSTICK_INT_BIT | portNVIC_SYSTICK_ENABLE_BIT );
 80012ea:	2307      	movs	r3, #7
 80012ec:	6113      	str	r3, [r2, #16]
}
 80012ee:	4770      	bx	lr
 80012f0:	2000000c 	.word	0x2000000c
 80012f4:	10624dd3 	.word	0x10624dd3

080012f8 <xPortStartScheduler>:
	configASSERT( portCPUID != portCORTEX_M7_r0p1_ID );
 80012f8:	f04f 23e0 	mov.w	r3, #3758153728	@ 0xe000e000
 80012fc:	f8d3 2d00 	ldr.w	r2, [r3, #3328]	@ 0xd00
 8001300:	4b3d      	ldr	r3, [pc, #244]	@ (80013f8 <xPortStartScheduler+0x100>)
 8001302:	429a      	cmp	r2, r3
 8001304:	d01c      	beq.n	8001340 <xPortStartScheduler+0x48>
	configASSERT( portCPUID != portCORTEX_M7_r0p0_ID );
 8001306:	f04f 23e0 	mov.w	r3, #3758153728	@ 0xe000e000
 800130a:	f8d3 2d00 	ldr.w	r2, [r3, #3328]	@ 0xd00
 800130e:	4b3b      	ldr	r3, [pc, #236]	@ (80013fc <xPortStartScheduler+0x104>)
 8001310:	429a      	cmp	r2, r3
 8001312:	d01e      	beq.n	8001352 <xPortStartScheduler+0x5a>
{
 8001314:	b530      	push	{r4, r5, lr}
 8001316:	b083      	sub	sp, #12
		ulOriginalPriority = *pucFirstUserPriorityRegister;
 8001318:	4b39      	ldr	r3, [pc, #228]	@ (8001400 <xPortStartScheduler+0x108>)
 800131a:	781a      	ldrb	r2, [r3, #0]
 800131c:	b2d2      	uxtb	r2, r2
 800131e:	9201      	str	r2, [sp, #4]
		*pucFirstUserPriorityRegister = portMAX_8_BIT_VALUE;
 8001320:	22ff      	movs	r2, #255	@ 0xff
 8001322:	701a      	strb	r2, [r3, #0]
		ucMaxPriorityValue = *pucFirstUserPriorityRegister;
 8001324:	781b      	ldrb	r3, [r3, #0]
 8001326:	b2db      	uxtb	r3, r3
 8001328:	f88d 3003 	strb.w	r3, [sp, #3]
		ucMaxSysCallPriority = configMAX_SYSCALL_INTERRUPT_PRIORITY & ucMaxPriorityValue;
 800132c:	f89d 3003 	ldrb.w	r3, [sp, #3]
 8001330:	f003 0350 	and.w	r3, r3, #80	@ 0x50
 8001334:	4a33      	ldr	r2, [pc, #204]	@ (8001404 <xPortStartScheduler+0x10c>)
 8001336:	7013      	strb	r3, [r2, #0]
		ulMaxPRIGROUPValue = portMAX_PRIGROUP_BITS;
 8001338:	4b33      	ldr	r3, [pc, #204]	@ (8001408 <xPortStartScheduler+0x110>)
 800133a:	2207      	movs	r2, #7
 800133c:	601a      	str	r2, [r3, #0]
		while( ( ucMaxPriorityValue & portTOP_BIT_OF_BYTE ) == portTOP_BIT_OF_BYTE )
 800133e:	e01b      	b.n	8001378 <xPortStartScheduler+0x80>
	__asm volatile
 8001340:	f04f 0350 	mov.w	r3, #80	@ 0x50
 8001344:	f383 8811 	msr	BASEPRI, r3
 8001348:	f3bf 8f6f 	isb	sy
 800134c:	f3bf 8f4f 	dsb	sy
	configASSERT( portCPUID != portCORTEX_M7_r0p1_ID );
 8001350:	e7fe      	b.n	8001350 <xPortStartScheduler+0x58>
 8001352:	f04f 0350 	mov.w	r3, #80	@ 0x50
 8001356:	f383 8811 	msr	BASEPRI, r3
 800135a:	f3bf 8f6f 	isb	sy
 800135e:	f3bf 8f4f 	dsb	sy
	configASSERT( portCPUID != portCORTEX_M7_r0p0_ID );
 8001362:	e7fe      	b.n	8001362 <xPortStartScheduler+0x6a>
			ulMaxPRIGROUPValue--;
 8001364:	4a28      	ldr	r2, [pc, #160]	@ (8001408 <xPortStartScheduler+0x110>)
 8001366:	6813      	ldr	r3, [r2, #0]
 8001368:	3b01      	subs	r3, #1
 800136a:	6013      	str	r3, [r2, #0]
			ucMaxPriorityValue <<= ( uint8_t ) 0x01;
 800136c:	f89d 3003 	ldrb.w	r3, [sp, #3]
 8001370:	005b      	lsls	r3, r3, #1
 8001372:	b2db      	uxtb	r3, r3
 8001374:	f88d 3003 	strb.w	r3, [sp, #3]
		while( ( ucMaxPriorityValue & portTOP_BIT_OF_BYTE ) == portTOP_BIT_OF_BYTE )
 8001378:	f89d 3003 	ldrb.w	r3, [sp, #3]
 800137c:	f013 0f80 	tst.w	r3, #128	@ 0x80
 8001380:	d1f0      	bne.n	8001364 <xPortStartScheduler+0x6c>
			configASSERT( ( portMAX_PRIGROUP_BITS - ulMaxPRIGROUPValue ) == configPRIO_BITS );
 8001382:	4b21      	ldr	r3, [pc, #132]	@ (8001408 <xPortStartScheduler+0x110>)
 8001384:	681b      	ldr	r3, [r3, #0]
 8001386:	2b03      	cmp	r3, #3
 8001388:	d008      	beq.n	800139c <xPortStartScheduler+0xa4>
 800138a:	f04f 0350 	mov.w	r3, #80	@ 0x50
 800138e:	f383 8811 	msr	BASEPRI, r3
 8001392:	f3bf 8f6f 	isb	sy
 8001396:	f3bf 8f4f 	dsb	sy
 800139a:	e7fe      	b.n	800139a <xPortStartScheduler+0xa2>
		ulMaxPRIGROUPValue <<= portPRIGROUP_SHIFT;
 800139c:	021b      	lsls	r3, r3, #8
 800139e:	4a1a      	ldr	r2, [pc, #104]	@ (8001408 <xPortStartScheduler+0x110>)
 80013a0:	6013      	str	r3, [r2, #0]
		ulMaxPRIGROUPValue &= portPRIORITY_GROUP_MASK;
 80013a2:	f403 63e0 	and.w	r3, r3, #1792	@ 0x700
 80013a6:	6013      	str	r3, [r2, #0]
		*pucFirstUserPriorityRegister = ulOriginalPriority;
 80013a8:	9b01      	ldr	r3, [sp, #4]
 80013aa:	b2db      	uxtb	r3, r3
 80013ac:	4a14      	ldr	r2, [pc, #80]	@ (8001400 <xPortStartScheduler+0x108>)
 80013ae:	7013      	strb	r3, [r2, #0]
	portNVIC_SYSPRI2_REG |= portNVIC_PENDSV_PRI;
 80013b0:	f04f 24e0 	mov.w	r4, #3758153728	@ 0xe000e000
 80013b4:	f8d4 3d20 	ldr.w	r3, [r4, #3360]	@ 0xd20
 80013b8:	f443 0370 	orr.w	r3, r3, #15728640	@ 0xf00000
 80013bc:	f8c4 3d20 	str.w	r3, [r4, #3360]	@ 0xd20
	portNVIC_SYSPRI2_REG |= portNVIC_SYSTICK_PRI;
 80013c0:	f8d4 3d20 	ldr.w	r3, [r4, #3360]	@ 0xd20
 80013c4:	f043 4370 	orr.w	r3, r3, #4026531840	@ 0xf0000000
 80013c8:	f8c4 3d20 	str.w	r3, [r4, #3360]	@ 0xd20
	vPortSetupTimerInterrupt();
 80013cc:	f7ff ff80 	bl	80012d0 <vPortSetupTimerInterrupt>
	uxCriticalNesting = 0;
 80013d0:	2500      	movs	r5, #0
 80013d2:	4b0e      	ldr	r3, [pc, #56]	@ (800140c <xPortStartScheduler+0x114>)
 80013d4:	601d      	str	r5, [r3, #0]
	vPortEnableVFP();
 80013d6:	f7ff febd 	bl	8001154 <vPortEnableVFP>
	*( portFPCCR ) |= portASPEN_AND_LSPEN_BITS;
 80013da:	f8d4 3f34 	ldr.w	r3, [r4, #3892]	@ 0xf34
 80013de:	f043 4340 	orr.w	r3, r3, #3221225472	@ 0xc0000000
 80013e2:	f8c4 3f34 	str.w	r3, [r4, #3892]	@ 0xf34
	prvPortStartFirstTask();
 80013e6:	f7ff fea1 	bl	800112c <prvPortStartFirstTask>
	vTaskSwitchContext();
 80013ea:	f004 fd2d 	bl	8005e48 <vTaskSwitchContext>
	prvTaskExitError();
 80013ee:	f7ff fe7d 	bl	80010ec <prvTaskExitError>
}
 80013f2:	4628      	mov	r0, r5
 80013f4:	b003      	add	sp, #12
 80013f6:	bd30      	pop	{r4, r5, pc}
 80013f8:	410fc271 	.word	0x410fc271
 80013fc:	410fc270 	.word	0x410fc270
 8001400:	e000e400 	.word	0xe000e400
 8001404:	20004654 	.word	0x20004654
 8001408:	20004650 	.word	0x20004650
 800140c:	20000000 	.word	0x20000000

08001410 <vPortValidateInterruptPriority>:
	{
	uint32_t ulCurrentInterrupt;
	uint8_t ucCurrentPriority;

		/* Obtain the number of the currently executing interrupt. */
		__asm volatile( "mrs %0, ipsr" : "=r"( ulCurrentInterrupt ) :: "memory" );
 8001410:	f3ef 8305 	mrs	r3, IPSR

		/* Is the interrupt number a user defined interrupt? */
		if( ulCurrentInterrupt >= portFIRST_USER_INTERRUPT_NUMBER )
 8001414:	2b0f      	cmp	r3, #15
 8001416:	d90e      	bls.n	8001436 <vPortValidateInterruptPriority+0x26>
		{
			/* Look up the interrupt's priority. */
			ucCurrentPriority = pcInterruptPriorityRegisters[ ulCurrentInterrupt ];
 8001418:	4a11      	ldr	r2, [pc, #68]	@ (8001460 <vPortValidateInterruptPriority+0x50>)
 800141a:	5c9a      	ldrb	r2, [r3, r2]
			interrupt entry is as fast and simple as possible.

			The following links provide detailed information:
			http://www.freertos.org/RTOS-Cortex-M3-M4.html
			http://www.freertos.org/FAQHelp.html */
			configASSERT( ucCurrentPriority >= ucMaxSysCallPriority );
 800141c:	4b11      	ldr	r3, [pc, #68]	@ (8001464 <vPortValidateInterruptPriority+0x54>)
 800141e:	781b      	ldrb	r3, [r3, #0]
 8001420:	429a      	cmp	r2, r3
 8001422:	d208      	bcs.n	8001436 <vPortValidateInterruptPriority+0x26>
 8001424:	f04f 0350 	mov.w	r3, #80	@ 0x50
 8001428:	f383 8811 	msr	BASEPRI, r3
 800142c:	f3bf 8f6f 	isb	sy
 8001430:	f3bf 8f4f 	dsb	sy
 8001434:	e7fe      	b.n	8001434 <vPortValidateInterruptPriority+0x24>
		configuration then the correct setting can be achieved on all Cortex-M
		devices by calling NVIC_SetPriorityGrouping( 0 ); before starting the
		scheduler.  Note however that some vendor specific peripheral libraries
		assume a non-zero priority group setting, in which cases using a value
		of zero will result in unpredictable behaviour. */
		configASSERT( ( portAIRCR_REG & portPRIORITY_GROUP_MASK ) <= ulMaxPRIGROUPValue );
 8001436:	f04f 23e0 	mov.w	r3, #3758153728	@ 0xe000e000
 800143a:	f8d3 3d0c 	ldr.w	r3, [r3, #3340]	@ 0xd0c
 800143e:	f403 63e0 	and.w	r3, r3, #1792	@ 0x700
 8001442:	4a09      	ldr	r2, [pc, #36]	@ (8001468 <vPortValidateInterruptPriority+0x58>)
 8001444:	6812      	ldr	r2, [r2, #0]
 8001446:	4293      	cmp	r3, r2
 8001448:	d908      	bls.n	800145c <vPortValidateInterruptPriority+0x4c>
 800144a:	f04f 0350 	mov.w	r3, #80	@ 0x50
 800144e:	f383 8811 	msr	BASEPRI, r3
 8001452:	f3bf 8f6f 	isb	sy
 8001456:	f3bf 8f4f 	dsb	sy
 800145a:	e7fe      	b.n	800145a <vPortValidateInterruptPriority+0x4a>
	}
 800145c:	4770      	bx	lr
 800145e:	bf00      	nop
 8001460:	e000e3f0 	.word	0xe000e3f0
 8001464:	20004654 	.word	0x20004654
 8001468:	20004650 	.word	0x20004650

0800146c <prvIsQueueFull>:
	return xReturn;
} /*lint !e818 xQueue could not be pointer to const because it is a typedef. */
/*-----------------------------------------------------------*/

static BaseType_t prvIsQueueFull( const Queue_t *pxQueue )
{
 800146c:	b510      	push	{r4, lr}
 800146e:	4604      	mov	r4, r0
BaseType_t xReturn;

	taskENTER_CRITICAL();
 8001470:	f7ff fea8 	bl	80011c4 <vPortEnterCritical>
	{
		if( pxQueue->uxMessagesWaiting == pxQueue->uxLength )
 8001474:	6ba2      	ldr	r2, [r4, #56]	@ 0x38
 8001476:	6be3      	ldr	r3, [r4, #60]	@ 0x3c
 8001478:	429a      	cmp	r2, r3
 800147a:	d004      	beq.n	8001486 <prvIsQueueFull+0x1a>
		{
			xReturn = pdTRUE;
		}
		else
		{
			xReturn = pdFALSE;
 800147c:	2400      	movs	r4, #0
		}
	}
	taskEXIT_CRITICAL();
 800147e:	f7ff fec3 	bl	8001208 <vPortExitCritical>

	return xReturn;
}
 8001482:	4620      	mov	r0, r4
 8001484:	bd10      	pop	{r4, pc}
			xReturn = pdTRUE;
 8001486:	2401      	movs	r4, #1
 8001488:	e7f9      	b.n	800147e <prvIsQueueFull+0x12>

0800148a <prvIsQueueEmpty>:
{
 800148a:	b510      	push	{r4, lr}
 800148c:	4604      	mov	r4, r0
	taskENTER_CRITICAL();
 800148e:	f7ff fe99 	bl	80011c4 <vPortEnterCritical>
		if( pxQueue->uxMessagesWaiting == ( UBaseType_t )  0 )
 8001492:	6ba3      	ldr	r3, [r4, #56]	@ 0x38
 8001494:	b923      	cbnz	r3, 80014a0 <prvIsQueueEmpty+0x16>
			xReturn = pdTRUE;
 8001496:	2401      	movs	r4, #1
	taskEXIT_CRITICAL();
 8001498:	f7ff feb6 	bl	8001208 <vPortExitCritical>
}
 800149c:	4620      	mov	r0, r4
 800149e:	bd10      	pop	{r4, pc}
			xReturn = pdFALSE;
 80014a0:	2400      	movs	r4, #0
 80014a2:	e7f9      	b.n	8001498 <prvIsQueueEmpty+0xe>

080014a4 <prvCopyDataToQueue>:
{
 80014a4:	b570      	push	{r4, r5, r6, lr}
 80014a6:	4604      	mov	r4, r0
 80014a8:	4615      	mov	r5, r2
	uxMessagesWaiting = pxQueue->uxMessagesWaiting;
 80014aa:	6b86      	ldr	r6, [r0, #56]	@ 0x38
	if( pxQueue->uxItemSize == ( UBaseType_t ) 0 )
 80014ac:	6c02      	ldr	r2, [r0, #64]	@ 0x40
 80014ae:	b95a      	cbnz	r2, 80014c8 <prvCopyDataToQueue+0x24>
			if( pxQueue->uxQueueType == queueQUEUE_IS_MUTEX )
 80014b0:	6803      	ldr	r3, [r0, #0]
 80014b2:	b11b      	cbz	r3, 80014bc <prvCopyDataToQueue+0x18>
BaseType_t xReturn = pdFALSE;
 80014b4:	2000      	movs	r0, #0
	pxQueue->uxMessagesWaiting = uxMessagesWaiting + ( UBaseType_t ) 1;
 80014b6:	3601      	adds	r6, #1
 80014b8:	63a6      	str	r6, [r4, #56]	@ 0x38
}
 80014ba:	bd70      	pop	{r4, r5, r6, pc}
				xReturn = xTaskPriorityDisinherit( pxQueue->u.xSemaphore.xMutexHolder );
 80014bc:	6880      	ldr	r0, [r0, #8]
 80014be:	f004 fdef 	bl	80060a0 <xTaskPriorityDisinherit>
				pxQueue->u.xSemaphore.xMutexHolder = NULL;
 80014c2:	2300      	movs	r3, #0
 80014c4:	60a3      	str	r3, [r4, #8]
 80014c6:	e7f6      	b.n	80014b6 <prvCopyDataToQueue+0x12>
	else if( xPosition == queueSEND_TO_BACK )
 80014c8:	b96d      	cbnz	r5, 80014e6 <prvCopyDataToQueue+0x42>
		( void ) memcpy( ( void * ) pxQueue->pcWriteTo, pvItemToQueue, ( size_t ) pxQueue->uxItemSize ); /*lint !e961 !e418 !e9087 MISRA exception as the casts are only redundant for some ports, plus previous logic ensures a null pointer can only be passed to memcpy() if the copy size is 0.  Cast to void required by function signature and safe as no alignment requirement and copy length specified in bytes. */
 80014ca:	6840      	ldr	r0, [r0, #4]
 80014cc:	f006 fdce 	bl	800806c <memcpy>
		pxQueue->pcWriteTo += pxQueue->uxItemSize; /*lint !e9016 Pointer arithmetic on char types ok, especially in this use case where it is the clearest way of conveying intent. */
 80014d0:	6863      	ldr	r3, [r4, #4]
 80014d2:	6c22      	ldr	r2, [r4, #64]	@ 0x40
 80014d4:	4413      	add	r3, r2
 80014d6:	6063      	str	r3, [r4, #4]
		if( pxQueue->pcWriteTo >= pxQueue->u.xQueue.pcTail ) /*lint !e946 MISRA exception justified as comparison of pointers is the cleanest solution. */
 80014d8:	68a2      	ldr	r2, [r4, #8]
 80014da:	4293      	cmp	r3, r2
 80014dc:	d319      	bcc.n	8001512 <prvCopyDataToQueue+0x6e>
			pxQueue->pcWriteTo = pxQueue->pcHead;
 80014de:	6823      	ldr	r3, [r4, #0]
 80014e0:	6063      	str	r3, [r4, #4]
BaseType_t xReturn = pdFALSE;
 80014e2:	4628      	mov	r0, r5
 80014e4:	e7e7      	b.n	80014b6 <prvCopyDataToQueue+0x12>
		( void ) memcpy( ( void * ) pxQueue->u.xQueue.pcReadFrom, pvItemToQueue, ( size_t ) pxQueue->uxItemSize ); /*lint !e961 !e9087 !e418 MISRA exception as the casts are only redundant for some ports.  Cast to void required by function signature and safe as no alignment requirement and copy length specified in bytes.  Assert checks null pointer only used when length is 0. */
 80014e6:	68c0      	ldr	r0, [r0, #12]
 80014e8:	f006 fdc0 	bl	800806c <memcpy>
		pxQueue->u.xQueue.pcReadFrom -= pxQueue->uxItemSize;
 80014ec:	68e3      	ldr	r3, [r4, #12]
 80014ee:	6c22      	ldr	r2, [r4, #64]	@ 0x40
 80014f0:	4251      	negs	r1, r2
 80014f2:	1a9b      	subs	r3, r3, r2
 80014f4:	60e3      	str	r3, [r4, #12]
		if( pxQueue->u.xQueue.pcReadFrom < pxQueue->pcHead ) /*lint !e946 MISRA exception justified as comparison of pointers is the cleanest solution. */
 80014f6:	6822      	ldr	r2, [r4, #0]
 80014f8:	4293      	cmp	r3, r2
 80014fa:	d202      	bcs.n	8001502 <prvCopyDataToQueue+0x5e>
			pxQueue->u.xQueue.pcReadFrom = ( pxQueue->u.xQueue.pcTail - pxQueue->uxItemSize );
 80014fc:	68a3      	ldr	r3, [r4, #8]
 80014fe:	440b      	add	r3, r1
 8001500:	60e3      	str	r3, [r4, #12]
		if( xPosition == queueOVERWRITE )
 8001502:	2d02      	cmp	r5, #2
 8001504:	d001      	beq.n	800150a <prvCopyDataToQueue+0x66>
BaseType_t xReturn = pdFALSE;
 8001506:	2000      	movs	r0, #0
 8001508:	e7d5      	b.n	80014b6 <prvCopyDataToQueue+0x12>
			if( uxMessagesWaiting > ( UBaseType_t ) 0 )
 800150a:	b126      	cbz	r6, 8001516 <prvCopyDataToQueue+0x72>
				--uxMessagesWaiting;
 800150c:	3e01      	subs	r6, #1
BaseType_t xReturn = pdFALSE;
 800150e:	2000      	movs	r0, #0
 8001510:	e7d1      	b.n	80014b6 <prvCopyDataToQueue+0x12>
 8001512:	4628      	mov	r0, r5
 8001514:	e7cf      	b.n	80014b6 <prvCopyDataToQueue+0x12>
 8001516:	2000      	movs	r0, #0
 8001518:	e7cd      	b.n	80014b6 <prvCopyDataToQueue+0x12>

0800151a <prvCopyDataFromQueue>:
{
 800151a:	4603      	mov	r3, r0
	if( pxQueue->uxItemSize != ( UBaseType_t ) 0 )
 800151c:	6c02      	ldr	r2, [r0, #64]	@ 0x40
 800151e:	b16a      	cbz	r2, 800153c <prvCopyDataFromQueue+0x22>
{
 8001520:	b510      	push	{r4, lr}
 8001522:	4608      	mov	r0, r1
		pxQueue->u.xQueue.pcReadFrom += pxQueue->uxItemSize; /*lint !e9016 Pointer arithmetic on char types ok, especially in this use case where it is the clearest way of conveying intent. */
 8001524:	68d9      	ldr	r1, [r3, #12]
 8001526:	4411      	add	r1, r2
 8001528:	60d9      	str	r1, [r3, #12]
		if( pxQueue->u.xQueue.pcReadFrom >= pxQueue->u.xQueue.pcTail ) /*lint !e946 MISRA exception justified as use of the relational operator is the cleanest solutions. */
 800152a:	689c      	ldr	r4, [r3, #8]
 800152c:	42a1      	cmp	r1, r4
 800152e:	d301      	bcc.n	8001534 <prvCopyDataFromQueue+0x1a>
			pxQueue->u.xQueue.pcReadFrom = pxQueue->pcHead;
 8001530:	6819      	ldr	r1, [r3, #0]
 8001532:	60d9      	str	r1, [r3, #12]
		( void ) memcpy( ( void * ) pvBuffer, ( void * ) pxQueue->u.xQueue.pcReadFrom, ( size_t ) pxQueue->uxItemSize ); /*lint !e961 !e418 !e9087 MISRA exception as the casts are only redundant for some ports.  Also previous logic ensures a null pointer can only be passed to memcpy() when the count is 0.  Cast to void required by function signature and safe as no alignment requirement and copy length specified in bytes. */
 8001534:	68d9      	ldr	r1, [r3, #12]
 8001536:	f006 fd99 	bl	800806c <memcpy>
}
 800153a:	bd10      	pop	{r4, pc}
 800153c:	4770      	bx	lr

0800153e <prvUnlockQueue>:
{
 800153e:	b538      	push	{r3, r4, r5, lr}
 8001540:	4605      	mov	r5, r0
	taskENTER_CRITICAL();
 8001542:	f7ff fe3f 	bl	80011c4 <vPortEnterCritical>
		int8_t cTxLock = pxQueue->cTxLock;
 8001546:	f895 4045 	ldrb.w	r4, [r5, #69]	@ 0x45
 800154a:	b264      	sxtb	r4, r4
		while( cTxLock > queueLOCKED_UNMODIFIED )
 800154c:	e001      	b.n	8001552 <prvUnlockQueue+0x14>
			--cTxLock;
 800154e:	3c01      	subs	r4, #1
 8001550:	b264      	sxtb	r4, r4
		while( cTxLock > queueLOCKED_UNMODIFIED )
 8001552:	2c00      	cmp	r4, #0
 8001554:	dd0a      	ble.n	800156c <prvUnlockQueue+0x2e>
				if( listLIST_IS_EMPTY( &( pxQueue->xTasksWaitingToReceive ) ) == pdFALSE )
 8001556:	6a6b      	ldr	r3, [r5, #36]	@ 0x24
 8001558:	b143      	cbz	r3, 800156c <prvUnlockQueue+0x2e>
					if( xTaskRemoveFromEventList( &( pxQueue->xTasksWaitingToReceive ) ) != pdFALSE )
 800155a:	f105 0024 	add.w	r0, r5, #36	@ 0x24
 800155e:	f004 fcf3 	bl	8005f48 <xTaskRemoveFromEventList>
 8001562:	2800      	cmp	r0, #0
 8001564:	d0f3      	beq.n	800154e <prvUnlockQueue+0x10>
						vTaskMissedYield();
 8001566:	f004 fd85 	bl	8006074 <vTaskMissedYield>
 800156a:	e7f0      	b.n	800154e <prvUnlockQueue+0x10>
		pxQueue->cTxLock = queueUNLOCKED;
 800156c:	23ff      	movs	r3, #255	@ 0xff
 800156e:	f885 3045 	strb.w	r3, [r5, #69]	@ 0x45
	taskEXIT_CRITICAL();
 8001572:	f7ff fe49 	bl	8001208 <vPortExitCritical>
	taskENTER_CRITICAL();
 8001576:	f7ff fe25 	bl	80011c4 <vPortEnterCritical>
		int8_t cRxLock = pxQueue->cRxLock;
 800157a:	f895 4044 	ldrb.w	r4, [r5, #68]	@ 0x44
 800157e:	b264      	sxtb	r4, r4
		while( cRxLock > queueLOCKED_UNMODIFIED )
 8001580:	e001      	b.n	8001586 <prvUnlockQueue+0x48>
				--cRxLock;
 8001582:	3c01      	subs	r4, #1
 8001584:	b264      	sxtb	r4, r4
		while( cRxLock > queueLOCKED_UNMODIFIED )
 8001586:	2c00      	cmp	r4, #0
 8001588:	dd0a      	ble.n	80015a0 <prvUnlockQueue+0x62>
			if( listLIST_IS_EMPTY( &( pxQueue->xTasksWaitingToSend ) ) == pdFALSE )
 800158a:	692b      	ldr	r3, [r5, #16]
 800158c:	b143      	cbz	r3, 80015a0 <prvUnlockQueue+0x62>
				if( xTaskRemoveFromEventList( &( pxQueue->xTasksWaitingToSend ) ) != pdFALSE )
 800158e:	f105 0010 	add.w	r0, r5, #16
 8001592:	f004 fcd9 	bl	8005f48 <xTaskRemoveFromEventList>
 8001596:	2800      	cmp	r0, #0
 8001598:	d0f3      	beq.n	8001582 <prvUnlockQueue+0x44>
					vTaskMissedYield();
 800159a:	f004 fd6b 	bl	8006074 <vTaskMissedYield>
 800159e:	e7f0      	b.n	8001582 <prvUnlockQueue+0x44>
		pxQueue->cRxLock = queueUNLOCKED;
 80015a0:	23ff      	movs	r3, #255	@ 0xff
 80015a2:	f885 3044 	strb.w	r3, [r5, #68]	@ 0x44
	taskEXIT_CRITICAL();
 80015a6:	f7ff fe2f 	bl	8001208 <vPortExitCritical>
}
 80015aa:	bd38      	pop	{r3, r4, r5, pc}

080015ac <xQueueGenericReset>:
{
 80015ac:	b538      	push	{r3, r4, r5, lr}
	configASSERT( pxQueue );
 80015ae:	b1e0      	cbz	r0, 80015ea <xQueueGenericReset+0x3e>
 80015b0:	460d      	mov	r5, r1
 80015b2:	4604      	mov	r4, r0
	taskENTER_CRITICAL();
 80015b4:	f7ff fe06 	bl	80011c4 <vPortEnterCritical>
		pxQueue->u.xQueue.pcTail = pxQueue->pcHead + ( pxQueue->uxLength * pxQueue->uxItemSize ); /*lint !e9016 Pointer arithmetic allowed on char types, especially when it assists conveying intent. */
 80015b8:	6823      	ldr	r3, [r4, #0]
 80015ba:	6be2      	ldr	r2, [r4, #60]	@ 0x3c
 80015bc:	6c21      	ldr	r1, [r4, #64]	@ 0x40
 80015be:	fb01 3002 	mla	r0, r1, r2, r3
 80015c2:	60a0      	str	r0, [r4, #8]
		pxQueue->uxMessagesWaiting = ( UBaseType_t ) 0U;
 80015c4:	2000      	movs	r0, #0
 80015c6:	63a0      	str	r0, [r4, #56]	@ 0x38
		pxQueue->pcWriteTo = pxQueue->pcHead;
 80015c8:	6063      	str	r3, [r4, #4]
		pxQueue->u.xQueue.pcReadFrom = pxQueue->pcHead + ( ( pxQueue->uxLength - 1U ) * pxQueue->uxItemSize ); /*lint !e9016 Pointer arithmetic allowed on char types, especially when it assists conveying intent. */
 80015ca:	3a01      	subs	r2, #1
 80015cc:	fb02 3301 	mla	r3, r2, r1, r3
 80015d0:	60e3      	str	r3, [r4, #12]
		pxQueue->cRxLock = queueUNLOCKED;
 80015d2:	23ff      	movs	r3, #255	@ 0xff
 80015d4:	f884 3044 	strb.w	r3, [r4, #68]	@ 0x44
		pxQueue->cTxLock = queueUNLOCKED;
 80015d8:	f884 3045 	strb.w	r3, [r4, #69]	@ 0x45
		if( xNewQueue == pdFALSE )
 80015dc:	b9fd      	cbnz	r5, 800161e <xQueueGenericReset+0x72>
			if( listLIST_IS_EMPTY( &( pxQueue->xTasksWaitingToSend ) ) == pdFALSE )
 80015de:	6923      	ldr	r3, [r4, #16]
 80015e0:	b963      	cbnz	r3, 80015fc <xQueueGenericReset+0x50>
	taskEXIT_CRITICAL();
 80015e2:	f7ff fe11 	bl	8001208 <vPortExitCritical>
}
 80015e6:	2001      	movs	r0, #1
 80015e8:	bd38      	pop	{r3, r4, r5, pc}
 80015ea:	f04f 0350 	mov.w	r3, #80	@ 0x50
 80015ee:	f383 8811 	msr	BASEPRI, r3
 80015f2:	f3bf 8f6f 	isb	sy
 80015f6:	f3bf 8f4f 	dsb	sy
	configASSERT( pxQueue );
 80015fa:	e7fe      	b.n	80015fa <xQueueGenericReset+0x4e>
				if( xTaskRemoveFromEventList( &( pxQueue->xTasksWaitingToSend ) ) != pdFALSE )
 80015fc:	f104 0010 	add.w	r0, r4, #16
 8001600:	f004 fca2 	bl	8005f48 <xTaskRemoveFromEventList>
 8001604:	2800      	cmp	r0, #0
 8001606:	d0ec      	beq.n	80015e2 <xQueueGenericReset+0x36>
					queueYIELD_IF_USING_PREEMPTION();
 8001608:	f04f 23e0 	mov.w	r3, #3758153728	@ 0xe000e000
 800160c:	f04f 5280 	mov.w	r2, #268435456	@ 0x10000000
 8001610:	f8c3 2d04 	str.w	r2, [r3, #3332]	@ 0xd04
 8001614:	f3bf 8f4f 	dsb	sy
 8001618:	f3bf 8f6f 	isb	sy
 800161c:	e7e1      	b.n	80015e2 <xQueueGenericReset+0x36>
			vListInitialise( &( pxQueue->xTasksWaitingToSend ) );
 800161e:	f104 0010 	add.w	r0, r4, #16
 8001622:	f7ff fcab 	bl	8000f7c <vListInitialise>
			vListInitialise( &( pxQueue->xTasksWaitingToReceive ) );
 8001626:	f104 0024 	add.w	r0, r4, #36	@ 0x24
 800162a:	f7ff fca7 	bl	8000f7c <vListInitialise>
 800162e:	e7d8      	b.n	80015e2 <xQueueGenericReset+0x36>

08001630 <prvInitialiseNewQueue>:
{
 8001630:	b538      	push	{r3, r4, r5, lr}
 8001632:	461d      	mov	r5, r3
 8001634:	9c04      	ldr	r4, [sp, #16]
	if( uxItemSize == ( UBaseType_t ) 0 )
 8001636:	460b      	mov	r3, r1
 8001638:	b949      	cbnz	r1, 800164e <prvInitialiseNewQueue+0x1e>
		pxNewQueue->pcHead = ( int8_t * ) pxNewQueue;
 800163a:	6024      	str	r4, [r4, #0]
	pxNewQueue->uxLength = uxQueueLength;
 800163c:	63e0      	str	r0, [r4, #60]	@ 0x3c
	pxNewQueue->uxItemSize = uxItemSize;
 800163e:	6423      	str	r3, [r4, #64]	@ 0x40
	( void ) xQueueGenericReset( pxNewQueue, pdTRUE );
 8001640:	2101      	movs	r1, #1
 8001642:	4620      	mov	r0, r4
 8001644:	f7ff ffb2 	bl	80015ac <xQueueGenericReset>
		pxNewQueue->ucQueueType = ucQueueType;
 8001648:	f884 504c 	strb.w	r5, [r4, #76]	@ 0x4c
}
 800164c:	bd38      	pop	{r3, r4, r5, pc}
		pxNewQueue->pcHead = ( int8_t * ) pucQueueStorage;
 800164e:	6022      	str	r2, [r4, #0]
 8001650:	e7f4      	b.n	800163c <prvInitialiseNewQueue+0xc>

08001652 <xQueueGenericCreateStatic>:
		configASSERT( uxQueueLength > ( UBaseType_t ) 0 );
 8001652:	b940      	cbnz	r0, 8001666 <xQueueGenericCreateStatic+0x14>
 8001654:	f04f 0350 	mov.w	r3, #80	@ 0x50
 8001658:	f383 8811 	msr	BASEPRI, r3
 800165c:	f3bf 8f6f 	isb	sy
 8001660:	f3bf 8f4f 	dsb	sy
 8001664:	e7fe      	b.n	8001664 <xQueueGenericCreateStatic+0x12>
	{
 8001666:	b510      	push	{r4, lr}
 8001668:	b084      	sub	sp, #16
 800166a:	461c      	mov	r4, r3
 800166c:	4684      	mov	ip, r0
		configASSERT( pxStaticQueue != NULL );
 800166e:	b153      	cbz	r3, 8001686 <xQueueGenericCreateStatic+0x34>
		configASSERT( !( ( pucQueueStorage != NULL ) && ( uxItemSize == 0 ) ) );
 8001670:	b192      	cbz	r2, 8001698 <xQueueGenericCreateStatic+0x46>
 8001672:	b989      	cbnz	r1, 8001698 <xQueueGenericCreateStatic+0x46>
 8001674:	f04f 0350 	mov.w	r3, #80	@ 0x50
 8001678:	f383 8811 	msr	BASEPRI, r3
 800167c:	f3bf 8f6f 	isb	sy
 8001680:	f3bf 8f4f 	dsb	sy
 8001684:	e7fe      	b.n	8001684 <xQueueGenericCreateStatic+0x32>
 8001686:	f04f 0350 	mov.w	r3, #80	@ 0x50
 800168a:	f383 8811 	msr	BASEPRI, r3
 800168e:	f3bf 8f6f 	isb	sy
 8001692:	f3bf 8f4f 	dsb	sy
		configASSERT( pxStaticQueue != NULL );
 8001696:	e7fe      	b.n	8001696 <xQueueGenericCreateStatic+0x44>
		configASSERT( !( ( pucQueueStorage == NULL ) && ( uxItemSize != 0 ) ) );
 8001698:	b16a      	cbz	r2, 80016b6 <xQueueGenericCreateStatic+0x64>
			volatile size_t xSize = sizeof( StaticQueue_t );
 800169a:	2350      	movs	r3, #80	@ 0x50
 800169c:	9303      	str	r3, [sp, #12]
			configASSERT( xSize == sizeof( Queue_t ) );
 800169e:	9b03      	ldr	r3, [sp, #12]
 80016a0:	2b50      	cmp	r3, #80	@ 0x50
 80016a2:	d013      	beq.n	80016cc <xQueueGenericCreateStatic+0x7a>
 80016a4:	f04f 0350 	mov.w	r3, #80	@ 0x50
 80016a8:	f383 8811 	msr	BASEPRI, r3
 80016ac:	f3bf 8f6f 	isb	sy
 80016b0:	f3bf 8f4f 	dsb	sy
 80016b4:	e7fe      	b.n	80016b4 <xQueueGenericCreateStatic+0x62>
		configASSERT( !( ( pucQueueStorage == NULL ) && ( uxItemSize != 0 ) ) );
 80016b6:	2900      	cmp	r1, #0
 80016b8:	d0ef      	beq.n	800169a <xQueueGenericCreateStatic+0x48>
 80016ba:	f04f 0350 	mov.w	r3, #80	@ 0x50
 80016be:	f383 8811 	msr	BASEPRI, r3
 80016c2:	f3bf 8f6f 	isb	sy
 80016c6:	f3bf 8f4f 	dsb	sy
 80016ca:	e7fe      	b.n	80016ca <xQueueGenericCreateStatic+0x78>
			( void ) xSize; /* Keeps lint quiet when configASSERT() is not defined. */
 80016cc:	9b03      	ldr	r3, [sp, #12]
				pxNewQueue->ucStaticallyAllocated = pdTRUE;
 80016ce:	2301      	movs	r3, #1
 80016d0:	f884 3046 	strb.w	r3, [r4, #70]	@ 0x46
			prvInitialiseNewQueue( uxQueueLength, uxItemSize, pucQueueStorage, ucQueueType, pxNewQueue );
 80016d4:	9400      	str	r4, [sp, #0]
 80016d6:	f89d 3018 	ldrb.w	r3, [sp, #24]
 80016da:	4660      	mov	r0, ip
 80016dc:	f7ff ffa8 	bl	8001630 <prvInitialiseNewQueue>
	}
 80016e0:	4620      	mov	r0, r4
 80016e2:	b004      	add	sp, #16
 80016e4:	bd10      	pop	{r4, pc}

080016e6 <xQueueGenericSend>:
{
 80016e6:	b5f0      	push	{r4, r5, r6, r7, lr}
 80016e8:	b085      	sub	sp, #20
 80016ea:	9201      	str	r2, [sp, #4]
	configASSERT( pxQueue );
 80016ec:	b188      	cbz	r0, 8001712 <xQueueGenericSend+0x2c>
 80016ee:	460f      	mov	r7, r1
 80016f0:	461d      	mov	r5, r3
 80016f2:	4604      	mov	r4, r0
	configASSERT( !( ( pvItemToQueue == NULL ) && ( pxQueue->uxItemSize != ( UBaseType_t ) 0U ) ) );
 80016f4:	b1b1      	cbz	r1, 8001724 <xQueueGenericSend+0x3e>
	configASSERT( !( ( xCopyPosition == queueOVERWRITE ) && ( pxQueue->uxLength != 1 ) ) );
 80016f6:	2d02      	cmp	r5, #2
 80016f8:	d120      	bne.n	800173c <xQueueGenericSend+0x56>
 80016fa:	6be3      	ldr	r3, [r4, #60]	@ 0x3c
 80016fc:	2b01      	cmp	r3, #1
 80016fe:	d01d      	beq.n	800173c <xQueueGenericSend+0x56>
 8001700:	f04f 0350 	mov.w	r3, #80	@ 0x50
 8001704:	f383 8811 	msr	BASEPRI, r3
 8001708:	f3bf 8f6f 	isb	sy
 800170c:	f3bf 8f4f 	dsb	sy
 8001710:	e7fe      	b.n	8001710 <xQueueGenericSend+0x2a>
 8001712:	f04f 0350 	mov.w	r3, #80	@ 0x50
 8001716:	f383 8811 	msr	BASEPRI, r3
 800171a:	f3bf 8f6f 	isb	sy
 800171e:	f3bf 8f4f 	dsb	sy
	configASSERT( pxQueue );
 8001722:	e7fe      	b.n	8001722 <xQueueGenericSend+0x3c>
	configASSERT( !( ( pvItemToQueue == NULL ) && ( pxQueue->uxItemSize != ( UBaseType_t ) 0U ) ) );
 8001724:	6c03      	ldr	r3, [r0, #64]	@ 0x40
 8001726:	2b00      	cmp	r3, #0
 8001728:	d0e5      	beq.n	80016f6 <xQueueGenericSend+0x10>
 800172a:	f04f 0350 	mov.w	r3, #80	@ 0x50
 800172e:	f383 8811 	msr	BASEPRI, r3
 8001732:	f3bf 8f6f 	isb	sy
 8001736:	f3bf 8f4f 	dsb	sy
 800173a:	e7fe      	b.n	800173a <xQueueGenericSend+0x54>
		configASSERT( !( ( xTaskGetSchedulerState() == taskSCHEDULER_SUSPENDED ) && ( xTicksToWait != 0 ) ) );
 800173c:	f004 fca0 	bl	8006080 <xTaskGetSchedulerState>
 8001740:	4606      	mov	r6, r0
 8001742:	b958      	cbnz	r0, 800175c <xQueueGenericSend+0x76>
 8001744:	9b01      	ldr	r3, [sp, #4]
 8001746:	2b00      	cmp	r3, #0
 8001748:	d048      	beq.n	80017dc <xQueueGenericSend+0xf6>
 800174a:	f04f 0350 	mov.w	r3, #80	@ 0x50
 800174e:	f383 8811 	msr	BASEPRI, r3
 8001752:	f3bf 8f6f 	isb	sy
 8001756:	f3bf 8f4f 	dsb	sy
 800175a:	e7fe      	b.n	800175a <xQueueGenericSend+0x74>
 800175c:	2600      	movs	r6, #0
 800175e:	e03d      	b.n	80017dc <xQueueGenericSend+0xf6>
					xYieldRequired = prvCopyDataToQueue( pxQueue, pvItemToQueue, xCopyPosition );
 8001760:	462a      	mov	r2, r5
 8001762:	4639      	mov	r1, r7
 8001764:	4620      	mov	r0, r4
 8001766:	f7ff fe9d 	bl	80014a4 <prvCopyDataToQueue>
					if( listLIST_IS_EMPTY( &( pxQueue->xTasksWaitingToReceive ) ) == pdFALSE )
 800176a:	6a63      	ldr	r3, [r4, #36]	@ 0x24
 800176c:	b97b      	cbnz	r3, 800178e <xQueueGenericSend+0xa8>
					else if( xYieldRequired != pdFALSE )
 800176e:	b148      	cbz	r0, 8001784 <xQueueGenericSend+0x9e>
						queueYIELD_IF_USING_PREEMPTION();
 8001770:	f04f 23e0 	mov.w	r3, #3758153728	@ 0xe000e000
 8001774:	f04f 5280 	mov.w	r2, #268435456	@ 0x10000000
 8001778:	f8c3 2d04 	str.w	r2, [r3, #3332]	@ 0xd04
 800177c:	f3bf 8f4f 	dsb	sy
 8001780:	f3bf 8f6f 	isb	sy
				taskEXIT_CRITICAL();
 8001784:	f7ff fd40 	bl	8001208 <vPortExitCritical>
				return pdPASS;
 8001788:	2001      	movs	r0, #1
}
 800178a:	b005      	add	sp, #20
 800178c:	bdf0      	pop	{r4, r5, r6, r7, pc}
						if( xTaskRemoveFromEventList( &( pxQueue->xTasksWaitingToReceive ) ) != pdFALSE )
 800178e:	f104 0024 	add.w	r0, r4, #36	@ 0x24
 8001792:	f004 fbd9 	bl	8005f48 <xTaskRemoveFromEventList>
 8001796:	2800      	cmp	r0, #0
 8001798:	d0f4      	beq.n	8001784 <xQueueGenericSend+0x9e>
							queueYIELD_IF_USING_PREEMPTION();
 800179a:	f04f 23e0 	mov.w	r3, #3758153728	@ 0xe000e000
 800179e:	f04f 5280 	mov.w	r2, #268435456	@ 0x10000000
 80017a2:	f8c3 2d04 	str.w	r2, [r3, #3332]	@ 0xd04
 80017a6:	f3bf 8f4f 	dsb	sy
 80017aa:	f3bf 8f6f 	isb	sy
 80017ae:	e7e9      	b.n	8001784 <xQueueGenericSend+0x9e>
					taskEXIT_CRITICAL();
 80017b0:	f7ff fd2a 	bl	8001208 <vPortExitCritical>
					return errQUEUE_FULL;
 80017b4:	2000      	movs	r0, #0
 80017b6:	e7e8      	b.n	800178a <xQueueGenericSend+0xa4>
					vTaskInternalSetTimeOutState( &xTimeOut );
 80017b8:	a802      	add	r0, sp, #8
 80017ba:	f004 fc0b 	bl	8005fd4 <vTaskInternalSetTimeOutState>
					xEntryTimeSet = pdTRUE;
 80017be:	2601      	movs	r6, #1
 80017c0:	e019      	b.n	80017f6 <xQueueGenericSend+0x110>
		prvLockQueue( pxQueue );
 80017c2:	2300      	movs	r3, #0
 80017c4:	f884 3044 	strb.w	r3, [r4, #68]	@ 0x44
 80017c8:	e021      	b.n	800180e <xQueueGenericSend+0x128>
 80017ca:	2300      	movs	r3, #0
 80017cc:	f884 3045 	strb.w	r3, [r4, #69]	@ 0x45
 80017d0:	e023      	b.n	800181a <xQueueGenericSend+0x134>
				prvUnlockQueue( pxQueue );
 80017d2:	4620      	mov	r0, r4
 80017d4:	f7ff feb3 	bl	800153e <prvUnlockQueue>
				( void ) xTaskResumeAll();
 80017d8:	f004 fa94 	bl	8005d04 <xTaskResumeAll>
		taskENTER_CRITICAL();
 80017dc:	f7ff fcf2 	bl	80011c4 <vPortEnterCritical>
			if( ( pxQueue->uxMessagesWaiting < pxQueue->uxLength ) || ( xCopyPosition == queueOVERWRITE ) )
 80017e0:	6ba2      	ldr	r2, [r4, #56]	@ 0x38
 80017e2:	6be3      	ldr	r3, [r4, #60]	@ 0x3c
 80017e4:	429a      	cmp	r2, r3
 80017e6:	d3bb      	bcc.n	8001760 <xQueueGenericSend+0x7a>
 80017e8:	2d02      	cmp	r5, #2
 80017ea:	d0b9      	beq.n	8001760 <xQueueGenericSend+0x7a>
				if( xTicksToWait == ( TickType_t ) 0 )
 80017ec:	9b01      	ldr	r3, [sp, #4]
 80017ee:	2b00      	cmp	r3, #0
 80017f0:	d0de      	beq.n	80017b0 <xQueueGenericSend+0xca>
				else if( xEntryTimeSet == pdFALSE )
 80017f2:	2e00      	cmp	r6, #0
 80017f4:	d0e0      	beq.n	80017b8 <xQueueGenericSend+0xd2>
		taskEXIT_CRITICAL();
 80017f6:	f7ff fd07 	bl	8001208 <vPortExitCritical>
		vTaskSuspendAll();
 80017fa:	f004 f9e1 	bl	8005bc0 <vTaskSuspendAll>
		prvLockQueue( pxQueue );
 80017fe:	f7ff fce1 	bl	80011c4 <vPortEnterCritical>
 8001802:	f894 2044 	ldrb.w	r2, [r4, #68]	@ 0x44
 8001806:	b252      	sxtb	r2, r2
 8001808:	f1b2 3fff 	cmp.w	r2, #4294967295	@ 0xffffffff
 800180c:	d0d9      	beq.n	80017c2 <xQueueGenericSend+0xdc>
 800180e:	f894 2045 	ldrb.w	r2, [r4, #69]	@ 0x45
 8001812:	b252      	sxtb	r2, r2
 8001814:	f1b2 3fff 	cmp.w	r2, #4294967295	@ 0xffffffff
 8001818:	d0d7      	beq.n	80017ca <xQueueGenericSend+0xe4>
 800181a:	f7ff fcf5 	bl	8001208 <vPortExitCritical>
		if( xTaskCheckForTimeOut( &xTimeOut, &xTicksToWait ) == pdFALSE )
 800181e:	a901      	add	r1, sp, #4
 8001820:	a802      	add	r0, sp, #8
 8001822:	f004 fbe3 	bl	8005fec <xTaskCheckForTimeOut>
 8001826:	b9d8      	cbnz	r0, 8001860 <xQueueGenericSend+0x17a>
			if( prvIsQueueFull( pxQueue ) != pdFALSE )
 8001828:	4620      	mov	r0, r4
 800182a:	f7ff fe1f 	bl	800146c <prvIsQueueFull>
 800182e:	2800      	cmp	r0, #0
 8001830:	d0cf      	beq.n	80017d2 <xQueueGenericSend+0xec>
				vTaskPlaceOnEventList( &( pxQueue->xTasksWaitingToSend ), xTicksToWait );
 8001832:	9901      	ldr	r1, [sp, #4]
 8001834:	f104 0010 	add.w	r0, r4, #16
 8001838:	f004 fb52 	bl	8005ee0 <vTaskPlaceOnEventList>
				prvUnlockQueue( pxQueue );
 800183c:	4620      	mov	r0, r4
 800183e:	f7ff fe7e 	bl	800153e <prvUnlockQueue>
				if( xTaskResumeAll() == pdFALSE )
 8001842:	f004 fa5f 	bl	8005d04 <xTaskResumeAll>
 8001846:	2800      	cmp	r0, #0
 8001848:	d1c8      	bne.n	80017dc <xQueueGenericSend+0xf6>
					portYIELD_WITHIN_API();
 800184a:	f04f 23e0 	mov.w	r3, #3758153728	@ 0xe000e000
 800184e:	f04f 5280 	mov.w	r2, #268435456	@ 0x10000000
 8001852:	f8c3 2d04 	str.w	r2, [r3, #3332]	@ 0xd04
 8001856:	f3bf 8f4f 	dsb	sy
 800185a:	f3bf 8f6f 	isb	sy
 800185e:	e7bd      	b.n	80017dc <xQueueGenericSend+0xf6>
			prvUnlockQueue( pxQueue );
 8001860:	4620      	mov	r0, r4
 8001862:	f7ff fe6c 	bl	800153e <prvUnlockQueue>
			( void ) xTaskResumeAll();
 8001866:	f004 fa4d 	bl	8005d04 <xTaskResumeAll>
			return errQUEUE_FULL;
 800186a:	2000      	movs	r0, #0
 800186c:	e78d      	b.n	800178a <xQueueGenericSend+0xa4>

0800186e <xQueueGenericSendFromISR>:
{
 800186e:	e92d 43f8 	stmdb	sp!, {r3, r4, r5, r6, r7, r8, r9, lr}
	configASSERT( pxQueue );
 8001872:	b190      	cbz	r0, 800189a <xQueueGenericSendFromISR+0x2c>
 8001874:	460f      	mov	r7, r1
 8001876:	4616      	mov	r6, r2
 8001878:	461c      	mov	r4, r3
 800187a:	4605      	mov	r5, r0
	configASSERT( !( ( pvItemToQueue == NULL ) && ( pxQueue->uxItemSize != ( UBaseType_t ) 0U ) ) );
 800187c:	b1b1      	cbz	r1, 80018ac <xQueueGenericSendFromISR+0x3e>
	configASSERT( !( ( xCopyPosition == queueOVERWRITE ) && ( pxQueue->uxLength != 1 ) ) );
 800187e:	2c02      	cmp	r4, #2
 8001880:	d120      	bne.n	80018c4 <xQueueGenericSendFromISR+0x56>
 8001882:	6beb      	ldr	r3, [r5, #60]	@ 0x3c
 8001884:	2b01      	cmp	r3, #1
 8001886:	d01d      	beq.n	80018c4 <xQueueGenericSendFromISR+0x56>
 8001888:	f04f 0350 	mov.w	r3, #80	@ 0x50
 800188c:	f383 8811 	msr	BASEPRI, r3
 8001890:	f3bf 8f6f 	isb	sy
 8001894:	f3bf 8f4f 	dsb	sy
 8001898:	e7fe      	b.n	8001898 <xQueueGenericSendFromISR+0x2a>
 800189a:	f04f 0350 	mov.w	r3, #80	@ 0x50
 800189e:	f383 8811 	msr	BASEPRI, r3
 80018a2:	f3bf 8f6f 	isb	sy
 80018a6:	f3bf 8f4f 	dsb	sy
	configASSERT( pxQueue );
 80018aa:	e7fe      	b.n	80018aa <xQueueGenericSendFromISR+0x3c>
	configASSERT( !( ( pvItemToQueue == NULL ) && ( pxQueue->uxItemSize != ( UBaseType_t ) 0U ) ) );
 80018ac:	6c03      	ldr	r3, [r0, #64]	@ 0x40
 80018ae:	2b00      	cmp	r3, #0
 80018b0:	d0e5      	beq.n	800187e <xQueueGenericSendFromISR+0x10>
 80018b2:	f04f 0350 	mov.w	r3, #80	@ 0x50
 80018b6:	f383 8811 	msr	BASEPRI, r3
 80018ba:	f3bf 8f6f 	isb	sy
 80018be:	f3bf 8f4f 	dsb	sy
 80018c2:	e7fe      	b.n	80018c2 <xQueueGenericSendFromISR+0x54>
	portASSERT_IF_INTERRUPT_PRIORITY_INVALID();
 80018c4:	f7ff fda4 	bl	8001410 <vPortValidateInterruptPriority>
	__asm volatile
 80018c8:	f3ef 8811 	mrs	r8, BASEPRI
 80018cc:	f04f 0350 	mov.w	r3, #80	@ 0x50
 80018d0:	f383 8811 	msr	BASEPRI, r3
 80018d4:	f3bf 8f6f 	isb	sy
 80018d8:	f3bf 8f4f 	dsb	sy
		if( ( pxQueue->uxMessagesWaiting < pxQueue->uxLength ) || ( xCopyPosition == queueOVERWRITE ) )
 80018dc:	6baa      	ldr	r2, [r5, #56]	@ 0x38
 80018de:	6beb      	ldr	r3, [r5, #60]	@ 0x3c
 80018e0:	429a      	cmp	r2, r3
 80018e2:	d306      	bcc.n	80018f2 <xQueueGenericSendFromISR+0x84>
 80018e4:	2c02      	cmp	r4, #2
 80018e6:	d004      	beq.n	80018f2 <xQueueGenericSendFromISR+0x84>
			xReturn = errQUEUE_FULL;
 80018e8:	2000      	movs	r0, #0
	__asm volatile
 80018ea:	f388 8811 	msr	BASEPRI, r8
}
 80018ee:	e8bd 83f8 	ldmia.w	sp!, {r3, r4, r5, r6, r7, r8, r9, pc}
			const int8_t cTxLock = pxQueue->cTxLock;
 80018f2:	f895 9045 	ldrb.w	r9, [r5, #69]	@ 0x45
 80018f6:	fa4f f989 	sxtb.w	r9, r9
			const UBaseType_t uxPreviousMessagesWaiting = pxQueue->uxMessagesWaiting;
 80018fa:	6bab      	ldr	r3, [r5, #56]	@ 0x38
			( void ) prvCopyDataToQueue( pxQueue, pvItemToQueue, xCopyPosition );
 80018fc:	4622      	mov	r2, r4
 80018fe:	4639      	mov	r1, r7
 8001900:	4628      	mov	r0, r5
 8001902:	f7ff fdcf 	bl	80014a4 <prvCopyDataToQueue>
			if( cTxLock == queueUNLOCKED )
 8001906:	f1b9 3fff 	cmp.w	r9, #4294967295	@ 0xffffffff
 800190a:	d006      	beq.n	800191a <xQueueGenericSendFromISR+0xac>
				pxQueue->cTxLock = ( int8_t ) ( cTxLock + 1 );
 800190c:	f109 0301 	add.w	r3, r9, #1
 8001910:	b25b      	sxtb	r3, r3
 8001912:	f885 3045 	strb.w	r3, [r5, #69]	@ 0x45
			xReturn = pdPASS;
 8001916:	2001      	movs	r0, #1
 8001918:	e7e7      	b.n	80018ea <xQueueGenericSendFromISR+0x7c>
					if( listLIST_IS_EMPTY( &( pxQueue->xTasksWaitingToReceive ) ) == pdFALSE )
 800191a:	6a6b      	ldr	r3, [r5, #36]	@ 0x24
 800191c:	b90b      	cbnz	r3, 8001922 <xQueueGenericSendFromISR+0xb4>
			xReturn = pdPASS;
 800191e:	2001      	movs	r0, #1
 8001920:	e7e3      	b.n	80018ea <xQueueGenericSendFromISR+0x7c>
						if( xTaskRemoveFromEventList( &( pxQueue->xTasksWaitingToReceive ) ) != pdFALSE )
 8001922:	f105 0024 	add.w	r0, r5, #36	@ 0x24
 8001926:	f004 fb0f 	bl	8005f48 <xTaskRemoveFromEventList>
 800192a:	b118      	cbz	r0, 8001934 <xQueueGenericSendFromISR+0xc6>
							if( pxHigherPriorityTaskWoken != NULL )
 800192c:	b126      	cbz	r6, 8001938 <xQueueGenericSendFromISR+0xca>
								*pxHigherPriorityTaskWoken = pdTRUE;
 800192e:	2001      	movs	r0, #1
 8001930:	6030      	str	r0, [r6, #0]
 8001932:	e7da      	b.n	80018ea <xQueueGenericSendFromISR+0x7c>
			xReturn = pdPASS;
 8001934:	2001      	movs	r0, #1
 8001936:	e7d8      	b.n	80018ea <xQueueGenericSendFromISR+0x7c>
 8001938:	2001      	movs	r0, #1
 800193a:	e7d6      	b.n	80018ea <xQueueGenericSendFromISR+0x7c>

0800193c <xQueueReceive>:
{
 800193c:	b5f0      	push	{r4, r5, r6, r7, lr}
 800193e:	b085      	sub	sp, #20
 8001940:	9201      	str	r2, [sp, #4]
	configASSERT( ( pxQueue ) );
 8001942:	b190      	cbz	r0, 800196a <xQueueReceive+0x2e>
 8001944:	460f      	mov	r7, r1
 8001946:	4604      	mov	r4, r0
	configASSERT( !( ( ( pvBuffer ) == NULL ) && ( ( pxQueue )->uxItemSize != ( UBaseType_t ) 0U ) ) );
 8001948:	b1c1      	cbz	r1, 800197c <xQueueReceive+0x40>
		configASSERT( !( ( xTaskGetSchedulerState() == taskSCHEDULER_SUSPENDED ) && ( xTicksToWait != 0 ) ) );
 800194a:	f004 fb99 	bl	8006080 <xTaskGetSchedulerState>
 800194e:	4606      	mov	r6, r0
 8001950:	bb00      	cbnz	r0, 8001994 <xQueueReceive+0x58>
 8001952:	9b01      	ldr	r3, [sp, #4]
 8001954:	2b00      	cmp	r3, #0
 8001956:	d05e      	beq.n	8001a16 <xQueueReceive+0xda>
	__asm volatile
 8001958:	f04f 0350 	mov.w	r3, #80	@ 0x50
 800195c:	f383 8811 	msr	BASEPRI, r3
 8001960:	f3bf 8f6f 	isb	sy
 8001964:	f3bf 8f4f 	dsb	sy
 8001968:	e7fe      	b.n	8001968 <xQueueReceive+0x2c>
 800196a:	f04f 0350 	mov.w	r3, #80	@ 0x50
 800196e:	f383 8811 	msr	BASEPRI, r3
 8001972:	f3bf 8f6f 	isb	sy
 8001976:	f3bf 8f4f 	dsb	sy
	configASSERT( ( pxQueue ) );
 800197a:	e7fe      	b.n	800197a <xQueueReceive+0x3e>
	configASSERT( !( ( ( pvBuffer ) == NULL ) && ( ( pxQueue )->uxItemSize != ( UBaseType_t ) 0U ) ) );
 800197c:	6c03      	ldr	r3, [r0, #64]	@ 0x40
 800197e:	2b00      	cmp	r3, #0
 8001980:	d0e3      	beq.n	800194a <xQueueReceive+0xe>
 8001982:	f04f 0350 	mov.w	r3, #80	@ 0x50
 8001986:	f383 8811 	msr	BASEPRI, r3
 800198a:	f3bf 8f6f 	isb	sy
 800198e:	f3bf 8f4f 	dsb	sy
 8001992:	e7fe      	b.n	8001992 <xQueueReceive+0x56>
 8001994:	2600      	movs	r6, #0
 8001996:	e03e      	b.n	8001a16 <xQueueReceive+0xda>
				prvCopyDataFromQueue( pxQueue, pvBuffer );
 8001998:	4639      	mov	r1, r7
 800199a:	4620      	mov	r0, r4
 800199c:	f7ff fdbd 	bl	800151a <prvCopyDataFromQueue>
				pxQueue->uxMessagesWaiting = uxMessagesWaiting - ( UBaseType_t ) 1;
 80019a0:	3d01      	subs	r5, #1
 80019a2:	63a5      	str	r5, [r4, #56]	@ 0x38
				if( listLIST_IS_EMPTY( &( pxQueue->xTasksWaitingToSend ) ) == pdFALSE )
 80019a4:	6923      	ldr	r3, [r4, #16]
 80019a6:	b923      	cbnz	r3, 80019b2 <xQueueReceive+0x76>
				taskEXIT_CRITICAL();
 80019a8:	f7ff fc2e 	bl	8001208 <vPortExitCritical>
				return pdPASS;
 80019ac:	2001      	movs	r0, #1
}
 80019ae:	b005      	add	sp, #20
 80019b0:	bdf0      	pop	{r4, r5, r6, r7, pc}
					if( xTaskRemoveFromEventList( &( pxQueue->xTasksWaitingToSend ) ) != pdFALSE )
 80019b2:	f104 0010 	add.w	r0, r4, #16
 80019b6:	f004 fac7 	bl	8005f48 <xTaskRemoveFromEventList>
 80019ba:	2800      	cmp	r0, #0
 80019bc:	d0f4      	beq.n	80019a8 <xQueueReceive+0x6c>
						queueYIELD_IF_USING_PREEMPTION();
 80019be:	f04f 23e0 	mov.w	r3, #3758153728	@ 0xe000e000
 80019c2:	f04f 5280 	mov.w	r2, #268435456	@ 0x10000000
 80019c6:	f8c3 2d04 	str.w	r2, [r3, #3332]	@ 0xd04
 80019ca:	f3bf 8f4f 	dsb	sy
 80019ce:	f3bf 8f6f 	isb	sy
 80019d2:	e7e9      	b.n	80019a8 <xQueueReceive+0x6c>
					taskEXIT_CRITICAL();
 80019d4:	f7ff fc18 	bl	8001208 <vPortExitCritical>
					return errQUEUE_EMPTY;
 80019d8:	2000      	movs	r0, #0
 80019da:	e7e8      	b.n	80019ae <xQueueReceive+0x72>
					vTaskInternalSetTimeOutState( &xTimeOut );
 80019dc:	a802      	add	r0, sp, #8
 80019de:	f004 faf9 	bl	8005fd4 <vTaskInternalSetTimeOutState>
					xEntryTimeSet = pdTRUE;
 80019e2:	2601      	movs	r6, #1
 80019e4:	e021      	b.n	8001a2a <xQueueReceive+0xee>
		prvLockQueue( pxQueue );
 80019e6:	2300      	movs	r3, #0
 80019e8:	f884 3044 	strb.w	r3, [r4, #68]	@ 0x44
 80019ec:	e029      	b.n	8001a42 <xQueueReceive+0x106>
 80019ee:	2300      	movs	r3, #0
 80019f0:	f884 3045 	strb.w	r3, [r4, #69]	@ 0x45
 80019f4:	e02b      	b.n	8001a4e <xQueueReceive+0x112>
				prvUnlockQueue( pxQueue );
 80019f6:	4620      	mov	r0, r4
 80019f8:	f7ff fda1 	bl	800153e <prvUnlockQueue>
				( void ) xTaskResumeAll();
 80019fc:	f004 f982 	bl	8005d04 <xTaskResumeAll>
 8001a00:	e009      	b.n	8001a16 <xQueueReceive+0xda>
			prvUnlockQueue( pxQueue );
 8001a02:	4620      	mov	r0, r4
 8001a04:	f7ff fd9b 	bl	800153e <prvUnlockQueue>
			( void ) xTaskResumeAll();
 8001a08:	f004 f97c 	bl	8005d04 <xTaskResumeAll>
			if( prvIsQueueEmpty( pxQueue ) != pdFALSE )
 8001a0c:	4620      	mov	r0, r4
 8001a0e:	f7ff fd3c 	bl	800148a <prvIsQueueEmpty>
 8001a12:	2800      	cmp	r0, #0
 8001a14:	d13f      	bne.n	8001a96 <xQueueReceive+0x15a>
		taskENTER_CRITICAL();
 8001a16:	f7ff fbd5 	bl	80011c4 <vPortEnterCritical>
			const UBaseType_t uxMessagesWaiting = pxQueue->uxMessagesWaiting;
 8001a1a:	6ba5      	ldr	r5, [r4, #56]	@ 0x38
			if( uxMessagesWaiting > ( UBaseType_t ) 0 )
 8001a1c:	2d00      	cmp	r5, #0
 8001a1e:	d1bb      	bne.n	8001998 <xQueueReceive+0x5c>
				if( xTicksToWait == ( TickType_t ) 0 )
 8001a20:	9b01      	ldr	r3, [sp, #4]
 8001a22:	2b00      	cmp	r3, #0
 8001a24:	d0d6      	beq.n	80019d4 <xQueueReceive+0x98>
				else if( xEntryTimeSet == pdFALSE )
 8001a26:	2e00      	cmp	r6, #0
 8001a28:	d0d8      	beq.n	80019dc <xQueueReceive+0xa0>
		taskEXIT_CRITICAL();
 8001a2a:	f7ff fbed 	bl	8001208 <vPortExitCritical>
		vTaskSuspendAll();
 8001a2e:	f004 f8c7 	bl	8005bc0 <vTaskSuspendAll>
		prvLockQueue( pxQueue );
 8001a32:	f7ff fbc7 	bl	80011c4 <vPortEnterCritical>
 8001a36:	f894 3044 	ldrb.w	r3, [r4, #68]	@ 0x44
 8001a3a:	b25b      	sxtb	r3, r3
 8001a3c:	f1b3 3fff 	cmp.w	r3, #4294967295	@ 0xffffffff
 8001a40:	d0d1      	beq.n	80019e6 <xQueueReceive+0xaa>
 8001a42:	f894 3045 	ldrb.w	r3, [r4, #69]	@ 0x45
 8001a46:	b25b      	sxtb	r3, r3
 8001a48:	f1b3 3fff 	cmp.w	r3, #4294967295	@ 0xffffffff
 8001a4c:	d0cf      	beq.n	80019ee <xQueueReceive+0xb2>
 8001a4e:	f7ff fbdb 	bl	8001208 <vPortExitCritical>
		if( xTaskCheckForTimeOut( &xTimeOut, &xTicksToWait ) == pdFALSE )
 8001a52:	a901      	add	r1, sp, #4
 8001a54:	a802      	add	r0, sp, #8
 8001a56:	f004 fac9 	bl	8005fec <xTaskCheckForTimeOut>
 8001a5a:	2800      	cmp	r0, #0
 8001a5c:	d1d1      	bne.n	8001a02 <xQueueReceive+0xc6>
			if( prvIsQueueEmpty( pxQueue ) != pdFALSE )
 8001a5e:	4620      	mov	r0, r4
 8001a60:	f7ff fd13 	bl	800148a <prvIsQueueEmpty>
 8001a64:	2800      	cmp	r0, #0
 8001a66:	d0c6      	beq.n	80019f6 <xQueueReceive+0xba>
				vTaskPlaceOnEventList( &( pxQueue->xTasksWaitingToReceive ), xTicksToWait );
 8001a68:	9901      	ldr	r1, [sp, #4]
 8001a6a:	f104 0024 	add.w	r0, r4, #36	@ 0x24
 8001a6e:	f004 fa37 	bl	8005ee0 <vTaskPlaceOnEventList>
				prvUnlockQueue( pxQueue );
 8001a72:	4620      	mov	r0, r4
 8001a74:	f7ff fd63 	bl	800153e <prvUnlockQueue>
				if( xTaskResumeAll() == pdFALSE )
 8001a78:	f004 f944 	bl	8005d04 <xTaskResumeAll>
 8001a7c:	2800      	cmp	r0, #0
 8001a7e:	d1ca      	bne.n	8001a16 <xQueueReceive+0xda>
					portYIELD_WITHIN_API();
 8001a80:	f04f 23e0 	mov.w	r3, #3758153728	@ 0xe000e000
 8001a84:	f04f 5280 	mov.w	r2, #268435456	@ 0x10000000
 8001a88:	f8c3 2d04 	str.w	r2, [r3, #3332]	@ 0xd04
 8001a8c:	f3bf 8f4f 	dsb	sy
 8001a90:	f3bf 8f6f 	isb	sy
 8001a94:	e7bf      	b.n	8001a16 <xQueueReceive+0xda>
				return errQUEUE_EMPTY;
 8001a96:	2000      	movs	r0, #0
 8001a98:	e789      	b.n	80019ae <xQueueReceive+0x72>
	...

08001a9c <vQueueAddToRegistry>:
	{
	UBaseType_t ux;

		/* See if there is an empty space in the registry.  A NULL name denotes
		a free slot. */
		for( ux = ( UBaseType_t ) 0U; ux < ( UBaseType_t ) configQUEUE_REGISTRY_SIZE; ux++ )
 8001a9c:	2300      	movs	r3, #0
 8001a9e:	2b07      	cmp	r3, #7
 8001aa0:	d80c      	bhi.n	8001abc <vQueueAddToRegistry+0x20>
		{
			if( xQueueRegistry[ ux ].pcQueueName == NULL )
 8001aa2:	4a07      	ldr	r2, [pc, #28]	@ (8001ac0 <vQueueAddToRegistry+0x24>)
 8001aa4:	f852 2033 	ldr.w	r2, [r2, r3, lsl #3]
 8001aa8:	b10a      	cbz	r2, 8001aae <vQueueAddToRegistry+0x12>
		for( ux = ( UBaseType_t ) 0U; ux < ( UBaseType_t ) configQUEUE_REGISTRY_SIZE; ux++ )
 8001aaa:	3301      	adds	r3, #1
 8001aac:	e7f7      	b.n	8001a9e <vQueueAddToRegistry+0x2>
			{
				/* Store the information on this queue. */
				xQueueRegistry[ ux ].pcQueueName = pcQueueName;
 8001aae:	4a04      	ldr	r2, [pc, #16]	@ (8001ac0 <vQueueAddToRegistry+0x24>)
 8001ab0:	f842 1033 	str.w	r1, [r2, r3, lsl #3]
				xQueueRegistry[ ux ].xHandle = xQueue;
 8001ab4:	eb02 02c3 	add.w	r2, r2, r3, lsl #3
 8001ab8:	6050      	str	r0, [r2, #4]

				traceQUEUE_REGISTRY_ADD( xQueue, pcQueueName );
				break;
 8001aba:	4770      	bx	lr
			else
			{
				mtCOVERAGE_TEST_MARKER();
			}
		}
	}
 8001abc:	4770      	bx	lr
 8001abe:	bf00      	nop
 8001ac0:	20004658 	.word	0x20004658

08001ac4 <vQueueWaitForMessageRestricted>:
/*-----------------------------------------------------------*/

#if ( configUSE_TIMERS == 1 )

	void vQueueWaitForMessageRestricted( QueueHandle_t xQueue, TickType_t xTicksToWait, const BaseType_t xWaitIndefinitely )
	{
 8001ac4:	b570      	push	{r4, r5, r6, lr}
 8001ac6:	4604      	mov	r4, r0
 8001ac8:	460d      	mov	r5, r1
 8001aca:	4616      	mov	r6, r2
		will not actually cause the task to block, just place it on a blocked
		list.  It will not block until the scheduler is unlocked - at which
		time a yield will be performed.  If an item is added to the queue while
		the queue is locked, and the calling task blocks on the queue, then the
		calling task will be immediately unblocked when the queue is unlocked. */
		prvLockQueue( pxQueue );
 8001acc:	f7ff fb7a 	bl	80011c4 <vPortEnterCritical>
 8001ad0:	f894 3044 	ldrb.w	r3, [r4, #68]	@ 0x44
 8001ad4:	b25b      	sxtb	r3, r3
 8001ad6:	f1b3 3fff 	cmp.w	r3, #4294967295	@ 0xffffffff
 8001ada:	d00d      	beq.n	8001af8 <vQueueWaitForMessageRestricted+0x34>
 8001adc:	f894 3045 	ldrb.w	r3, [r4, #69]	@ 0x45
 8001ae0:	b25b      	sxtb	r3, r3
 8001ae2:	f1b3 3fff 	cmp.w	r3, #4294967295	@ 0xffffffff
 8001ae6:	d00b      	beq.n	8001b00 <vQueueWaitForMessageRestricted+0x3c>
 8001ae8:	f7ff fb8e 	bl	8001208 <vPortExitCritical>
		if( pxQueue->uxMessagesWaiting == ( UBaseType_t ) 0U )
 8001aec:	6ba3      	ldr	r3, [r4, #56]	@ 0x38
 8001aee:	b15b      	cbz	r3, 8001b08 <vQueueWaitForMessageRestricted+0x44>
		}
		else
		{
			mtCOVERAGE_TEST_MARKER();
		}
		prvUnlockQueue( pxQueue );
 8001af0:	4620      	mov	r0, r4
 8001af2:	f7ff fd24 	bl	800153e <prvUnlockQueue>
	}
 8001af6:	bd70      	pop	{r4, r5, r6, pc}
		prvLockQueue( pxQueue );
 8001af8:	2300      	movs	r3, #0
 8001afa:	f884 3044 	strb.w	r3, [r4, #68]	@ 0x44
 8001afe:	e7ed      	b.n	8001adc <vQueueWaitForMessageRestricted+0x18>
 8001b00:	2300      	movs	r3, #0
 8001b02:	f884 3045 	strb.w	r3, [r4, #69]	@ 0x45
 8001b06:	e7ef      	b.n	8001ae8 <vQueueWaitForMessageRestricted+0x24>
			vTaskPlaceOnEventListRestricted( &( pxQueue->xTasksWaitingToReceive ), xTicksToWait, xWaitIndefinitely );
 8001b08:	4632      	mov	r2, r6
 8001b0a:	4629      	mov	r1, r5
 8001b0c:	f104 0024 	add.w	r0, r4, #36	@ 0x24
 8001b10:	f004 f9fe 	bl	8005f10 <vTaskPlaceOnEventListRestricted>
 8001b14:	e7ec      	b.n	8001af0 <vQueueWaitForMessageRestricted+0x2c>

08001b16 <Servo_Init>:
#include "servo_control.h"

// Initialize servo (assumes TIM1 is already configured for PWM)
void Servo_Init(Servo *servo, TIM_HandleTypeDef *htim, uint32_t channel) {
    servo->htim = htim;
 8001b16:	6001      	str	r1, [r0, #0]
    servo->channel = channel;
 8001b18:	6042      	str	r2, [r0, #4]
    servo->min_pulse = SERVO_MIN_PULSE_TICKS;
 8001b1a:	f44f 73fa 	mov.w	r3, #500	@ 0x1f4
 8001b1e:	6083      	str	r3, [r0, #8]
    servo->max_pulse = SERVO_MAX_PULSE_TICKS;
 8001b20:	f640 13c4 	movw	r3, #2500	@ 0x9c4
 8001b24:	60c3      	str	r3, [r0, #12]
}
 8001b26:	4770      	bx	lr

08001b28 <Servo_SetAngle>:

// Set servo angle (0° to 180°) with instance-specific calibration limits
void Servo_SetAngle(Servo *servo, float angle) {
    // 1. Structural Guardrails
    if (angle < 0.0f)   angle = 0.0f;
 8001b28:	eeb5 0ac0 	vcmpe.f32	s0, #0.0
 8001b2c:	eef1 fa10 	vmrs	APSR_nzcv, fpscr
 8001b30:	d409      	bmi.n	8001b46 <Servo_SetAngle+0x1e>
    if (angle > 180.0f) angle = 180.0f;
 8001b32:	eddf 7a1a 	vldr	s15, [pc, #104]	@ 8001b9c <Servo_SetAngle+0x74>
 8001b36:	eeb4 0ae7 	vcmpe.f32	s0, s15
 8001b3a:	eef1 fa10 	vmrs	APSR_nzcv, fpscr
 8001b3e:	dd04      	ble.n	8001b4a <Servo_SetAngle+0x22>
 8001b40:	ed9f 0a16 	vldr	s0, [pc, #88]	@ 8001b9c <Servo_SetAngle+0x74>
 8001b44:	e001      	b.n	8001b4a <Servo_SetAngle+0x22>
    if (angle < 0.0f)   angle = 0.0f;
 8001b46:	ed9f 0a16 	vldr	s0, [pc, #88]	@ 8001ba0 <Servo_SetAngle+0x78>

    // 2. Calculate pulse width using the instance limits instead of global macros
    uint32_t pulse = servo->min_pulse + (uint32_t)((angle / 180.0f) * (servo->max_pulse - servo->min_pulse));
 8001b4a:	6882      	ldr	r2, [r0, #8]
 8001b4c:	eddf 7a13 	vldr	s15, [pc, #76]	@ 8001b9c <Servo_SetAngle+0x74>
 8001b50:	ee80 7a27 	vdiv.f32	s14, s0, s15
 8001b54:	68c3      	ldr	r3, [r0, #12]
 8001b56:	1a9b      	subs	r3, r3, r2
 8001b58:	ee07 3a90 	vmov	s15, r3
 8001b5c:	eef8 7a67 	vcvt.f32.u32	s15, s15
 8001b60:	ee67 7a87 	vmul.f32	s15, s15, s14
 8001b64:	eefc 7ae7 	vcvt.u32.f32	s15, s15
 8001b68:	ee17 3a90 	vmov	r3, s15
 8001b6c:	441a      	add	r2, r3
    
    // 3. Update the hardware register
    __HAL_TIM_SET_COMPARE(servo->htim, servo->channel, pulse);
 8001b6e:	6843      	ldr	r3, [r0, #4]
 8001b70:	b91b      	cbnz	r3, 8001b7a <Servo_SetAngle+0x52>
 8001b72:	6803      	ldr	r3, [r0, #0]
 8001b74:	681b      	ldr	r3, [r3, #0]
 8001b76:	635a      	str	r2, [r3, #52]	@ 0x34
 8001b78:	4770      	bx	lr
 8001b7a:	2b04      	cmp	r3, #4
 8001b7c:	d005      	beq.n	8001b8a <Servo_SetAngle+0x62>
 8001b7e:	2b08      	cmp	r3, #8
 8001b80:	d007      	beq.n	8001b92 <Servo_SetAngle+0x6a>
 8001b82:	6803      	ldr	r3, [r0, #0]
 8001b84:	681b      	ldr	r3, [r3, #0]
 8001b86:	641a      	str	r2, [r3, #64]	@ 0x40
}
 8001b88:	4770      	bx	lr
    __HAL_TIM_SET_COMPARE(servo->htim, servo->channel, pulse);
 8001b8a:	6803      	ldr	r3, [r0, #0]
 8001b8c:	681b      	ldr	r3, [r3, #0]
 8001b8e:	639a      	str	r2, [r3, #56]	@ 0x38
 8001b90:	4770      	bx	lr
 8001b92:	6803      	ldr	r3, [r0, #0]
 8001b94:	681b      	ldr	r3, [r3, #0]
 8001b96:	63da      	str	r2, [r3, #60]	@ 0x3c
 8001b98:	4770      	bx	lr
 8001b9a:	bf00      	nop
 8001b9c:	43340000 	.word	0x43340000
 8001ba0:	00000000 	.word	0x00000000

08001ba4 <Servo_Start>:

// Start servo PWM
void Servo_Start(Servo *servo) {
 8001ba4:	b508      	push	{r3, lr}
    HAL_TIM_PWM_Start(servo->htim, servo->channel);
 8001ba6:	6841      	ldr	r1, [r0, #4]
 8001ba8:	6800      	ldr	r0, [r0, #0]
 8001baa:	f002 fac3 	bl	8004134 <HAL_TIM_PWM_Start>
}
 8001bae:	bd08      	pop	{r3, pc}

08001bb0 <HAL_InitTick>:
  *       implementation  in user file.
  * @param TickPriority Tick interrupt priority.
  * @retval HAL status
  */
__weak HAL_StatusTypeDef HAL_InitTick(uint32_t TickPriority)
{
 8001bb0:	b510      	push	{r4, lr}
 8001bb2:	4604      	mov	r4, r0
  /* Configure the SysTick to have interrupt in 1ms time basis*/
  if (HAL_SYSTICK_Config(SystemCoreClock / (1000U / uwTickFreq)) > 0U)
 8001bb4:	4b0e      	ldr	r3, [pc, #56]	@ (8001bf0 <HAL_InitTick+0x40>)
 8001bb6:	781a      	ldrb	r2, [r3, #0]
 8001bb8:	f44f 737a 	mov.w	r3, #1000	@ 0x3e8
 8001bbc:	fbb3 f3f2 	udiv	r3, r3, r2
 8001bc0:	4a0c      	ldr	r2, [pc, #48]	@ (8001bf4 <HAL_InitTick+0x44>)
 8001bc2:	6810      	ldr	r0, [r2, #0]
 8001bc4:	fbb0 f0f3 	udiv	r0, r0, r3
 8001bc8:	f000 fa5c 	bl	8002084 <HAL_SYSTICK_Config>
 8001bcc:	b968      	cbnz	r0, 8001bea <HAL_InitTick+0x3a>
  {
    return HAL_ERROR;
  }

  /* Configure the SysTick IRQ priority */
  if (TickPriority < (1UL << __NVIC_PRIO_BITS))
 8001bce:	2c0f      	cmp	r4, #15
 8001bd0:	d901      	bls.n	8001bd6 <HAL_InitTick+0x26>
    HAL_NVIC_SetPriority(SysTick_IRQn, TickPriority, 0U);
    uwTickPrio = TickPriority;
  }
  else
  {
    return HAL_ERROR;
 8001bd2:	2001      	movs	r0, #1
 8001bd4:	e00a      	b.n	8001bec <HAL_InitTick+0x3c>
    HAL_NVIC_SetPriority(SysTick_IRQn, TickPriority, 0U);
 8001bd6:	2200      	movs	r2, #0
 8001bd8:	4621      	mov	r1, r4
 8001bda:	f04f 30ff 	mov.w	r0, #4294967295	@ 0xffffffff
 8001bde:	f000 fa3d 	bl	800205c <HAL_NVIC_SetPriority>
    uwTickPrio = TickPriority;
 8001be2:	4b05      	ldr	r3, [pc, #20]	@ (8001bf8 <HAL_InitTick+0x48>)
 8001be4:	601c      	str	r4, [r3, #0]
  }

  /* Return function status */
  return HAL_OK;
 8001be6:	2000      	movs	r0, #0
 8001be8:	e000      	b.n	8001bec <HAL_InitTick+0x3c>
    return HAL_ERROR;
 8001bea:	2001      	movs	r0, #1
}
 8001bec:	bd10      	pop	{r4, pc}
 8001bee:	bf00      	nop
 8001bf0:	20000004 	.word	0x20000004
 8001bf4:	2000000c 	.word	0x2000000c
 8001bf8:	20000008 	.word	0x20000008

08001bfc <HAL_Init>:
{
 8001bfc:	b508      	push	{r3, lr}
  __HAL_FLASH_INSTRUCTION_CACHE_ENABLE();
 8001bfe:	4b0b      	ldr	r3, [pc, #44]	@ (8001c2c <HAL_Init+0x30>)
 8001c00:	681a      	ldr	r2, [r3, #0]
 8001c02:	f442 7200 	orr.w	r2, r2, #512	@ 0x200
 8001c06:	601a      	str	r2, [r3, #0]
  __HAL_FLASH_DATA_CACHE_ENABLE();
 8001c08:	681a      	ldr	r2, [r3, #0]
 8001c0a:	f442 6280 	orr.w	r2, r2, #1024	@ 0x400
 8001c0e:	601a      	str	r2, [r3, #0]
  __HAL_FLASH_PREFETCH_BUFFER_ENABLE();
 8001c10:	681a      	ldr	r2, [r3, #0]
 8001c12:	f442 7280 	orr.w	r2, r2, #256	@ 0x100
 8001c16:	601a      	str	r2, [r3, #0]
  HAL_NVIC_SetPriorityGrouping(NVIC_PRIORITYGROUP_4);
 8001c18:	2003      	movs	r0, #3
 8001c1a:	f000 fa0d 	bl	8002038 <HAL_NVIC_SetPriorityGrouping>
  HAL_InitTick(TICK_INT_PRIORITY);
 8001c1e:	200f      	movs	r0, #15
 8001c20:	f7ff ffc6 	bl	8001bb0 <HAL_InitTick>
  HAL_MspInit();
 8001c24:	f000 fe74 	bl	8002910 <HAL_MspInit>
}
 8001c28:	2000      	movs	r0, #0
 8001c2a:	bd08      	pop	{r3, pc}
 8001c2c:	40023c00 	.word	0x40023c00

08001c30 <HAL_IncTick>:
  *      implementations in user file.
  * @retval None
  */
__weak void HAL_IncTick(void)
{
  uwTick += uwTickFreq;
 8001c30:	4a03      	ldr	r2, [pc, #12]	@ (8001c40 <HAL_IncTick+0x10>)
 8001c32:	6811      	ldr	r1, [r2, #0]
 8001c34:	4b03      	ldr	r3, [pc, #12]	@ (8001c44 <HAL_IncTick+0x14>)
 8001c36:	781b      	ldrb	r3, [r3, #0]
 8001c38:	440b      	add	r3, r1
 8001c3a:	6013      	str	r3, [r2, #0]
}
 8001c3c:	4770      	bx	lr
 8001c3e:	bf00      	nop
 8001c40:	20004698 	.word	0x20004698
 8001c44:	20000004 	.word	0x20000004

08001c48 <HAL_GetTick>:
  *       implementations in user file.
  * @retval tick value
  */
__weak uint32_t HAL_GetTick(void)
{
  return uwTick;
 8001c48:	4b01      	ldr	r3, [pc, #4]	@ (8001c50 <HAL_GetTick+0x8>)
 8001c4a:	6818      	ldr	r0, [r3, #0]
}
 8001c4c:	4770      	bx	lr
 8001c4e:	bf00      	nop
 8001c50:	20004698 	.word	0x20004698

08001c54 <HAL_Delay>:
  *       implementations in user file.
  * @param Delay specifies the delay time length, in milliseconds.
  * @retval None
  */
__weak void HAL_Delay(uint32_t Delay)
{
 8001c54:	b538      	push	{r3, r4, r5, lr}
 8001c56:	4604      	mov	r4, r0
  uint32_t tickstart = HAL_GetTick();
 8001c58:	f7ff fff6 	bl	8001c48 <HAL_GetTick>
 8001c5c:	4605      	mov	r5, r0
  uint32_t wait = Delay;

  /* Add a freq to guarantee minimum wait */
  if (wait < HAL_MAX_DELAY)
 8001c5e:	f1b4 3fff 	cmp.w	r4, #4294967295	@ 0xffffffff
 8001c62:	d002      	beq.n	8001c6a <HAL_Delay+0x16>
  {
    wait += (uint32_t)(uwTickFreq);
 8001c64:	4b04      	ldr	r3, [pc, #16]	@ (8001c78 <HAL_Delay+0x24>)
 8001c66:	781b      	ldrb	r3, [r3, #0]
 8001c68:	441c      	add	r4, r3
  }

  while((HAL_GetTick() - tickstart) < wait)
 8001c6a:	f7ff ffed 	bl	8001c48 <HAL_GetTick>
 8001c6e:	1b40      	subs	r0, r0, r5
 8001c70:	42a0      	cmp	r0, r4
 8001c72:	d3fa      	bcc.n	8001c6a <HAL_Delay+0x16>
  {
  }
}
 8001c74:	bd38      	pop	{r3, r4, r5, pc}
 8001c76:	bf00      	nop
 8001c78:	20000004 	.word	0x20000004

08001c7c <ADC_Init>:
  /* (Depending on STM32F4 product, there may be up to 3 ADCs and 1 common */
  /* control register)                                                    */
  tmpADC_Common = ADC_COMMON_REGISTER(hadc);

  /* Set the ADC clock prescaler */
  tmpADC_Common->CCR &= ~(ADC_CCR_ADCPRE);
 8001c7c:	4b4a      	ldr	r3, [pc, #296]	@ (8001da8 <ADC_Init+0x12c>)
 8001c7e:	685a      	ldr	r2, [r3, #4]
 8001c80:	f422 3240 	bic.w	r2, r2, #196608	@ 0x30000
 8001c84:	605a      	str	r2, [r3, #4]
  tmpADC_Common->CCR |=  hadc->Init.ClockPrescaler;
 8001c86:	685a      	ldr	r2, [r3, #4]
 8001c88:	6841      	ldr	r1, [r0, #4]
 8001c8a:	430a      	orrs	r2, r1
 8001c8c:	605a      	str	r2, [r3, #4]

  /* Set ADC scan mode */
  hadc->Instance->CR1 &= ~(ADC_CR1_SCAN);
 8001c8e:	6802      	ldr	r2, [r0, #0]
 8001c90:	6853      	ldr	r3, [r2, #4]
 8001c92:	f423 7380 	bic.w	r3, r3, #256	@ 0x100
 8001c96:	6053      	str	r3, [r2, #4]
  hadc->Instance->CR1 |=  ADC_CR1_SCANCONV(hadc->Init.ScanConvMode);
 8001c98:	6802      	ldr	r2, [r0, #0]
 8001c9a:	6853      	ldr	r3, [r2, #4]
 8001c9c:	6901      	ldr	r1, [r0, #16]
 8001c9e:	ea43 2301 	orr.w	r3, r3, r1, lsl #8
 8001ca2:	6053      	str	r3, [r2, #4]

  /* Set ADC resolution */
  hadc->Instance->CR1 &= ~(ADC_CR1_RES);
 8001ca4:	6802      	ldr	r2, [r0, #0]
 8001ca6:	6853      	ldr	r3, [r2, #4]
 8001ca8:	f023 7340 	bic.w	r3, r3, #50331648	@ 0x3000000
 8001cac:	6053      	str	r3, [r2, #4]
  hadc->Instance->CR1 |=  hadc->Init.Resolution;
 8001cae:	6802      	ldr	r2, [r0, #0]
 8001cb0:	6853      	ldr	r3, [r2, #4]
 8001cb2:	6881      	ldr	r1, [r0, #8]
 8001cb4:	430b      	orrs	r3, r1
 8001cb6:	6053      	str	r3, [r2, #4]

  /* Set ADC data alignment */
  hadc->Instance->CR2 &= ~(ADC_CR2_ALIGN);
 8001cb8:	6802      	ldr	r2, [r0, #0]
 8001cba:	6893      	ldr	r3, [r2, #8]
 8001cbc:	f423 6300 	bic.w	r3, r3, #2048	@ 0x800
 8001cc0:	6093      	str	r3, [r2, #8]
  hadc->Instance->CR2 |= hadc->Init.DataAlign;
 8001cc2:	6802      	ldr	r2, [r0, #0]
 8001cc4:	6893      	ldr	r3, [r2, #8]
 8001cc6:	68c1      	ldr	r1, [r0, #12]
 8001cc8:	430b      	orrs	r3, r1
 8001cca:	6093      	str	r3, [r2, #8]
  /* Enable external trigger if trigger selection is different of software  */
  /* start.                                                                 */
  /* Note: This configuration keeps the hardware feature of parameter       */
  /*       ExternalTrigConvEdge "trigger edge none" equivalent to           */
  /*       software start.                                                  */
  if (hadc->Init.ExternalTrigConv != ADC_SOFTWARE_START)
 8001ccc:	6a82      	ldr	r2, [r0, #40]	@ 0x28
 8001cce:	4b37      	ldr	r3, [pc, #220]	@ (8001dac <ADC_Init+0x130>)
 8001cd0:	429a      	cmp	r2, r3
 8001cd2:	d057      	beq.n	8001d84 <ADC_Init+0x108>
  {
    /* Select external trigger to start conversion */
    hadc->Instance->CR2 &= ~(ADC_CR2_EXTSEL);
 8001cd4:	6802      	ldr	r2, [r0, #0]
 8001cd6:	6893      	ldr	r3, [r2, #8]
 8001cd8:	f023 6370 	bic.w	r3, r3, #251658240	@ 0xf000000
 8001cdc:	6093      	str	r3, [r2, #8]
    hadc->Instance->CR2 |= hadc->Init.ExternalTrigConv;
 8001cde:	6802      	ldr	r2, [r0, #0]
 8001ce0:	6893      	ldr	r3, [r2, #8]
 8001ce2:	6a81      	ldr	r1, [r0, #40]	@ 0x28
 8001ce4:	430b      	orrs	r3, r1
 8001ce6:	6093      	str	r3, [r2, #8]

    /* Select external trigger polarity */
    hadc->Instance->CR2 &= ~(ADC_CR2_EXTEN);
 8001ce8:	6802      	ldr	r2, [r0, #0]
 8001cea:	6893      	ldr	r3, [r2, #8]
 8001cec:	f023 5340 	bic.w	r3, r3, #805306368	@ 0x30000000
 8001cf0:	6093      	str	r3, [r2, #8]
    hadc->Instance->CR2 |= hadc->Init.ExternalTrigConvEdge;
 8001cf2:	6802      	ldr	r2, [r0, #0]
 8001cf4:	6893      	ldr	r3, [r2, #8]
 8001cf6:	6ac1      	ldr	r1, [r0, #44]	@ 0x2c
 8001cf8:	430b      	orrs	r3, r1
 8001cfa:	6093      	str	r3, [r2, #8]
    hadc->Instance->CR2 &= ~(ADC_CR2_EXTSEL);
    hadc->Instance->CR2 &= ~(ADC_CR2_EXTEN);
  }

  /* Enable or disable ADC continuous conversion mode */
  hadc->Instance->CR2 &= ~(ADC_CR2_CONT);
 8001cfc:	6802      	ldr	r2, [r0, #0]
 8001cfe:	6893      	ldr	r3, [r2, #8]
 8001d00:	f023 0302 	bic.w	r3, r3, #2
 8001d04:	6093      	str	r3, [r2, #8]
  hadc->Instance->CR2 |= ADC_CR2_CONTINUOUS((uint32_t)hadc->Init.ContinuousConvMode);
 8001d06:	6802      	ldr	r2, [r0, #0]
 8001d08:	6893      	ldr	r3, [r2, #8]
 8001d0a:	7e01      	ldrb	r1, [r0, #24]
 8001d0c:	ea43 0341 	orr.w	r3, r3, r1, lsl #1
 8001d10:	6093      	str	r3, [r2, #8]

  if (hadc->Init.DiscontinuousConvMode != DISABLE)
 8001d12:	f890 3020 	ldrb.w	r3, [r0, #32]
 8001d16:	2b00      	cmp	r3, #0
 8001d18:	d03f      	beq.n	8001d9a <ADC_Init+0x11e>
  {
    assert_param(IS_ADC_REGULAR_DISC_NUMBER(hadc->Init.NbrOfDiscConversion));

    /* Enable the selected ADC regular discontinuous mode */
    hadc->Instance->CR1 |= (uint32_t)ADC_CR1_DISCEN;
 8001d1a:	6802      	ldr	r2, [r0, #0]
 8001d1c:	6853      	ldr	r3, [r2, #4]
 8001d1e:	f443 6300 	orr.w	r3, r3, #2048	@ 0x800
 8001d22:	6053      	str	r3, [r2, #4]

    /* Set the number of channels to be converted in discontinuous mode */
    hadc->Instance->CR1 &= ~(ADC_CR1_DISCNUM);
 8001d24:	6802      	ldr	r2, [r0, #0]
 8001d26:	6853      	ldr	r3, [r2, #4]
 8001d28:	f423 4360 	bic.w	r3, r3, #57344	@ 0xe000
 8001d2c:	6053      	str	r3, [r2, #4]
    hadc->Instance->CR1 |=  ADC_CR1_DISCONTINUOUS(hadc->Init.NbrOfDiscConversion);
 8001d2e:	6801      	ldr	r1, [r0, #0]
 8001d30:	684b      	ldr	r3, [r1, #4]
 8001d32:	6a42      	ldr	r2, [r0, #36]	@ 0x24
 8001d34:	3a01      	subs	r2, #1
 8001d36:	ea43 3342 	orr.w	r3, r3, r2, lsl #13
 8001d3a:	604b      	str	r3, [r1, #4]
    /* Disable the selected ADC regular discontinuous mode */
    hadc->Instance->CR1 &= ~(ADC_CR1_DISCEN);
  }

  /* Set ADC number of conversion */
  hadc->Instance->SQR1 &= ~(ADC_SQR1_L);
 8001d3c:	6802      	ldr	r2, [r0, #0]
 8001d3e:	6ad3      	ldr	r3, [r2, #44]	@ 0x2c
 8001d40:	f423 0370 	bic.w	r3, r3, #15728640	@ 0xf00000
 8001d44:	62d3      	str	r3, [r2, #44]	@ 0x2c
  hadc->Instance->SQR1 |=  ADC_SQR1(hadc->Init.NbrOfConversion);
 8001d46:	6801      	ldr	r1, [r0, #0]
 8001d48:	6acb      	ldr	r3, [r1, #44]	@ 0x2c
 8001d4a:	69c2      	ldr	r2, [r0, #28]
 8001d4c:	3a01      	subs	r2, #1
 8001d4e:	ea43 5302 	orr.w	r3, r3, r2, lsl #20
 8001d52:	62cb      	str	r3, [r1, #44]	@ 0x2c

  /* Enable or disable ADC DMA continuous request */
  hadc->Instance->CR2 &= ~(ADC_CR2_DDS);
 8001d54:	6802      	ldr	r2, [r0, #0]
 8001d56:	6893      	ldr	r3, [r2, #8]
 8001d58:	f423 7300 	bic.w	r3, r3, #512	@ 0x200
 8001d5c:	6093      	str	r3, [r2, #8]
  hadc->Instance->CR2 |= ADC_CR2_DMAContReq((uint32_t)hadc->Init.DMAContinuousRequests);
 8001d5e:	6802      	ldr	r2, [r0, #0]
 8001d60:	6893      	ldr	r3, [r2, #8]
 8001d62:	f890 1030 	ldrb.w	r1, [r0, #48]	@ 0x30
 8001d66:	ea43 2341 	orr.w	r3, r3, r1, lsl #9
 8001d6a:	6093      	str	r3, [r2, #8]

  /* Enable or disable ADC end of conversion selection */
  hadc->Instance->CR2 &= ~(ADC_CR2_EOCS);
 8001d6c:	6802      	ldr	r2, [r0, #0]
 8001d6e:	6893      	ldr	r3, [r2, #8]
 8001d70:	f423 6380 	bic.w	r3, r3, #1024	@ 0x400
 8001d74:	6093      	str	r3, [r2, #8]
  hadc->Instance->CR2 |= ADC_CR2_EOCSelection(hadc->Init.EOCSelection);
 8001d76:	6802      	ldr	r2, [r0, #0]
 8001d78:	6893      	ldr	r3, [r2, #8]
 8001d7a:	6941      	ldr	r1, [r0, #20]
 8001d7c:	ea43 2381 	orr.w	r3, r3, r1, lsl #10
 8001d80:	6093      	str	r3, [r2, #8]
}
 8001d82:	4770      	bx	lr
    hadc->Instance->CR2 &= ~(ADC_CR2_EXTSEL);
 8001d84:	6802      	ldr	r2, [r0, #0]
 8001d86:	6893      	ldr	r3, [r2, #8]
 8001d88:	f023 6370 	bic.w	r3, r3, #251658240	@ 0xf000000
 8001d8c:	6093      	str	r3, [r2, #8]
    hadc->Instance->CR2 &= ~(ADC_CR2_EXTEN);
 8001d8e:	6802      	ldr	r2, [r0, #0]
 8001d90:	6893      	ldr	r3, [r2, #8]
 8001d92:	f023 5340 	bic.w	r3, r3, #805306368	@ 0x30000000
 8001d96:	6093      	str	r3, [r2, #8]
 8001d98:	e7b0      	b.n	8001cfc <ADC_Init+0x80>
    hadc->Instance->CR1 &= ~(ADC_CR1_DISCEN);
 8001d9a:	6802      	ldr	r2, [r0, #0]
 8001d9c:	6853      	ldr	r3, [r2, #4]
 8001d9e:	f423 6300 	bic.w	r3, r3, #2048	@ 0x800
 8001da2:	6053      	str	r3, [r2, #4]
 8001da4:	e7ca      	b.n	8001d3c <ADC_Init+0xc0>
 8001da6:	bf00      	nop
 8001da8:	40012300 	.word	0x40012300
 8001dac:	0f000001 	.word	0x0f000001

08001db0 <HAL_ADC_Init>:
  if (hadc == NULL)
 8001db0:	b338      	cbz	r0, 8001e02 <HAL_ADC_Init+0x52>
{
 8001db2:	b510      	push	{r4, lr}
 8001db4:	4604      	mov	r4, r0
  if (hadc->State == HAL_ADC_STATE_RESET)
 8001db6:	6c03      	ldr	r3, [r0, #64]	@ 0x40
 8001db8:	b143      	cbz	r3, 8001dcc <HAL_ADC_Init+0x1c>
  if (HAL_IS_BIT_CLR(hadc->State, HAL_ADC_STATE_ERROR_INTERNAL))
 8001dba:	6c23      	ldr	r3, [r4, #64]	@ 0x40
 8001dbc:	f013 0f10 	tst.w	r3, #16
 8001dc0:	d00b      	beq.n	8001dda <HAL_ADC_Init+0x2a>
    tmp_hal_status = HAL_ERROR;
 8001dc2:	2001      	movs	r0, #1
  __HAL_UNLOCK(hadc);
 8001dc4:	2300      	movs	r3, #0
 8001dc6:	f884 303c 	strb.w	r3, [r4, #60]	@ 0x3c
}
 8001dca:	bd10      	pop	{r4, pc}
    HAL_ADC_MspInit(hadc);
 8001dcc:	f7fe faaa 	bl	8000324 <HAL_ADC_MspInit>
    ADC_CLEAR_ERRORCODE(hadc);
 8001dd0:	2300      	movs	r3, #0
 8001dd2:	6463      	str	r3, [r4, #68]	@ 0x44
    hadc->Lock = HAL_UNLOCKED;
 8001dd4:	f884 303c 	strb.w	r3, [r4, #60]	@ 0x3c
 8001dd8:	e7ef      	b.n	8001dba <HAL_ADC_Init+0xa>
    ADC_STATE_CLR_SET(hadc->State,
 8001dda:	6c23      	ldr	r3, [r4, #64]	@ 0x40
 8001ddc:	f423 5388 	bic.w	r3, r3, #4352	@ 0x1100
 8001de0:	f023 0302 	bic.w	r3, r3, #2
 8001de4:	f043 0302 	orr.w	r3, r3, #2
 8001de8:	6423      	str	r3, [r4, #64]	@ 0x40
    ADC_Init(hadc);
 8001dea:	4620      	mov	r0, r4
 8001dec:	f7ff ff46 	bl	8001c7c <ADC_Init>
    ADC_CLEAR_ERRORCODE(hadc);
 8001df0:	2000      	movs	r0, #0
 8001df2:	6460      	str	r0, [r4, #68]	@ 0x44
    ADC_STATE_CLR_SET(hadc->State,
 8001df4:	6c23      	ldr	r3, [r4, #64]	@ 0x40
 8001df6:	f023 0303 	bic.w	r3, r3, #3
 8001dfa:	f043 0301 	orr.w	r3, r3, #1
 8001dfe:	6423      	str	r3, [r4, #64]	@ 0x40
 8001e00:	e7e0      	b.n	8001dc4 <HAL_ADC_Init+0x14>
    return HAL_ERROR;
 8001e02:	2001      	movs	r0, #1
}
 8001e04:	4770      	bx	lr
	...

08001e08 <HAL_ADC_ConfigChannel>:
{
 8001e08:	b430      	push	{r4, r5}
 8001e0a:	b082      	sub	sp, #8
  __IO uint32_t counter = 0U;
 8001e0c:	2200      	movs	r2, #0
 8001e0e:	9201      	str	r2, [sp, #4]
  __HAL_LOCK(hadc);
 8001e10:	f890 203c 	ldrb.w	r2, [r0, #60]	@ 0x3c
 8001e14:	2a01      	cmp	r2, #1
 8001e16:	f000 80c0 	beq.w	8001f9a <HAL_ADC_ConfigChannel+0x192>
 8001e1a:	4603      	mov	r3, r0
 8001e1c:	2201      	movs	r2, #1
 8001e1e:	f880 203c 	strb.w	r2, [r0, #60]	@ 0x3c
  if (sConfig->Channel > ADC_CHANNEL_9)
 8001e22:	680a      	ldr	r2, [r1, #0]
 8001e24:	2a09      	cmp	r2, #9
 8001e26:	d940      	bls.n	8001eaa <HAL_ADC_ConfigChannel+0xa2>
    hadc->Instance->SMPR1 &= ~ADC_SMPR1(ADC_SMPR1_SMP10, sConfig->Channel);
 8001e28:	6804      	ldr	r4, [r0, #0]
 8001e2a:	68e0      	ldr	r0, [r4, #12]
 8001e2c:	b292      	uxth	r2, r2
 8001e2e:	eb02 0242 	add.w	r2, r2, r2, lsl #1
 8001e32:	3a1e      	subs	r2, #30
 8001e34:	f04f 0c07 	mov.w	ip, #7
 8001e38:	fa0c f202 	lsl.w	r2, ip, r2
 8001e3c:	ea20 0202 	bic.w	r2, r0, r2
 8001e40:	60e2      	str	r2, [r4, #12]
    hadc->Instance->SMPR1 |= ADC_SMPR1(sConfig->SamplingTime, sConfig->Channel);
 8001e42:	681c      	ldr	r4, [r3, #0]
 8001e44:	68e0      	ldr	r0, [r4, #12]
 8001e46:	880a      	ldrh	r2, [r1, #0]
 8001e48:	eb02 0242 	add.w	r2, r2, r2, lsl #1
 8001e4c:	3a1e      	subs	r2, #30
 8001e4e:	688d      	ldr	r5, [r1, #8]
 8001e50:	fa05 f202 	lsl.w	r2, r5, r2
 8001e54:	4302      	orrs	r2, r0
 8001e56:	60e2      	str	r2, [r4, #12]
  if (sConfig->Rank < 7U)
 8001e58:	684a      	ldr	r2, [r1, #4]
 8001e5a:	2a06      	cmp	r2, #6
 8001e5c:	d83c      	bhi.n	8001ed8 <HAL_ADC_ConfigChannel+0xd0>
    hadc->Instance->SQR3 &= ~ADC_SQR3_RK(ADC_SQR3_SQ1, sConfig->Rank);
 8001e5e:	681c      	ldr	r4, [r3, #0]
 8001e60:	6b60      	ldr	r0, [r4, #52]	@ 0x34
 8001e62:	eb02 0282 	add.w	r2, r2, r2, lsl #2
 8001e66:	3a05      	subs	r2, #5
 8001e68:	f04f 0c1f 	mov.w	ip, #31
 8001e6c:	fa0c f202 	lsl.w	r2, ip, r2
 8001e70:	ea20 0202 	bic.w	r2, r0, r2
 8001e74:	6362      	str	r2, [r4, #52]	@ 0x34
    hadc->Instance->SQR3 |= ADC_SQR3_RK(sConfig->Channel, sConfig->Rank);
 8001e76:	681c      	ldr	r4, [r3, #0]
 8001e78:	6b60      	ldr	r0, [r4, #52]	@ 0x34
 8001e7a:	684a      	ldr	r2, [r1, #4]
 8001e7c:	eb02 0282 	add.w	r2, r2, r2, lsl #2
 8001e80:	3a05      	subs	r2, #5
 8001e82:	f8b1 c000 	ldrh.w	ip, [r1]
 8001e86:	fa0c f202 	lsl.w	r2, ip, r2
 8001e8a:	4302      	orrs	r2, r0
 8001e8c:	6362      	str	r2, [r4, #52]	@ 0x34
  if ((hadc->Instance == ADC1) && (sConfig->Channel == ADC_CHANNEL_VBAT))
 8001e8e:	6818      	ldr	r0, [r3, #0]
 8001e90:	4a43      	ldr	r2, [pc, #268]	@ (8001fa0 <HAL_ADC_ConfigChannel+0x198>)
 8001e92:	4290      	cmp	r0, r2
 8001e94:	d050      	beq.n	8001f38 <HAL_ADC_ConfigChannel+0x130>
  if ((hadc->Instance == ADC1) && ((sConfig->Channel == ADC_CHANNEL_TEMPSENSOR) || (sConfig->Channel == ADC_CHANNEL_VREFINT)))
 8001e96:	6818      	ldr	r0, [r3, #0]
 8001e98:	4a41      	ldr	r2, [pc, #260]	@ (8001fa0 <HAL_ADC_ConfigChannel+0x198>)
 8001e9a:	4290      	cmp	r0, r2
 8001e9c:	d059      	beq.n	8001f52 <HAL_ADC_ConfigChannel+0x14a>
  __HAL_UNLOCK(hadc);
 8001e9e:	2000      	movs	r0, #0
 8001ea0:	f883 003c 	strb.w	r0, [r3, #60]	@ 0x3c
}
 8001ea4:	b002      	add	sp, #8
 8001ea6:	bc30      	pop	{r4, r5}
 8001ea8:	4770      	bx	lr
    hadc->Instance->SMPR2 &= ~ADC_SMPR2(ADC_SMPR2_SMP0, sConfig->Channel);
 8001eaa:	6804      	ldr	r4, [r0, #0]
 8001eac:	6920      	ldr	r0, [r4, #16]
 8001eae:	b292      	uxth	r2, r2
 8001eb0:	eb02 0242 	add.w	r2, r2, r2, lsl #1
 8001eb4:	f04f 0c07 	mov.w	ip, #7
 8001eb8:	fa0c f202 	lsl.w	r2, ip, r2
 8001ebc:	ea20 0202 	bic.w	r2, r0, r2
 8001ec0:	6122      	str	r2, [r4, #16]
    hadc->Instance->SMPR2 |= ADC_SMPR2(sConfig->SamplingTime, sConfig->Channel);
 8001ec2:	681c      	ldr	r4, [r3, #0]
 8001ec4:	6920      	ldr	r0, [r4, #16]
 8001ec6:	880a      	ldrh	r2, [r1, #0]
 8001ec8:	eb02 0242 	add.w	r2, r2, r2, lsl #1
 8001ecc:	688d      	ldr	r5, [r1, #8]
 8001ece:	fa05 f202 	lsl.w	r2, r5, r2
 8001ed2:	4302      	orrs	r2, r0
 8001ed4:	6122      	str	r2, [r4, #16]
 8001ed6:	e7bf      	b.n	8001e58 <HAL_ADC_ConfigChannel+0x50>
  else if (sConfig->Rank < 13U)
 8001ed8:	2a0c      	cmp	r2, #12
 8001eda:	d816      	bhi.n	8001f0a <HAL_ADC_ConfigChannel+0x102>
    hadc->Instance->SQR2 &= ~ADC_SQR2_RK(ADC_SQR2_SQ7, sConfig->Rank);
 8001edc:	681d      	ldr	r5, [r3, #0]
 8001ede:	6b28      	ldr	r0, [r5, #48]	@ 0x30
 8001ee0:	eb02 0282 	add.w	r2, r2, r2, lsl #2
 8001ee4:	3a23      	subs	r2, #35	@ 0x23
 8001ee6:	241f      	movs	r4, #31
 8001ee8:	fa04 f202 	lsl.w	r2, r4, r2
 8001eec:	ea20 0202 	bic.w	r2, r0, r2
 8001ef0:	632a      	str	r2, [r5, #48]	@ 0x30
    hadc->Instance->SQR2 |= ADC_SQR2_RK(sConfig->Channel, sConfig->Rank);
 8001ef2:	681d      	ldr	r5, [r3, #0]
 8001ef4:	6b28      	ldr	r0, [r5, #48]	@ 0x30
 8001ef6:	684a      	ldr	r2, [r1, #4]
 8001ef8:	eb02 0282 	add.w	r2, r2, r2, lsl #2
 8001efc:	3a23      	subs	r2, #35	@ 0x23
 8001efe:	880c      	ldrh	r4, [r1, #0]
 8001f00:	fa04 f202 	lsl.w	r2, r4, r2
 8001f04:	4302      	orrs	r2, r0
 8001f06:	632a      	str	r2, [r5, #48]	@ 0x30
 8001f08:	e7c1      	b.n	8001e8e <HAL_ADC_ConfigChannel+0x86>
    hadc->Instance->SQR1 &= ~ADC_SQR1_RK(ADC_SQR1_SQ13, sConfig->Rank);
 8001f0a:	681d      	ldr	r5, [r3, #0]
 8001f0c:	6ae8      	ldr	r0, [r5, #44]	@ 0x2c
 8001f0e:	eb02 0282 	add.w	r2, r2, r2, lsl #2
 8001f12:	3a41      	subs	r2, #65	@ 0x41
 8001f14:	241f      	movs	r4, #31
 8001f16:	fa04 f202 	lsl.w	r2, r4, r2
 8001f1a:	ea20 0202 	bic.w	r2, r0, r2
 8001f1e:	62ea      	str	r2, [r5, #44]	@ 0x2c
    hadc->Instance->SQR1 |= ADC_SQR1_RK(sConfig->Channel, sConfig->Rank);
 8001f20:	681d      	ldr	r5, [r3, #0]
 8001f22:	6ae8      	ldr	r0, [r5, #44]	@ 0x2c
 8001f24:	684a      	ldr	r2, [r1, #4]
 8001f26:	eb02 0282 	add.w	r2, r2, r2, lsl #2
 8001f2a:	3a41      	subs	r2, #65	@ 0x41
 8001f2c:	880c      	ldrh	r4, [r1, #0]
 8001f2e:	fa04 f202 	lsl.w	r2, r4, r2
 8001f32:	4302      	orrs	r2, r0
 8001f34:	62ea      	str	r2, [r5, #44]	@ 0x2c
 8001f36:	e7aa      	b.n	8001e8e <HAL_ADC_ConfigChannel+0x86>
  if ((hadc->Instance == ADC1) && (sConfig->Channel == ADC_CHANNEL_VBAT))
 8001f38:	680a      	ldr	r2, [r1, #0]
 8001f3a:	2a12      	cmp	r2, #18
 8001f3c:	d1ab      	bne.n	8001e96 <HAL_ADC_ConfigChannel+0x8e>
      tmpADC_Common->CCR &= ~ADC_CCR_TSVREFE;
 8001f3e:	4a19      	ldr	r2, [pc, #100]	@ (8001fa4 <HAL_ADC_ConfigChannel+0x19c>)
 8001f40:	6850      	ldr	r0, [r2, #4]
 8001f42:	f420 0000 	bic.w	r0, r0, #8388608	@ 0x800000
 8001f46:	6050      	str	r0, [r2, #4]
    tmpADC_Common->CCR |= ADC_CCR_VBATE;
 8001f48:	6850      	ldr	r0, [r2, #4]
 8001f4a:	f440 0080 	orr.w	r0, r0, #4194304	@ 0x400000
 8001f4e:	6050      	str	r0, [r2, #4]
 8001f50:	e7a1      	b.n	8001e96 <HAL_ADC_ConfigChannel+0x8e>
  if ((hadc->Instance == ADC1) && ((sConfig->Channel == ADC_CHANNEL_TEMPSENSOR) || (sConfig->Channel == ADC_CHANNEL_VREFINT)))
 8001f52:	680a      	ldr	r2, [r1, #0]
 8001f54:	4814      	ldr	r0, [pc, #80]	@ (8001fa8 <HAL_ADC_ConfigChannel+0x1a0>)
 8001f56:	4282      	cmp	r2, r0
 8001f58:	d001      	beq.n	8001f5e <HAL_ADC_ConfigChannel+0x156>
 8001f5a:	2a11      	cmp	r2, #17
 8001f5c:	d19f      	bne.n	8001e9e <HAL_ADC_ConfigChannel+0x96>
      tmpADC_Common->CCR &= ~ADC_CCR_VBATE;
 8001f5e:	4a11      	ldr	r2, [pc, #68]	@ (8001fa4 <HAL_ADC_ConfigChannel+0x19c>)
 8001f60:	6850      	ldr	r0, [r2, #4]
 8001f62:	f420 0080 	bic.w	r0, r0, #4194304	@ 0x400000
 8001f66:	6050      	str	r0, [r2, #4]
    tmpADC_Common->CCR |= ADC_CCR_TSVREFE;
 8001f68:	6850      	ldr	r0, [r2, #4]
 8001f6a:	f440 0000 	orr.w	r0, r0, #8388608	@ 0x800000
 8001f6e:	6050      	str	r0, [r2, #4]
    if (sConfig->Channel == ADC_CHANNEL_TEMPSENSOR)
 8001f70:	6809      	ldr	r1, [r1, #0]
 8001f72:	4a0d      	ldr	r2, [pc, #52]	@ (8001fa8 <HAL_ADC_ConfigChannel+0x1a0>)
 8001f74:	4291      	cmp	r1, r2
 8001f76:	d192      	bne.n	8001e9e <HAL_ADC_ConfigChannel+0x96>
      counter = (ADC_TEMPSENSOR_DELAY_US * (SystemCoreClock / 1000000U));
 8001f78:	4a0c      	ldr	r2, [pc, #48]	@ (8001fac <HAL_ADC_ConfigChannel+0x1a4>)
 8001f7a:	6812      	ldr	r2, [r2, #0]
 8001f7c:	490c      	ldr	r1, [pc, #48]	@ (8001fb0 <HAL_ADC_ConfigChannel+0x1a8>)
 8001f7e:	fba1 1202 	umull	r1, r2, r1, r2
 8001f82:	0c92      	lsrs	r2, r2, #18
 8001f84:	eb02 0282 	add.w	r2, r2, r2, lsl #2
 8001f88:	0052      	lsls	r2, r2, #1
 8001f8a:	9201      	str	r2, [sp, #4]
      while (counter != 0U)
 8001f8c:	9a01      	ldr	r2, [sp, #4]
 8001f8e:	2a00      	cmp	r2, #0
 8001f90:	d085      	beq.n	8001e9e <HAL_ADC_ConfigChannel+0x96>
        counter--;
 8001f92:	9a01      	ldr	r2, [sp, #4]
 8001f94:	3a01      	subs	r2, #1
 8001f96:	9201      	str	r2, [sp, #4]
 8001f98:	e7f8      	b.n	8001f8c <HAL_ADC_ConfigChannel+0x184>
  __HAL_LOCK(hadc);
 8001f9a:	2002      	movs	r0, #2
 8001f9c:	e782      	b.n	8001ea4 <HAL_ADC_ConfigChannel+0x9c>
 8001f9e:	bf00      	nop
 8001fa0:	40012000 	.word	0x40012000
 8001fa4:	40012300 	.word	0x40012300
 8001fa8:	10000012 	.word	0x10000012
 8001fac:	2000000c 	.word	0x2000000c
 8001fb0:	431bde83 	.word	0x431bde83

08001fb4 <__NVIC_EnableIRQ>:
  if ((int32_t)(IRQn) >= 0)
 8001fb4:	2800      	cmp	r0, #0
 8001fb6:	db07      	blt.n	8001fc8 <__NVIC_EnableIRQ+0x14>
    NVIC->ISER[(((uint32_t)IRQn) >> 5UL)] = (uint32_t)(1UL << (((uint32_t)IRQn) & 0x1FUL));
 8001fb8:	f000 021f 	and.w	r2, r0, #31
 8001fbc:	0940      	lsrs	r0, r0, #5
 8001fbe:	2301      	movs	r3, #1
 8001fc0:	4093      	lsls	r3, r2
 8001fc2:	4a02      	ldr	r2, [pc, #8]	@ (8001fcc <__NVIC_EnableIRQ+0x18>)
 8001fc4:	f842 3020 	str.w	r3, [r2, r0, lsl #2]
}
 8001fc8:	4770      	bx	lr
 8001fca:	bf00      	nop
 8001fcc:	e000e100 	.word	0xe000e100

08001fd0 <__NVIC_SetPriority>:
  if ((int32_t)(IRQn) >= 0)
 8001fd0:	2800      	cmp	r0, #0
 8001fd2:	db08      	blt.n	8001fe6 <__NVIC_SetPriority+0x16>
    NVIC->IP[((uint32_t)IRQn)]               = (uint8_t)((priority << (8U - __NVIC_PRIO_BITS)) & (uint32_t)0xFFUL);
 8001fd4:	0109      	lsls	r1, r1, #4
 8001fd6:	b2c9      	uxtb	r1, r1
 8001fd8:	f100 4060 	add.w	r0, r0, #3758096384	@ 0xe0000000
 8001fdc:	f500 4061 	add.w	r0, r0, #57600	@ 0xe100
 8001fe0:	f880 1300 	strb.w	r1, [r0, #768]	@ 0x300
 8001fe4:	4770      	bx	lr
    SCB->SHP[(((uint32_t)IRQn) & 0xFUL)-4UL] = (uint8_t)((priority << (8U - __NVIC_PRIO_BITS)) & (uint32_t)0xFFUL);
 8001fe6:	f000 000f 	and.w	r0, r0, #15
 8001fea:	0109      	lsls	r1, r1, #4
 8001fec:	b2c9      	uxtb	r1, r1
 8001fee:	4b01      	ldr	r3, [pc, #4]	@ (8001ff4 <__NVIC_SetPriority+0x24>)
 8001ff0:	5419      	strb	r1, [r3, r0]
  }
}
 8001ff2:	4770      	bx	lr
 8001ff4:	e000ed14 	.word	0xe000ed14

08001ff8 <NVIC_EncodePriority>:
  \param [in]   PreemptPriority  Preemptive priority value (starting from 0).
  \param [in]       SubPriority  Subpriority value (starting from 0).
  \return                        Encoded priority. Value can be used in the function \ref NVIC_SetPriority().
 */
__STATIC_INLINE uint32_t NVIC_EncodePriority (uint32_t PriorityGroup, uint32_t PreemptPriority, uint32_t SubPriority)
{
 8001ff8:	b500      	push	{lr}
  uint32_t PriorityGroupTmp = (PriorityGroup & (uint32_t)0x07UL);   /* only values 0..7 are used          */
 8001ffa:	f000 0007 	and.w	r0, r0, #7
  uint32_t PreemptPriorityBits;
  uint32_t SubPriorityBits;

  PreemptPriorityBits = ((7UL - PriorityGroupTmp) > (uint32_t)(__NVIC_PRIO_BITS)) ? (uint32_t)(__NVIC_PRIO_BITS) : (uint32_t)(7UL - PriorityGroupTmp);
 8001ffe:	f1c0 0c07 	rsb	ip, r0, #7
 8002002:	f1bc 0f04 	cmp.w	ip, #4
 8002006:	bf28      	it	cs
 8002008:	f04f 0c04 	movcs.w	ip, #4
  SubPriorityBits     = ((PriorityGroupTmp + (uint32_t)(__NVIC_PRIO_BITS)) < (uint32_t)7UL) ? (uint32_t)0UL : (uint32_t)((PriorityGroupTmp - 7UL) + (uint32_t)(__NVIC_PRIO_BITS));
 800200c:	1d03      	adds	r3, r0, #4
 800200e:	2b06      	cmp	r3, #6
 8002010:	d90f      	bls.n	8002032 <NVIC_EncodePriority+0x3a>
 8002012:	1ec3      	subs	r3, r0, #3

  return (
           ((PreemptPriority & (uint32_t)((1UL << (PreemptPriorityBits)) - 1UL)) << SubPriorityBits) |
 8002014:	f04f 3eff 	mov.w	lr, #4294967295	@ 0xffffffff
 8002018:	fa0e f00c 	lsl.w	r0, lr, ip
 800201c:	ea21 0100 	bic.w	r1, r1, r0
 8002020:	4099      	lsls	r1, r3
           ((SubPriority     & (uint32_t)((1UL << (SubPriorityBits    )) - 1UL)))
 8002022:	fa0e fe03 	lsl.w	lr, lr, r3
 8002026:	ea22 020e 	bic.w	r2, r2, lr
         );
}
 800202a:	ea41 0002 	orr.w	r0, r1, r2
 800202e:	f85d fb04 	ldr.w	pc, [sp], #4
  SubPriorityBits     = ((PriorityGroupTmp + (uint32_t)(__NVIC_PRIO_BITS)) < (uint32_t)7UL) ? (uint32_t)0UL : (uint32_t)((PriorityGroupTmp - 7UL) + (uint32_t)(__NVIC_PRIO_BITS));
 8002032:	2300      	movs	r3, #0
 8002034:	e7ee      	b.n	8002014 <NVIC_EncodePriority+0x1c>
	...

08002038 <HAL_NVIC_SetPriorityGrouping>:
  reg_value  =  SCB->AIRCR;                                                   /* read old register configuration    */
 8002038:	4a07      	ldr	r2, [pc, #28]	@ (8002058 <HAL_NVIC_SetPriorityGrouping+0x20>)
 800203a:	68d3      	ldr	r3, [r2, #12]
  reg_value &= ~((uint32_t)(SCB_AIRCR_VECTKEY_Msk | SCB_AIRCR_PRIGROUP_Msk)); /* clear bits to change               */
 800203c:	f423 63e0 	bic.w	r3, r3, #1792	@ 0x700
 8002040:	041b      	lsls	r3, r3, #16
 8002042:	0c1b      	lsrs	r3, r3, #16
                (PriorityGroupTmp << SCB_AIRCR_PRIGROUP_Pos)  );              /* Insert write key and priority group */
 8002044:	0200      	lsls	r0, r0, #8
 8002046:	f400 60e0 	and.w	r0, r0, #1792	@ 0x700
                ((uint32_t)0x5FAUL << SCB_AIRCR_VECTKEY_Pos) |
 800204a:	4303      	orrs	r3, r0
  reg_value  =  (reg_value                                   |
 800204c:	f043 63bf 	orr.w	r3, r3, #100139008	@ 0x5f80000
 8002050:	f443 3300 	orr.w	r3, r3, #131072	@ 0x20000
  SCB->AIRCR =  reg_value;
 8002054:	60d3      	str	r3, [r2, #12]
  /* Check the parameters */
  assert_param(IS_NVIC_PRIORITY_GROUP(PriorityGroup));
  
  /* Set the PRIGROUP[10:8] bits according to the PriorityGroup parameter value */
  NVIC_SetPriorityGrouping(PriorityGroup);
}
 8002056:	4770      	bx	lr
 8002058:	e000ed00 	.word	0xe000ed00

0800205c <HAL_NVIC_SetPriority>:
  *         This parameter can be a value between 0 and 15
  *         A lower priority value indicates a higher priority.          
  * @retval None
  */
void HAL_NVIC_SetPriority(IRQn_Type IRQn, uint32_t PreemptPriority, uint32_t SubPriority)
{ 
 800205c:	b510      	push	{r4, lr}
 800205e:	4604      	mov	r4, r0
  return ((uint32_t)((SCB->AIRCR & SCB_AIRCR_PRIGROUP_Msk) >> SCB_AIRCR_PRIGROUP_Pos));
 8002060:	4b05      	ldr	r3, [pc, #20]	@ (8002078 <HAL_NVIC_SetPriority+0x1c>)
 8002062:	68d8      	ldr	r0, [r3, #12]
  assert_param(IS_NVIC_SUB_PRIORITY(SubPriority));
  assert_param(IS_NVIC_PREEMPTION_PRIORITY(PreemptPriority));
  
  prioritygroup = NVIC_GetPriorityGrouping();
  
  NVIC_SetPriority(IRQn, NVIC_EncodePriority(prioritygroup, PreemptPriority, SubPriority));
 8002064:	f3c0 2002 	ubfx	r0, r0, #8, #3
 8002068:	f7ff ffc6 	bl	8001ff8 <NVIC_EncodePriority>
 800206c:	4601      	mov	r1, r0
 800206e:	4620      	mov	r0, r4
 8002070:	f7ff ffae 	bl	8001fd0 <__NVIC_SetPriority>
}
 8002074:	bd10      	pop	{r4, pc}
 8002076:	bf00      	nop
 8002078:	e000ed00 	.word	0xe000ed00

0800207c <HAL_NVIC_EnableIRQ>:
  *         This parameter can be an enumerator of IRQn_Type enumeration
  *         (For the complete STM32 Devices IRQ Channels list, please refer to the appropriate CMSIS device file (stm32f4xxxx.h))
  * @retval None
  */
void HAL_NVIC_EnableIRQ(IRQn_Type IRQn)
{
 800207c:	b508      	push	{r3, lr}
  /* Check the parameters */
  assert_param(IS_NVIC_DEVICE_IRQ(IRQn));
  
  /* Enable interrupt */
  NVIC_EnableIRQ(IRQn);
 800207e:	f7ff ff99 	bl	8001fb4 <__NVIC_EnableIRQ>
}
 8002082:	bd08      	pop	{r3, pc}

08002084 <HAL_SYSTICK_Config>:
           function <b>SysTick_Config</b> is not included. In this case, the file <b><i>device</i>.h</b>
           must contain a vendor-specific implementation of this function.
 */
__STATIC_INLINE uint32_t SysTick_Config(uint32_t ticks)
{
  if ((ticks - 1UL) > SysTick_LOAD_RELOAD_Msk)
 8002084:	3801      	subs	r0, #1
 8002086:	f1b0 7f80 	cmp.w	r0, #16777216	@ 0x1000000
 800208a:	d20b      	bcs.n	80020a4 <HAL_SYSTICK_Config+0x20>
  {
    return (1UL);                                                   /* Reload value impossible */
  }

  SysTick->LOAD  = (uint32_t)(ticks - 1UL);                         /* set reload register */
 800208c:	f04f 23e0 	mov.w	r3, #3758153728	@ 0xe000e000
 8002090:	6158      	str	r0, [r3, #20]
    SCB->SHP[(((uint32_t)IRQn) & 0xFUL)-4UL] = (uint8_t)((priority << (8U - __NVIC_PRIO_BITS)) & (uint32_t)0xFFUL);
 8002092:	4a05      	ldr	r2, [pc, #20]	@ (80020a8 <HAL_SYSTICK_Config+0x24>)
 8002094:	21f0      	movs	r1, #240	@ 0xf0
 8002096:	f882 1023 	strb.w	r1, [r2, #35]	@ 0x23
  NVIC_SetPriority (SysTick_IRQn, (1UL << __NVIC_PRIO_BITS) - 1UL); /* set Priority for Systick Interrupt */
  SysTick->VAL   = 0UL;                                             /* Load the SysTick Counter Value */
 800209a:	2000      	movs	r0, #0
 800209c:	6198      	str	r0, [r3, #24]
  SysTick->CTRL  = SysTick_CTRL_CLKSOURCE_Msk |
 800209e:	2207      	movs	r2, #7
 80020a0:	611a      	str	r2, [r3, #16]
                   SysTick_CTRL_TICKINT_Msk   |
                   SysTick_CTRL_ENABLE_Msk;                         /* Enable SysTick IRQ and SysTick Timer */
  return (0UL);                                                     /* Function successful */
 80020a2:	4770      	bx	lr
    return (1UL);                                                   /* Reload value impossible */
 80020a4:	2001      	movs	r0, #1
  *                  - 1  Function failed.
  */
uint32_t HAL_SYSTICK_Config(uint32_t TicksNumb)
{
   return SysTick_Config(TicksNumb);
}
 80020a6:	4770      	bx	lr
 80020a8:	e000ed00 	.word	0xe000ed00

080020ac <DMA_SetConfig>:
  * @param  DstAddress The destination memory Buffer address
  * @param  DataLength The length of data to be transferred from source to destination
  * @retval HAL status
  */
static void DMA_SetConfig(DMA_HandleTypeDef *hdma, uint32_t SrcAddress, uint32_t DstAddress, uint32_t DataLength)
{
 80020ac:	b430      	push	{r4, r5}
  /* Clear DBM bit */
  hdma->Instance->CR &= (uint32_t)(~DMA_SxCR_DBM);
 80020ae:	6805      	ldr	r5, [r0, #0]
 80020b0:	682c      	ldr	r4, [r5, #0]
 80020b2:	f424 2480 	bic.w	r4, r4, #262144	@ 0x40000
 80020b6:	602c      	str	r4, [r5, #0]

  /* Configure DMA Stream data length */
  hdma->Instance->NDTR = DataLength;
 80020b8:	6804      	ldr	r4, [r0, #0]
 80020ba:	6063      	str	r3, [r4, #4]

  /* Memory to Peripheral */
  if((hdma->Init.Direction) == DMA_MEMORY_TO_PERIPH)
 80020bc:	6883      	ldr	r3, [r0, #8]
 80020be:	2b40      	cmp	r3, #64	@ 0x40
 80020c0:	d005      	beq.n	80020ce <DMA_SetConfig+0x22>
  }
  /* Peripheral to Memory */
  else
  {
    /* Configure DMA Stream source address */
    hdma->Instance->PAR = SrcAddress;
 80020c2:	6803      	ldr	r3, [r0, #0]
 80020c4:	6099      	str	r1, [r3, #8]

    /* Configure DMA Stream destination address */
    hdma->Instance->M0AR = DstAddress;
 80020c6:	6803      	ldr	r3, [r0, #0]
 80020c8:	60da      	str	r2, [r3, #12]
  }
}
 80020ca:	bc30      	pop	{r4, r5}
 80020cc:	4770      	bx	lr
    hdma->Instance->PAR = DstAddress;
 80020ce:	6803      	ldr	r3, [r0, #0]
 80020d0:	609a      	str	r2, [r3, #8]
    hdma->Instance->M0AR = SrcAddress;
 80020d2:	6803      	ldr	r3, [r0, #0]
 80020d4:	60d9      	str	r1, [r3, #12]
 80020d6:	e7f8      	b.n	80020ca <DMA_SetConfig+0x1e>

080020d8 <DMA_CalcBaseAndBitshift>:
  * @param  hdma       pointer to a DMA_HandleTypeDef structure that contains
  *                     the configuration information for the specified DMA Stream. 
  * @retval Stream base address
  */
static uint32_t DMA_CalcBaseAndBitshift(DMA_HandleTypeDef *hdma)
{
 80020d8:	b410      	push	{r4}
  uint32_t stream_number = (((uint32_t)hdma->Instance & 0xFFU) - 16U) / 24U;
 80020da:	6803      	ldr	r3, [r0, #0]
 80020dc:	b2d9      	uxtb	r1, r3
 80020de:	3910      	subs	r1, #16
 80020e0:	4a0a      	ldr	r2, [pc, #40]	@ (800210c <DMA_CalcBaseAndBitshift+0x34>)
 80020e2:	fba2 4201 	umull	r4, r2, r2, r1
 80020e6:	0912      	lsrs	r2, r2, #4
  
  /* lookup table for necessary bitshift of flags within status registers */
  static const uint8_t flagBitshiftOffset[8U] = {0U, 6U, 16U, 22U, 0U, 6U, 16U, 22U};
  hdma->StreamIndex = flagBitshiftOffset[stream_number];
 80020e8:	4c09      	ldr	r4, [pc, #36]	@ (8002110 <DMA_CalcBaseAndBitshift+0x38>)
 80020ea:	5ca2      	ldrb	r2, [r4, r2]
 80020ec:	65c2      	str	r2, [r0, #92]	@ 0x5c
  
  if (stream_number > 3U)
 80020ee:	295f      	cmp	r1, #95	@ 0x5f
 80020f0:	d907      	bls.n	8002102 <DMA_CalcBaseAndBitshift+0x2a>
  {
    /* return pointer to HISR and HIFCR */
    hdma->StreamBaseAddress = (((uint32_t)hdma->Instance & (uint32_t)(~0x3FFU)) + 4U);
 80020f2:	f36f 0309 	bfc	r3, #0, #10
 80020f6:	3304      	adds	r3, #4
 80020f8:	6583      	str	r3, [r0, #88]	@ 0x58
    /* return pointer to LISR and LIFCR */
    hdma->StreamBaseAddress = ((uint32_t)hdma->Instance & (uint32_t)(~0x3FFU));
  }
  
  return hdma->StreamBaseAddress;
}
 80020fa:	6d80      	ldr	r0, [r0, #88]	@ 0x58
 80020fc:	f85d 4b04 	ldr.w	r4, [sp], #4
 8002100:	4770      	bx	lr
    hdma->StreamBaseAddress = ((uint32_t)hdma->Instance & (uint32_t)(~0x3FFU));
 8002102:	f36f 0309 	bfc	r3, #0, #10
 8002106:	6583      	str	r3, [r0, #88]	@ 0x58
 8002108:	e7f7      	b.n	80020fa <DMA_CalcBaseAndBitshift+0x22>
 800210a:	bf00      	nop
 800210c:	aaaaaaab 	.word	0xaaaaaaab
 8002110:	08008e98 	.word	0x08008e98

08002114 <DMA_CheckFifoParam>:
  * @retval HAL status
  */
static HAL_StatusTypeDef DMA_CheckFifoParam(DMA_HandleTypeDef *hdma)
{
  HAL_StatusTypeDef status = HAL_OK;
  uint32_t tmp = hdma->Init.FIFOThreshold;
 8002114:	6a83      	ldr	r3, [r0, #40]	@ 0x28
  
  /* Memory Data size equal to Byte */
  if(hdma->Init.MemDataAlignment == DMA_MDATAALIGN_BYTE)
 8002116:	6982      	ldr	r2, [r0, #24]
 8002118:	b992      	cbnz	r2, 8002140 <DMA_CheckFifoParam+0x2c>
  {
    switch (tmp)
 800211a:	2b01      	cmp	r3, #1
 800211c:	d00a      	beq.n	8002134 <DMA_CheckFifoParam+0x20>
 800211e:	2b02      	cmp	r3, #2
 8002120:	d002      	beq.n	8002128 <DMA_CheckFifoParam+0x14>
 8002122:	b10b      	cbz	r3, 8002128 <DMA_CheckFifoParam+0x14>
 8002124:	2000      	movs	r0, #0
 8002126:	4770      	bx	lr
    {
    case DMA_FIFO_THRESHOLD_1QUARTERFULL:
    case DMA_FIFO_THRESHOLD_3QUARTERSFULL:
      if ((hdma->Init.MemBurst & DMA_SxCR_MBURST_1) == DMA_SxCR_MBURST_1)
 8002128:	6ac3      	ldr	r3, [r0, #44]	@ 0x2c
 800212a:	f013 7f80 	tst.w	r3, #16777216	@ 0x1000000
 800212e:	d128      	bne.n	8002182 <DMA_CheckFifoParam+0x6e>
  HAL_StatusTypeDef status = HAL_OK;
 8002130:	2000      	movs	r0, #0
 8002132:	4770      	bx	lr
      {
        status = HAL_ERROR;
      }
      break;
    case DMA_FIFO_THRESHOLD_HALFFULL:
      if (hdma->Init.MemBurst == DMA_MBURST_INC16)
 8002134:	6ac3      	ldr	r3, [r0, #44]	@ 0x2c
 8002136:	f1b3 7fc0 	cmp.w	r3, #25165824	@ 0x1800000
 800213a:	d024      	beq.n	8002186 <DMA_CheckFifoParam+0x72>
  HAL_StatusTypeDef status = HAL_OK;
 800213c:	2000      	movs	r0, #0
 800213e:	4770      	bx	lr
      break;
    }
  }
  
  /* Memory Data size equal to Half-Word */
  else if (hdma->Init.MemDataAlignment == DMA_MDATAALIGN_HALFWORD)
 8002140:	f5b2 5f00 	cmp.w	r2, #8192	@ 0x2000
 8002144:	d009      	beq.n	800215a <DMA_CheckFifoParam+0x46>
  }
  
  /* Memory Data size equal to Word */
  else
  {
    switch (tmp)
 8002146:	2b02      	cmp	r3, #2
 8002148:	d925      	bls.n	8002196 <DMA_CheckFifoParam+0x82>
 800214a:	2b03      	cmp	r3, #3
 800214c:	d125      	bne.n	800219a <DMA_CheckFifoParam+0x86>
    case DMA_FIFO_THRESHOLD_HALFFULL:
    case DMA_FIFO_THRESHOLD_3QUARTERSFULL:
      status = HAL_ERROR;
      break;
    case DMA_FIFO_THRESHOLD_FULL:
      if ((hdma->Init.MemBurst & DMA_SxCR_MBURST_1) == DMA_SxCR_MBURST_1)
 800214e:	6ac3      	ldr	r3, [r0, #44]	@ 0x2c
 8002150:	f013 7f80 	tst.w	r3, #16777216	@ 0x1000000
 8002154:	d123      	bne.n	800219e <DMA_CheckFifoParam+0x8a>
  HAL_StatusTypeDef status = HAL_OK;
 8002156:	2000      	movs	r0, #0
 8002158:	4770      	bx	lr
    switch (tmp)
 800215a:	2b03      	cmp	r3, #3
 800215c:	d803      	bhi.n	8002166 <DMA_CheckFifoParam+0x52>
 800215e:	e8df f003 	tbb	[pc, r3]
 8002162:	0414      	.short	0x0414
 8002164:	0a14      	.short	0x0a14
 8002166:	2000      	movs	r0, #0
 8002168:	4770      	bx	lr
      if ((hdma->Init.MemBurst & DMA_SxCR_MBURST_1) == DMA_SxCR_MBURST_1)
 800216a:	6ac3      	ldr	r3, [r0, #44]	@ 0x2c
 800216c:	f013 7f80 	tst.w	r3, #16777216	@ 0x1000000
 8002170:	d10d      	bne.n	800218e <DMA_CheckFifoParam+0x7a>
  HAL_StatusTypeDef status = HAL_OK;
 8002172:	2000      	movs	r0, #0
 8002174:	4770      	bx	lr
      if (hdma->Init.MemBurst == DMA_MBURST_INC16)
 8002176:	6ac3      	ldr	r3, [r0, #44]	@ 0x2c
 8002178:	f1b3 7fc0 	cmp.w	r3, #25165824	@ 0x1800000
 800217c:	d009      	beq.n	8002192 <DMA_CheckFifoParam+0x7e>
  HAL_StatusTypeDef status = HAL_OK;
 800217e:	2000      	movs	r0, #0
 8002180:	4770      	bx	lr
        status = HAL_ERROR;
 8002182:	2001      	movs	r0, #1
 8002184:	4770      	bx	lr
        status = HAL_ERROR;
 8002186:	2001      	movs	r0, #1
 8002188:	4770      	bx	lr
      status = HAL_ERROR;
 800218a:	2001      	movs	r0, #1
 800218c:	4770      	bx	lr
        status = HAL_ERROR;
 800218e:	2001      	movs	r0, #1
 8002190:	4770      	bx	lr
        status = HAL_ERROR;
 8002192:	2001      	movs	r0, #1
 8002194:	4770      	bx	lr
      status = HAL_ERROR;
 8002196:	2001      	movs	r0, #1
 8002198:	4770      	bx	lr
    switch (tmp)
 800219a:	2000      	movs	r0, #0
 800219c:	4770      	bx	lr
      {
        status = HAL_ERROR;
 800219e:	2001      	movs	r0, #1
      break;
    }
  } 
  
  return status; 
}
 80021a0:	4770      	bx	lr
	...

080021a4 <HAL_DMA_Init>:
{
 80021a4:	b570      	push	{r4, r5, r6, lr}
 80021a6:	4604      	mov	r4, r0
  uint32_t tickstart = HAL_GetTick();
 80021a8:	f7ff fd4e 	bl	8001c48 <HAL_GetTick>
  if(hdma == NULL)
 80021ac:	2c00      	cmp	r4, #0
 80021ae:	d05b      	beq.n	8002268 <HAL_DMA_Init+0xc4>
 80021b0:	4605      	mov	r5, r0
  hdma->State = HAL_DMA_STATE_BUSY;
 80021b2:	2302      	movs	r3, #2
 80021b4:	f884 3035 	strb.w	r3, [r4, #53]	@ 0x35
  __HAL_UNLOCK(hdma);
 80021b8:	2300      	movs	r3, #0
 80021ba:	f884 3034 	strb.w	r3, [r4, #52]	@ 0x34
  __HAL_DMA_DISABLE(hdma);
 80021be:	6822      	ldr	r2, [r4, #0]
 80021c0:	6813      	ldr	r3, [r2, #0]
 80021c2:	f023 0301 	bic.w	r3, r3, #1
 80021c6:	6013      	str	r3, [r2, #0]
  while((hdma->Instance->CR & DMA_SxCR_EN) != RESET)
 80021c8:	6823      	ldr	r3, [r4, #0]
 80021ca:	681a      	ldr	r2, [r3, #0]
 80021cc:	f012 0f01 	tst.w	r2, #1
 80021d0:	d00a      	beq.n	80021e8 <HAL_DMA_Init+0x44>
    if((HAL_GetTick() - tickstart ) > HAL_TIMEOUT_DMA_ABORT)
 80021d2:	f7ff fd39 	bl	8001c48 <HAL_GetTick>
 80021d6:	1b43      	subs	r3, r0, r5
 80021d8:	2b05      	cmp	r3, #5
 80021da:	d9f5      	bls.n	80021c8 <HAL_DMA_Init+0x24>
      hdma->ErrorCode = HAL_DMA_ERROR_TIMEOUT;
 80021dc:	2320      	movs	r3, #32
 80021de:	6563      	str	r3, [r4, #84]	@ 0x54
      hdma->State = HAL_DMA_STATE_TIMEOUT;
 80021e0:	2003      	movs	r0, #3
 80021e2:	f884 0035 	strb.w	r0, [r4, #53]	@ 0x35
}
 80021e6:	bd70      	pop	{r4, r5, r6, pc}
  tmp = hdma->Instance->CR;
 80021e8:	681a      	ldr	r2, [r3, #0]
  tmp &= ((uint32_t)~(DMA_SxCR_CHSEL | DMA_SxCR_MBURST | DMA_SxCR_PBURST | \
 80021ea:	4920      	ldr	r1, [pc, #128]	@ (800226c <HAL_DMA_Init+0xc8>)
 80021ec:	4011      	ands	r1, r2
  tmp |=  hdma->Init.Channel             | hdma->Init.Direction        |
 80021ee:	6862      	ldr	r2, [r4, #4]
 80021f0:	68a0      	ldr	r0, [r4, #8]
 80021f2:	4302      	orrs	r2, r0
          hdma->Init.PeriphInc           | hdma->Init.MemInc           |
 80021f4:	68e0      	ldr	r0, [r4, #12]
  tmp |=  hdma->Init.Channel             | hdma->Init.Direction        |
 80021f6:	4302      	orrs	r2, r0
          hdma->Init.PeriphInc           | hdma->Init.MemInc           |
 80021f8:	6920      	ldr	r0, [r4, #16]
 80021fa:	4302      	orrs	r2, r0
          hdma->Init.PeriphDataAlignment | hdma->Init.MemDataAlignment |
 80021fc:	6960      	ldr	r0, [r4, #20]
          hdma->Init.PeriphInc           | hdma->Init.MemInc           |
 80021fe:	4302      	orrs	r2, r0
          hdma->Init.PeriphDataAlignment | hdma->Init.MemDataAlignment |
 8002200:	69a0      	ldr	r0, [r4, #24]
 8002202:	4302      	orrs	r2, r0
          hdma->Init.Mode                | hdma->Init.Priority;
 8002204:	69e0      	ldr	r0, [r4, #28]
          hdma->Init.PeriphDataAlignment | hdma->Init.MemDataAlignment |
 8002206:	4302      	orrs	r2, r0
          hdma->Init.Mode                | hdma->Init.Priority;
 8002208:	6a20      	ldr	r0, [r4, #32]
 800220a:	4302      	orrs	r2, r0
  tmp |=  hdma->Init.Channel             | hdma->Init.Direction        |
 800220c:	430a      	orrs	r2, r1
  if(hdma->Init.FIFOMode == DMA_FIFOMODE_ENABLE)
 800220e:	6a61      	ldr	r1, [r4, #36]	@ 0x24
 8002210:	2904      	cmp	r1, #4
 8002212:	d01e      	beq.n	8002252 <HAL_DMA_Init+0xae>
  hdma->Instance->CR = tmp;  
 8002214:	601a      	str	r2, [r3, #0]
  tmp = hdma->Instance->FCR;
 8002216:	6826      	ldr	r6, [r4, #0]
 8002218:	6975      	ldr	r5, [r6, #20]
  tmp &= (uint32_t)~(DMA_SxFCR_DMDIS | DMA_SxFCR_FTH);
 800221a:	f025 0507 	bic.w	r5, r5, #7
  tmp |= hdma->Init.FIFOMode;
 800221e:	6a63      	ldr	r3, [r4, #36]	@ 0x24
 8002220:	431d      	orrs	r5, r3
  if(hdma->Init.FIFOMode == DMA_FIFOMODE_ENABLE)
 8002222:	2b04      	cmp	r3, #4
 8002224:	d107      	bne.n	8002236 <HAL_DMA_Init+0x92>
    tmp |= hdma->Init.FIFOThreshold;
 8002226:	6aa3      	ldr	r3, [r4, #40]	@ 0x28
 8002228:	431d      	orrs	r5, r3
    if (hdma->Init.MemBurst != DMA_MBURST_SINGLE)
 800222a:	6ae3      	ldr	r3, [r4, #44]	@ 0x2c
 800222c:	b11b      	cbz	r3, 8002236 <HAL_DMA_Init+0x92>
      if (DMA_CheckFifoParam(hdma) != HAL_OK)
 800222e:	4620      	mov	r0, r4
 8002230:	f7ff ff70 	bl	8002114 <DMA_CheckFifoParam>
 8002234:	b990      	cbnz	r0, 800225c <HAL_DMA_Init+0xb8>
  hdma->Instance->FCR = tmp;
 8002236:	6175      	str	r5, [r6, #20]
  regs = (DMA_Base_Registers *)DMA_CalcBaseAndBitshift(hdma);
 8002238:	4620      	mov	r0, r4
 800223a:	f7ff ff4d 	bl	80020d8 <DMA_CalcBaseAndBitshift>
  regs->IFCR = 0x3FU << hdma->StreamIndex;
 800223e:	6de2      	ldr	r2, [r4, #92]	@ 0x5c
 8002240:	233f      	movs	r3, #63	@ 0x3f
 8002242:	4093      	lsls	r3, r2
 8002244:	6083      	str	r3, [r0, #8]
  hdma->ErrorCode = HAL_DMA_ERROR_NONE;
 8002246:	2000      	movs	r0, #0
 8002248:	6560      	str	r0, [r4, #84]	@ 0x54
  hdma->State = HAL_DMA_STATE_READY;
 800224a:	2301      	movs	r3, #1
 800224c:	f884 3035 	strb.w	r3, [r4, #53]	@ 0x35
  return HAL_OK;
 8002250:	e7c9      	b.n	80021e6 <HAL_DMA_Init+0x42>
    tmp |=  hdma->Init.MemBurst | hdma->Init.PeriphBurst;
 8002252:	6ae1      	ldr	r1, [r4, #44]	@ 0x2c
 8002254:	6b20      	ldr	r0, [r4, #48]	@ 0x30
 8002256:	4301      	orrs	r1, r0
 8002258:	430a      	orrs	r2, r1
 800225a:	e7db      	b.n	8002214 <HAL_DMA_Init+0x70>
        hdma->ErrorCode = HAL_DMA_ERROR_PARAM;
 800225c:	2340      	movs	r3, #64	@ 0x40
 800225e:	6563      	str	r3, [r4, #84]	@ 0x54
        hdma->State = HAL_DMA_STATE_READY;
 8002260:	2001      	movs	r0, #1
 8002262:	f884 0035 	strb.w	r0, [r4, #53]	@ 0x35
        return HAL_ERROR; 
 8002266:	e7be      	b.n	80021e6 <HAL_DMA_Init+0x42>
    return HAL_ERROR;
 8002268:	2001      	movs	r0, #1
 800226a:	e7bc      	b.n	80021e6 <HAL_DMA_Init+0x42>
 800226c:	f010803f 	.word	0xf010803f

08002270 <HAL_DMA_Start_IT>:
{
 8002270:	b538      	push	{r3, r4, r5, lr}
 8002272:	4604      	mov	r4, r0
  DMA_Base_Registers *regs = (DMA_Base_Registers *)hdma->StreamBaseAddress;
 8002274:	6d85      	ldr	r5, [r0, #88]	@ 0x58
  __HAL_LOCK(hdma);
 8002276:	f890 0034 	ldrb.w	r0, [r0, #52]	@ 0x34
 800227a:	2801      	cmp	r0, #1
 800227c:	d02a      	beq.n	80022d4 <HAL_DMA_Start_IT+0x64>
 800227e:	2001      	movs	r0, #1
 8002280:	f884 0034 	strb.w	r0, [r4, #52]	@ 0x34
  if(HAL_DMA_STATE_READY == hdma->State)
 8002284:	f894 0035 	ldrb.w	r0, [r4, #53]	@ 0x35
 8002288:	2801      	cmp	r0, #1
 800228a:	d004      	beq.n	8002296 <HAL_DMA_Start_IT+0x26>
    __HAL_UNLOCK(hdma);	  
 800228c:	2300      	movs	r3, #0
 800228e:	f884 3034 	strb.w	r3, [r4, #52]	@ 0x34
    status = HAL_BUSY;
 8002292:	2002      	movs	r0, #2
}
 8002294:	bd38      	pop	{r3, r4, r5, pc}
    hdma->State = HAL_DMA_STATE_BUSY;
 8002296:	2002      	movs	r0, #2
 8002298:	f884 0035 	strb.w	r0, [r4, #53]	@ 0x35
    hdma->ErrorCode = HAL_DMA_ERROR_NONE;
 800229c:	2000      	movs	r0, #0
 800229e:	6560      	str	r0, [r4, #84]	@ 0x54
    DMA_SetConfig(hdma, SrcAddress, DstAddress, DataLength);
 80022a0:	4620      	mov	r0, r4
 80022a2:	f7ff ff03 	bl	80020ac <DMA_SetConfig>
    regs->IFCR = 0x3FU << hdma->StreamIndex;
 80022a6:	6de2      	ldr	r2, [r4, #92]	@ 0x5c
 80022a8:	233f      	movs	r3, #63	@ 0x3f
 80022aa:	4093      	lsls	r3, r2
 80022ac:	60ab      	str	r3, [r5, #8]
    hdma->Instance->CR  |= DMA_IT_TC | DMA_IT_TE | DMA_IT_DME;
 80022ae:	6822      	ldr	r2, [r4, #0]
 80022b0:	6813      	ldr	r3, [r2, #0]
 80022b2:	f043 0316 	orr.w	r3, r3, #22
 80022b6:	6013      	str	r3, [r2, #0]
    if(hdma->XferHalfCpltCallback != NULL)
 80022b8:	6c23      	ldr	r3, [r4, #64]	@ 0x40
 80022ba:	b123      	cbz	r3, 80022c6 <HAL_DMA_Start_IT+0x56>
      hdma->Instance->CR  |= DMA_IT_HT;
 80022bc:	6822      	ldr	r2, [r4, #0]
 80022be:	6813      	ldr	r3, [r2, #0]
 80022c0:	f043 0308 	orr.w	r3, r3, #8
 80022c4:	6013      	str	r3, [r2, #0]
    __HAL_DMA_ENABLE(hdma);
 80022c6:	6822      	ldr	r2, [r4, #0]
 80022c8:	6813      	ldr	r3, [r2, #0]
 80022ca:	f043 0301 	orr.w	r3, r3, #1
 80022ce:	6013      	str	r3, [r2, #0]
  HAL_StatusTypeDef status = HAL_OK;
 80022d0:	2000      	movs	r0, #0
 80022d2:	e7df      	b.n	8002294 <HAL_DMA_Start_IT+0x24>
  __HAL_LOCK(hdma);
 80022d4:	2002      	movs	r0, #2
 80022d6:	e7dd      	b.n	8002294 <HAL_DMA_Start_IT+0x24>

080022d8 <HAL_DMA_Abort>:
{
 80022d8:	b570      	push	{r4, r5, r6, lr}
 80022da:	4604      	mov	r4, r0
  DMA_Base_Registers *regs = (DMA_Base_Registers *)hdma->StreamBaseAddress;
 80022dc:	6d86      	ldr	r6, [r0, #88]	@ 0x58
  uint32_t tickstart = HAL_GetTick();
 80022de:	f7ff fcb3 	bl	8001c48 <HAL_GetTick>
  if(hdma->State != HAL_DMA_STATE_BUSY)
 80022e2:	f894 3035 	ldrb.w	r3, [r4, #53]	@ 0x35
 80022e6:	2b02      	cmp	r3, #2
 80022e8:	d006      	beq.n	80022f8 <HAL_DMA_Abort+0x20>
    hdma->ErrorCode = HAL_DMA_ERROR_NO_XFER;
 80022ea:	2380      	movs	r3, #128	@ 0x80
 80022ec:	6563      	str	r3, [r4, #84]	@ 0x54
    __HAL_UNLOCK(hdma);
 80022ee:	2300      	movs	r3, #0
 80022f0:	f884 3034 	strb.w	r3, [r4, #52]	@ 0x34
    return HAL_ERROR;
 80022f4:	2001      	movs	r0, #1
}
 80022f6:	bd70      	pop	{r4, r5, r6, pc}
 80022f8:	4605      	mov	r5, r0
    hdma->Instance->CR  &= ~(DMA_IT_TC | DMA_IT_TE | DMA_IT_DME);
 80022fa:	6822      	ldr	r2, [r4, #0]
 80022fc:	6813      	ldr	r3, [r2, #0]
 80022fe:	f023 0316 	bic.w	r3, r3, #22
 8002302:	6013      	str	r3, [r2, #0]
    hdma->Instance->FCR &= ~(DMA_IT_FE);
 8002304:	6822      	ldr	r2, [r4, #0]
 8002306:	6953      	ldr	r3, [r2, #20]
 8002308:	f023 0380 	bic.w	r3, r3, #128	@ 0x80
 800230c:	6153      	str	r3, [r2, #20]
    if((hdma->XferHalfCpltCallback != NULL) || (hdma->XferM1HalfCpltCallback != NULL))
 800230e:	6c23      	ldr	r3, [r4, #64]	@ 0x40
 8002310:	b1e3      	cbz	r3, 800234c <HAL_DMA_Abort+0x74>
      hdma->Instance->CR  &= ~(DMA_IT_HT);
 8002312:	6822      	ldr	r2, [r4, #0]
 8002314:	6813      	ldr	r3, [r2, #0]
 8002316:	f023 0308 	bic.w	r3, r3, #8
 800231a:	6013      	str	r3, [r2, #0]
    __HAL_DMA_DISABLE(hdma);
 800231c:	6822      	ldr	r2, [r4, #0]
 800231e:	6813      	ldr	r3, [r2, #0]
 8002320:	f023 0301 	bic.w	r3, r3, #1
 8002324:	6013      	str	r3, [r2, #0]
    while((hdma->Instance->CR & DMA_SxCR_EN) != RESET)
 8002326:	6823      	ldr	r3, [r4, #0]
 8002328:	681b      	ldr	r3, [r3, #0]
 800232a:	f013 0f01 	tst.w	r3, #1
 800232e:	d011      	beq.n	8002354 <HAL_DMA_Abort+0x7c>
      if((HAL_GetTick() - tickstart ) > HAL_TIMEOUT_DMA_ABORT)
 8002330:	f7ff fc8a 	bl	8001c48 <HAL_GetTick>
 8002334:	1b43      	subs	r3, r0, r5
 8002336:	2b05      	cmp	r3, #5
 8002338:	d9f5      	bls.n	8002326 <HAL_DMA_Abort+0x4e>
        hdma->ErrorCode = HAL_DMA_ERROR_TIMEOUT;
 800233a:	2320      	movs	r3, #32
 800233c:	6563      	str	r3, [r4, #84]	@ 0x54
        hdma->State = HAL_DMA_STATE_TIMEOUT;
 800233e:	2003      	movs	r0, #3
 8002340:	f884 0035 	strb.w	r0, [r4, #53]	@ 0x35
        __HAL_UNLOCK(hdma);
 8002344:	2300      	movs	r3, #0
 8002346:	f884 3034 	strb.w	r3, [r4, #52]	@ 0x34
        return HAL_TIMEOUT;
 800234a:	e7d4      	b.n	80022f6 <HAL_DMA_Abort+0x1e>
    if((hdma->XferHalfCpltCallback != NULL) || (hdma->XferM1HalfCpltCallback != NULL))
 800234c:	6ca3      	ldr	r3, [r4, #72]	@ 0x48
 800234e:	2b00      	cmp	r3, #0
 8002350:	d1df      	bne.n	8002312 <HAL_DMA_Abort+0x3a>
 8002352:	e7e3      	b.n	800231c <HAL_DMA_Abort+0x44>
    regs->IFCR = 0x3FU << hdma->StreamIndex;
 8002354:	6de2      	ldr	r2, [r4, #92]	@ 0x5c
 8002356:	233f      	movs	r3, #63	@ 0x3f
 8002358:	4093      	lsls	r3, r2
 800235a:	60b3      	str	r3, [r6, #8]
    hdma->State = HAL_DMA_STATE_READY;
 800235c:	2301      	movs	r3, #1
 800235e:	f884 3035 	strb.w	r3, [r4, #53]	@ 0x35
    __HAL_UNLOCK(hdma);
 8002362:	2000      	movs	r0, #0
 8002364:	f884 0034 	strb.w	r0, [r4, #52]	@ 0x34
  return HAL_OK;
 8002368:	e7c5      	b.n	80022f6 <HAL_DMA_Abort+0x1e>

0800236a <HAL_DMA_Abort_IT>:
  if(hdma->State != HAL_DMA_STATE_BUSY)
 800236a:	f890 3035 	ldrb.w	r3, [r0, #53]	@ 0x35
 800236e:	2b02      	cmp	r3, #2
 8002370:	d003      	beq.n	800237a <HAL_DMA_Abort_IT+0x10>
    hdma->ErrorCode = HAL_DMA_ERROR_NO_XFER;
 8002372:	2380      	movs	r3, #128	@ 0x80
 8002374:	6543      	str	r3, [r0, #84]	@ 0x54
    return HAL_ERROR;
 8002376:	2001      	movs	r0, #1
 8002378:	4770      	bx	lr
    hdma->State = HAL_DMA_STATE_ABORT;
 800237a:	2305      	movs	r3, #5
 800237c:	f880 3035 	strb.w	r3, [r0, #53]	@ 0x35
    __HAL_DMA_DISABLE(hdma);
 8002380:	6802      	ldr	r2, [r0, #0]
 8002382:	6813      	ldr	r3, [r2, #0]
 8002384:	f023 0301 	bic.w	r3, r3, #1
 8002388:	6013      	str	r3, [r2, #0]
  return HAL_OK;
 800238a:	2000      	movs	r0, #0
}
 800238c:	4770      	bx	lr
	...

08002390 <HAL_DMA_IRQHandler>:
{
 8002390:	b5f0      	push	{r4, r5, r6, r7, lr}
 8002392:	b083      	sub	sp, #12
 8002394:	4604      	mov	r4, r0
  __IO uint32_t count = 0U;
 8002396:	2300      	movs	r3, #0
 8002398:	9301      	str	r3, [sp, #4]
  uint32_t timeout = SystemCoreClock / 9600U;
 800239a:	4b72      	ldr	r3, [pc, #456]	@ (8002564 <HAL_DMA_IRQHandler+0x1d4>)
 800239c:	681d      	ldr	r5, [r3, #0]
 800239e:	4b72      	ldr	r3, [pc, #456]	@ (8002568 <HAL_DMA_IRQHandler+0x1d8>)
 80023a0:	fba3 3505 	umull	r3, r5, r3, r5
 80023a4:	0aad      	lsrs	r5, r5, #10
  DMA_Base_Registers *regs = (DMA_Base_Registers *)hdma->StreamBaseAddress;
 80023a6:	6d87      	ldr	r7, [r0, #88]	@ 0x58
  tmpisr = regs->ISR;
 80023a8:	683e      	ldr	r6, [r7, #0]
  if ((tmpisr & (DMA_FLAG_TEIF0_4 << hdma->StreamIndex)) != RESET)
 80023aa:	6dc2      	ldr	r2, [r0, #92]	@ 0x5c
 80023ac:	2308      	movs	r3, #8
 80023ae:	4093      	lsls	r3, r2
 80023b0:	4233      	tst	r3, r6
 80023b2:	d010      	beq.n	80023d6 <HAL_DMA_IRQHandler+0x46>
    if(__HAL_DMA_GET_IT_SOURCE(hdma, DMA_IT_TE) != RESET)
 80023b4:	6803      	ldr	r3, [r0, #0]
 80023b6:	681a      	ldr	r2, [r3, #0]
 80023b8:	f012 0f04 	tst.w	r2, #4
 80023bc:	d00b      	beq.n	80023d6 <HAL_DMA_IRQHandler+0x46>
      hdma->Instance->CR  &= ~(DMA_IT_TE);
 80023be:	681a      	ldr	r2, [r3, #0]
 80023c0:	f022 0204 	bic.w	r2, r2, #4
 80023c4:	601a      	str	r2, [r3, #0]
      regs->IFCR = DMA_FLAG_TEIF0_4 << hdma->StreamIndex;
 80023c6:	6dc2      	ldr	r2, [r0, #92]	@ 0x5c
 80023c8:	2308      	movs	r3, #8
 80023ca:	4093      	lsls	r3, r2
 80023cc:	60bb      	str	r3, [r7, #8]
      hdma->ErrorCode |= HAL_DMA_ERROR_TE;
 80023ce:	6d43      	ldr	r3, [r0, #84]	@ 0x54
 80023d0:	f043 0301 	orr.w	r3, r3, #1
 80023d4:	6543      	str	r3, [r0, #84]	@ 0x54
  if ((tmpisr & (DMA_FLAG_FEIF0_4 << hdma->StreamIndex)) != RESET)
 80023d6:	6de2      	ldr	r2, [r4, #92]	@ 0x5c
 80023d8:	2301      	movs	r3, #1
 80023da:	4093      	lsls	r3, r2
 80023dc:	4233      	tst	r3, r6
 80023de:	d009      	beq.n	80023f4 <HAL_DMA_IRQHandler+0x64>
    if(__HAL_DMA_GET_IT_SOURCE(hdma, DMA_IT_FE) != RESET)
 80023e0:	6822      	ldr	r2, [r4, #0]
 80023e2:	6952      	ldr	r2, [r2, #20]
 80023e4:	f012 0f80 	tst.w	r2, #128	@ 0x80
 80023e8:	d004      	beq.n	80023f4 <HAL_DMA_IRQHandler+0x64>
      regs->IFCR = DMA_FLAG_FEIF0_4 << hdma->StreamIndex;
 80023ea:	60bb      	str	r3, [r7, #8]
      hdma->ErrorCode |= HAL_DMA_ERROR_FE;
 80023ec:	6d63      	ldr	r3, [r4, #84]	@ 0x54
 80023ee:	f043 0302 	orr.w	r3, r3, #2
 80023f2:	6563      	str	r3, [r4, #84]	@ 0x54
  if ((tmpisr & (DMA_FLAG_DMEIF0_4 << hdma->StreamIndex)) != RESET)
 80023f4:	6de2      	ldr	r2, [r4, #92]	@ 0x5c
 80023f6:	2304      	movs	r3, #4
 80023f8:	4093      	lsls	r3, r2
 80023fa:	4233      	tst	r3, r6
 80023fc:	d009      	beq.n	8002412 <HAL_DMA_IRQHandler+0x82>
    if(__HAL_DMA_GET_IT_SOURCE(hdma, DMA_IT_DME) != RESET)
 80023fe:	6822      	ldr	r2, [r4, #0]
 8002400:	6812      	ldr	r2, [r2, #0]
 8002402:	f012 0f02 	tst.w	r2, #2
 8002406:	d004      	beq.n	8002412 <HAL_DMA_IRQHandler+0x82>
      regs->IFCR = DMA_FLAG_DMEIF0_4 << hdma->StreamIndex;
 8002408:	60bb      	str	r3, [r7, #8]
      hdma->ErrorCode |= HAL_DMA_ERROR_DME;
 800240a:	6d63      	ldr	r3, [r4, #84]	@ 0x54
 800240c:	f043 0304 	orr.w	r3, r3, #4
 8002410:	6563      	str	r3, [r4, #84]	@ 0x54
  if ((tmpisr & (DMA_FLAG_HTIF0_4 << hdma->StreamIndex)) != RESET)
 8002412:	6de2      	ldr	r2, [r4, #92]	@ 0x5c
 8002414:	2310      	movs	r3, #16
 8002416:	4093      	lsls	r3, r2
 8002418:	4233      	tst	r3, r6
 800241a:	d024      	beq.n	8002466 <HAL_DMA_IRQHandler+0xd6>
    if(__HAL_DMA_GET_IT_SOURCE(hdma, DMA_IT_HT) != RESET)
 800241c:	6822      	ldr	r2, [r4, #0]
 800241e:	6812      	ldr	r2, [r2, #0]
 8002420:	f012 0f08 	tst.w	r2, #8
 8002424:	d01f      	beq.n	8002466 <HAL_DMA_IRQHandler+0xd6>
      regs->IFCR = DMA_FLAG_HTIF0_4 << hdma->StreamIndex;
 8002426:	60bb      	str	r3, [r7, #8]
      if(((hdma->Instance->CR) & (uint32_t)(DMA_SxCR_DBM)) != RESET)
 8002428:	6823      	ldr	r3, [r4, #0]
 800242a:	681a      	ldr	r2, [r3, #0]
 800242c:	f412 2f80 	tst.w	r2, #262144	@ 0x40000
 8002430:	d00d      	beq.n	800244e <HAL_DMA_IRQHandler+0xbe>
        if((hdma->Instance->CR & DMA_SxCR_CT) == RESET)
 8002432:	681b      	ldr	r3, [r3, #0]
 8002434:	f413 2f00 	tst.w	r3, #524288	@ 0x80000
 8002438:	d104      	bne.n	8002444 <HAL_DMA_IRQHandler+0xb4>
          if(hdma->XferHalfCpltCallback != NULL)
 800243a:	6c23      	ldr	r3, [r4, #64]	@ 0x40
 800243c:	b19b      	cbz	r3, 8002466 <HAL_DMA_IRQHandler+0xd6>
            hdma->XferHalfCpltCallback(hdma);
 800243e:	4620      	mov	r0, r4
 8002440:	4798      	blx	r3
 8002442:	e010      	b.n	8002466 <HAL_DMA_IRQHandler+0xd6>
          if(hdma->XferM1HalfCpltCallback != NULL)
 8002444:	6ca3      	ldr	r3, [r4, #72]	@ 0x48
 8002446:	b173      	cbz	r3, 8002466 <HAL_DMA_IRQHandler+0xd6>
            hdma->XferM1HalfCpltCallback(hdma);
 8002448:	4620      	mov	r0, r4
 800244a:	4798      	blx	r3
 800244c:	e00b      	b.n	8002466 <HAL_DMA_IRQHandler+0xd6>
        if((hdma->Instance->CR & DMA_SxCR_CIRC) == RESET)
 800244e:	681a      	ldr	r2, [r3, #0]
 8002450:	f412 7f80 	tst.w	r2, #256	@ 0x100
 8002454:	d103      	bne.n	800245e <HAL_DMA_IRQHandler+0xce>
          hdma->Instance->CR  &= ~(DMA_IT_HT);
 8002456:	681a      	ldr	r2, [r3, #0]
 8002458:	f022 0208 	bic.w	r2, r2, #8
 800245c:	601a      	str	r2, [r3, #0]
        if(hdma->XferHalfCpltCallback != NULL)
 800245e:	6c23      	ldr	r3, [r4, #64]	@ 0x40
 8002460:	b10b      	cbz	r3, 8002466 <HAL_DMA_IRQHandler+0xd6>
          hdma->XferHalfCpltCallback(hdma);
 8002462:	4620      	mov	r0, r4
 8002464:	4798      	blx	r3
  if ((tmpisr & (DMA_FLAG_TCIF0_4 << hdma->StreamIndex)) != RESET)
 8002466:	6de2      	ldr	r2, [r4, #92]	@ 0x5c
 8002468:	2320      	movs	r3, #32
 800246a:	4093      	lsls	r3, r2
 800246c:	4233      	tst	r3, r6
 800246e:	d054      	beq.n	800251a <HAL_DMA_IRQHandler+0x18a>
    if(__HAL_DMA_GET_IT_SOURCE(hdma, DMA_IT_TC) != RESET)
 8002470:	6822      	ldr	r2, [r4, #0]
 8002472:	6812      	ldr	r2, [r2, #0]
 8002474:	f012 0f10 	tst.w	r2, #16
 8002478:	d04f      	beq.n	800251a <HAL_DMA_IRQHandler+0x18a>
      regs->IFCR = DMA_FLAG_TCIF0_4 << hdma->StreamIndex;
 800247a:	60bb      	str	r3, [r7, #8]
      if(HAL_DMA_STATE_ABORT == hdma->State)
 800247c:	f894 3035 	ldrb.w	r3, [r4, #53]	@ 0x35
 8002480:	2b05      	cmp	r3, #5
 8002482:	d00e      	beq.n	80024a2 <HAL_DMA_IRQHandler+0x112>
      if(((hdma->Instance->CR) & (uint32_t)(DMA_SxCR_DBM)) != RESET)
 8002484:	6823      	ldr	r3, [r4, #0]
 8002486:	681a      	ldr	r2, [r3, #0]
 8002488:	f412 2f80 	tst.w	r2, #262144	@ 0x40000
 800248c:	d033      	beq.n	80024f6 <HAL_DMA_IRQHandler+0x166>
        if((hdma->Instance->CR & DMA_SxCR_CT) == RESET)
 800248e:	681b      	ldr	r3, [r3, #0]
 8002490:	f413 2f00 	tst.w	r3, #524288	@ 0x80000
 8002494:	d12a      	bne.n	80024ec <HAL_DMA_IRQHandler+0x15c>
          if(hdma->XferM1CpltCallback != NULL)
 8002496:	6c63      	ldr	r3, [r4, #68]	@ 0x44
 8002498:	2b00      	cmp	r3, #0
 800249a:	d03e      	beq.n	800251a <HAL_DMA_IRQHandler+0x18a>
            hdma->XferM1CpltCallback(hdma);
 800249c:	4620      	mov	r0, r4
 800249e:	4798      	blx	r3
 80024a0:	e03b      	b.n	800251a <HAL_DMA_IRQHandler+0x18a>
        hdma->Instance->CR  &= ~(DMA_IT_TC | DMA_IT_TE | DMA_IT_DME);
 80024a2:	6822      	ldr	r2, [r4, #0]
 80024a4:	6813      	ldr	r3, [r2, #0]
 80024a6:	f023 0316 	bic.w	r3, r3, #22
 80024aa:	6013      	str	r3, [r2, #0]
        hdma->Instance->FCR &= ~(DMA_IT_FE);
 80024ac:	6822      	ldr	r2, [r4, #0]
 80024ae:	6953      	ldr	r3, [r2, #20]
 80024b0:	f023 0380 	bic.w	r3, r3, #128	@ 0x80
 80024b4:	6153      	str	r3, [r2, #20]
        if((hdma->XferHalfCpltCallback != NULL) || (hdma->XferM1HalfCpltCallback != NULL))
 80024b6:	6c23      	ldr	r3, [r4, #64]	@ 0x40
 80024b8:	b1a3      	cbz	r3, 80024e4 <HAL_DMA_IRQHandler+0x154>
          hdma->Instance->CR  &= ~(DMA_IT_HT);
 80024ba:	6822      	ldr	r2, [r4, #0]
 80024bc:	6813      	ldr	r3, [r2, #0]
 80024be:	f023 0308 	bic.w	r3, r3, #8
 80024c2:	6013      	str	r3, [r2, #0]
        regs->IFCR = 0x3FU << hdma->StreamIndex;
 80024c4:	6de2      	ldr	r2, [r4, #92]	@ 0x5c
 80024c6:	233f      	movs	r3, #63	@ 0x3f
 80024c8:	4093      	lsls	r3, r2
 80024ca:	60bb      	str	r3, [r7, #8]
        hdma->State = HAL_DMA_STATE_READY;
 80024cc:	2301      	movs	r3, #1
 80024ce:	f884 3035 	strb.w	r3, [r4, #53]	@ 0x35
        __HAL_UNLOCK(hdma);
 80024d2:	2300      	movs	r3, #0
 80024d4:	f884 3034 	strb.w	r3, [r4, #52]	@ 0x34
        if(hdma->XferAbortCallback != NULL)
 80024d8:	6d23      	ldr	r3, [r4, #80]	@ 0x50
 80024da:	2b00      	cmp	r3, #0
 80024dc:	d03f      	beq.n	800255e <HAL_DMA_IRQHandler+0x1ce>
          hdma->XferAbortCallback(hdma);
 80024de:	4620      	mov	r0, r4
 80024e0:	4798      	blx	r3
        return;
 80024e2:	e03c      	b.n	800255e <HAL_DMA_IRQHandler+0x1ce>
        if((hdma->XferHalfCpltCallback != NULL) || (hdma->XferM1HalfCpltCallback != NULL))
 80024e4:	6ca3      	ldr	r3, [r4, #72]	@ 0x48
 80024e6:	2b00      	cmp	r3, #0
 80024e8:	d1e7      	bne.n	80024ba <HAL_DMA_IRQHandler+0x12a>
 80024ea:	e7eb      	b.n	80024c4 <HAL_DMA_IRQHandler+0x134>
          if(hdma->XferCpltCallback != NULL)
 80024ec:	6be3      	ldr	r3, [r4, #60]	@ 0x3c
 80024ee:	b1a3      	cbz	r3, 800251a <HAL_DMA_IRQHandler+0x18a>
            hdma->XferCpltCallback(hdma);
 80024f0:	4620      	mov	r0, r4
 80024f2:	4798      	blx	r3
 80024f4:	e011      	b.n	800251a <HAL_DMA_IRQHandler+0x18a>
        if((hdma->Instance->CR & DMA_SxCR_CIRC) == RESET)
 80024f6:	681a      	ldr	r2, [r3, #0]
 80024f8:	f412 7f80 	tst.w	r2, #256	@ 0x100
 80024fc:	d109      	bne.n	8002512 <HAL_DMA_IRQHandler+0x182>
          hdma->Instance->CR  &= ~(DMA_IT_TC);
 80024fe:	681a      	ldr	r2, [r3, #0]
 8002500:	f022 0210 	bic.w	r2, r2, #16
 8002504:	601a      	str	r2, [r3, #0]
          hdma->State = HAL_DMA_STATE_READY;
 8002506:	2301      	movs	r3, #1
 8002508:	f884 3035 	strb.w	r3, [r4, #53]	@ 0x35
          __HAL_UNLOCK(hdma);
 800250c:	2300      	movs	r3, #0
 800250e:	f884 3034 	strb.w	r3, [r4, #52]	@ 0x34
        if(hdma->XferCpltCallback != NULL)
 8002512:	6be3      	ldr	r3, [r4, #60]	@ 0x3c
 8002514:	b10b      	cbz	r3, 800251a <HAL_DMA_IRQHandler+0x18a>
          hdma->XferCpltCallback(hdma);
 8002516:	4620      	mov	r0, r4
 8002518:	4798      	blx	r3
  if(hdma->ErrorCode != HAL_DMA_ERROR_NONE)
 800251a:	6d63      	ldr	r3, [r4, #84]	@ 0x54
 800251c:	b1fb      	cbz	r3, 800255e <HAL_DMA_IRQHandler+0x1ce>
    if((hdma->ErrorCode & HAL_DMA_ERROR_TE) != RESET)
 800251e:	6d63      	ldr	r3, [r4, #84]	@ 0x54
 8002520:	f013 0f01 	tst.w	r3, #1
 8002524:	d017      	beq.n	8002556 <HAL_DMA_IRQHandler+0x1c6>
      hdma->State = HAL_DMA_STATE_ABORT;
 8002526:	2305      	movs	r3, #5
 8002528:	f884 3035 	strb.w	r3, [r4, #53]	@ 0x35
      __HAL_DMA_DISABLE(hdma);
 800252c:	6822      	ldr	r2, [r4, #0]
 800252e:	6813      	ldr	r3, [r2, #0]
 8002530:	f023 0301 	bic.w	r3, r3, #1
 8002534:	6013      	str	r3, [r2, #0]
        if (++count > timeout)
 8002536:	9b01      	ldr	r3, [sp, #4]
 8002538:	3301      	adds	r3, #1
 800253a:	9301      	str	r3, [sp, #4]
 800253c:	42ab      	cmp	r3, r5
 800253e:	d804      	bhi.n	800254a <HAL_DMA_IRQHandler+0x1ba>
      while((hdma->Instance->CR & DMA_SxCR_EN) != RESET);
 8002540:	6823      	ldr	r3, [r4, #0]
 8002542:	681b      	ldr	r3, [r3, #0]
 8002544:	f013 0f01 	tst.w	r3, #1
 8002548:	d1f5      	bne.n	8002536 <HAL_DMA_IRQHandler+0x1a6>
      hdma->State = HAL_DMA_STATE_READY;
 800254a:	2301      	movs	r3, #1
 800254c:	f884 3035 	strb.w	r3, [r4, #53]	@ 0x35
      __HAL_UNLOCK(hdma);
 8002550:	2300      	movs	r3, #0
 8002552:	f884 3034 	strb.w	r3, [r4, #52]	@ 0x34
    if(hdma->XferErrorCallback != NULL)
 8002556:	6ce3      	ldr	r3, [r4, #76]	@ 0x4c
 8002558:	b10b      	cbz	r3, 800255e <HAL_DMA_IRQHandler+0x1ce>
      hdma->XferErrorCallback(hdma);
 800255a:	4620      	mov	r0, r4
 800255c:	4798      	blx	r3
}
 800255e:	b003      	add	sp, #12
 8002560:	bdf0      	pop	{r4, r5, r6, r7, pc}
 8002562:	bf00      	nop
 8002564:	2000000c 	.word	0x2000000c
 8002568:	1b4e81b5 	.word	0x1b4e81b5

0800256c <HAL_GPIO_Init>:
  assert_param(IS_GPIO_ALL_INSTANCE(GPIOx));
  assert_param(IS_GPIO_PIN(GPIO_Init->Pin));
  assert_param(IS_GPIO_MODE(GPIO_Init->Mode));

  /* Configure the port pins */
  for(position = 0U; position < GPIO_NUMBER; position++)
 800256c:	2300      	movs	r3, #0
 800256e:	2b0f      	cmp	r3, #15
 8002570:	f200 80d7 	bhi.w	8002722 <HAL_GPIO_Init+0x1b6>
{
 8002574:	b570      	push	{r4, r5, r6, lr}
 8002576:	b082      	sub	sp, #8
 8002578:	e065      	b.n	8002646 <HAL_GPIO_Init+0xda>
          (GPIO_Init->Mode & GPIO_MODE) == MODE_AF)
      {
        /* Check the Speed parameter */
        assert_param(IS_GPIO_SPEED(GPIO_Init->Speed));
        /* Configure the IO Speed */
        temp = GPIOx->OSPEEDR; 
 800257a:	6885      	ldr	r5, [r0, #8]
        temp &= ~(GPIO_OSPEEDER_OSPEEDR0 << (position * 2U));
 800257c:	ea4f 0e43 	mov.w	lr, r3, lsl #1
 8002580:	2403      	movs	r4, #3
 8002582:	fa04 f40e 	lsl.w	r4, r4, lr
 8002586:	ea25 0504 	bic.w	r5, r5, r4
        temp |= (GPIO_Init->Speed << (position * 2U));
 800258a:	68cc      	ldr	r4, [r1, #12]
 800258c:	fa04 f40e 	lsl.w	r4, r4, lr
 8002590:	432c      	orrs	r4, r5
        GPIOx->OSPEEDR = temp;
 8002592:	6084      	str	r4, [r0, #8]

        /* Configure the IO Output Type */
        temp = GPIOx->OTYPER;
 8002594:	6844      	ldr	r4, [r0, #4]
        temp &= ~(GPIO_OTYPER_OT_0 << position) ;
 8002596:	ea24 0402 	bic.w	r4, r4, r2
        temp |= (((GPIO_Init->Mode & OUTPUT_TYPE) >> OUTPUT_TYPE_Pos) << position);
 800259a:	684a      	ldr	r2, [r1, #4]
 800259c:	f3c2 1200 	ubfx	r2, r2, #4, #1
 80025a0:	409a      	lsls	r2, r3
 80025a2:	4322      	orrs	r2, r4
        GPIOx->OTYPER = temp;
 80025a4:	6042      	str	r2, [r0, #4]
 80025a6:	e05c      	b.n	8002662 <HAL_GPIO_Init+0xf6>
      if((GPIO_Init->Mode & GPIO_MODE) == MODE_AF)
      {
        /* Check the Alternate function parameter */
        assert_param(IS_GPIO_AF(GPIO_Init->Alternate));
        /* Configure Alternate function mapped with the current IO */
        temp = GPIOx->AFR[position >> 3U];
 80025a8:	08dc      	lsrs	r4, r3, #3
 80025aa:	3408      	adds	r4, #8
 80025ac:	f850 2024 	ldr.w	r2, [r0, r4, lsl #2]
        temp &= ~(0xFU << ((uint32_t)(position & 0x07U) * 4U)) ;
 80025b0:	f003 0507 	and.w	r5, r3, #7
 80025b4:	00ad      	lsls	r5, r5, #2
 80025b6:	f04f 0e0f 	mov.w	lr, #15
 80025ba:	fa0e fe05 	lsl.w	lr, lr, r5
 80025be:	ea22 0e0e 	bic.w	lr, r2, lr
        temp |= ((uint32_t)(GPIO_Init->Alternate) << (((uint32_t)position & 0x07U) * 4U));
 80025c2:	690a      	ldr	r2, [r1, #16]
 80025c4:	40aa      	lsls	r2, r5
 80025c6:	ea42 020e 	orr.w	r2, r2, lr
        GPIOx->AFR[position >> 3U] = temp;
 80025ca:	f840 2024 	str.w	r2, [r0, r4, lsl #2]
 80025ce:	e05c      	b.n	800268a <HAL_GPIO_Init+0x11e>
        /* Enable SYSCFG Clock */
        __HAL_RCC_SYSCFG_CLK_ENABLE();

        temp = SYSCFG->EXTICR[position >> 2U];
        temp &= ~(0x0FU << (4U * (position & 0x03U)));
        temp |= ((uint32_t)(GPIO_GET_INDEX(GPIOx)) << (4U * (position & 0x03U)));
 80025d0:	2204      	movs	r2, #4
 80025d2:	e000      	b.n	80025d6 <HAL_GPIO_Init+0x6a>
 80025d4:	2200      	movs	r2, #0
 80025d6:	fa02 f20e 	lsl.w	r2, r2, lr
 80025da:	432a      	orrs	r2, r5
        SYSCFG->EXTICR[position >> 2U] = temp;
 80025dc:	3402      	adds	r4, #2
 80025de:	4d51      	ldr	r5, [pc, #324]	@ (8002724 <HAL_GPIO_Init+0x1b8>)
 80025e0:	f845 2024 	str.w	r2, [r5, r4, lsl #2]

        /* Clear Rising Falling edge configuration */
        temp = EXTI->RTSR;
 80025e4:	4a50      	ldr	r2, [pc, #320]	@ (8002728 <HAL_GPIO_Init+0x1bc>)
 80025e6:	6894      	ldr	r4, [r2, #8]
        temp &= ~((uint32_t)iocurrent);
 80025e8:	ea6f 020c 	mvn.w	r2, ip
 80025ec:	ea24 050c 	bic.w	r5, r4, ip
        if((GPIO_Init->Mode & TRIGGER_RISING) != 0x00U)
 80025f0:	684e      	ldr	r6, [r1, #4]
 80025f2:	f416 1f80 	tst.w	r6, #1048576	@ 0x100000
 80025f6:	d001      	beq.n	80025fc <HAL_GPIO_Init+0x90>
        {
          temp |= iocurrent;
 80025f8:	ea4c 0504 	orr.w	r5, ip, r4
        }
        EXTI->RTSR = temp;
 80025fc:	4c4a      	ldr	r4, [pc, #296]	@ (8002728 <HAL_GPIO_Init+0x1bc>)
 80025fe:	60a5      	str	r5, [r4, #8]

        temp = EXTI->FTSR;
 8002600:	68e4      	ldr	r4, [r4, #12]
        temp &= ~((uint32_t)iocurrent);
 8002602:	ea02 0504 	and.w	r5, r2, r4
        if((GPIO_Init->Mode & TRIGGER_FALLING) != 0x00U)
 8002606:	684e      	ldr	r6, [r1, #4]
 8002608:	f416 1f00 	tst.w	r6, #2097152	@ 0x200000
 800260c:	d001      	beq.n	8002612 <HAL_GPIO_Init+0xa6>
        {
          temp |= iocurrent;
 800260e:	ea4c 0504 	orr.w	r5, ip, r4
        }
        EXTI->FTSR = temp;
 8002612:	4c45      	ldr	r4, [pc, #276]	@ (8002728 <HAL_GPIO_Init+0x1bc>)
 8002614:	60e5      	str	r5, [r4, #12]

        temp = EXTI->EMR;
 8002616:	6864      	ldr	r4, [r4, #4]
        temp &= ~((uint32_t)iocurrent);
 8002618:	ea02 0504 	and.w	r5, r2, r4
        if((GPIO_Init->Mode & EXTI_EVT) != 0x00U)
 800261c:	684e      	ldr	r6, [r1, #4]
 800261e:	f416 3f00 	tst.w	r6, #131072	@ 0x20000
 8002622:	d001      	beq.n	8002628 <HAL_GPIO_Init+0xbc>
        {
          temp |= iocurrent;
 8002624:	ea4c 0504 	orr.w	r5, ip, r4
        }
        EXTI->EMR = temp;
 8002628:	4c3f      	ldr	r4, [pc, #252]	@ (8002728 <HAL_GPIO_Init+0x1bc>)
 800262a:	6065      	str	r5, [r4, #4]

        /* Clear EXTI line configuration */
        temp = EXTI->IMR;
 800262c:	6824      	ldr	r4, [r4, #0]
        temp &= ~((uint32_t)iocurrent);
 800262e:	4022      	ands	r2, r4
        if((GPIO_Init->Mode & EXTI_IT) != 0x00U)
 8002630:	684d      	ldr	r5, [r1, #4]
 8002632:	f415 3f80 	tst.w	r5, #65536	@ 0x10000
 8002636:	d001      	beq.n	800263c <HAL_GPIO_Init+0xd0>
        {
          temp |= iocurrent;
 8002638:	ea4c 0204 	orr.w	r2, ip, r4
        }
        EXTI->IMR = temp;
 800263c:	4c3a      	ldr	r4, [pc, #232]	@ (8002728 <HAL_GPIO_Init+0x1bc>)
 800263e:	6022      	str	r2, [r4, #0]
  for(position = 0U; position < GPIO_NUMBER; position++)
 8002640:	3301      	adds	r3, #1
 8002642:	2b0f      	cmp	r3, #15
 8002644:	d86b      	bhi.n	800271e <HAL_GPIO_Init+0x1b2>
    ioposition = 0x01U << position;
 8002646:	2201      	movs	r2, #1
 8002648:	409a      	lsls	r2, r3
    iocurrent = (uint32_t)(GPIO_Init->Pin) & ioposition;
 800264a:	680c      	ldr	r4, [r1, #0]
 800264c:	ea04 0c02 	and.w	ip, r4, r2
    if(iocurrent == ioposition)
 8002650:	ea32 0404 	bics.w	r4, r2, r4
 8002654:	d1f4      	bne.n	8002640 <HAL_GPIO_Init+0xd4>
      if(((GPIO_Init->Mode & GPIO_MODE) == MODE_OUTPUT) || \
 8002656:	684c      	ldr	r4, [r1, #4]
 8002658:	f004 0403 	and.w	r4, r4, #3
 800265c:	3c01      	subs	r4, #1
 800265e:	2c01      	cmp	r4, #1
 8002660:	d98b      	bls.n	800257a <HAL_GPIO_Init+0xe>
      if((GPIO_Init->Mode & GPIO_MODE) != MODE_ANALOG)
 8002662:	684a      	ldr	r2, [r1, #4]
 8002664:	f002 0203 	and.w	r2, r2, #3
 8002668:	2a03      	cmp	r2, #3
 800266a:	d009      	beq.n	8002680 <HAL_GPIO_Init+0x114>
        temp = GPIOx->PUPDR;
 800266c:	68c4      	ldr	r4, [r0, #12]
        temp &= ~(GPIO_PUPDR_PUPDR0 << (position * 2U));
 800266e:	005d      	lsls	r5, r3, #1
 8002670:	2203      	movs	r2, #3
 8002672:	40aa      	lsls	r2, r5
 8002674:	ea24 0402 	bic.w	r4, r4, r2
        temp |= ((GPIO_Init->Pull) << (position * 2U));
 8002678:	688a      	ldr	r2, [r1, #8]
 800267a:	40aa      	lsls	r2, r5
 800267c:	4322      	orrs	r2, r4
        GPIOx->PUPDR = temp;
 800267e:	60c2      	str	r2, [r0, #12]
      if((GPIO_Init->Mode & GPIO_MODE) == MODE_AF)
 8002680:	684a      	ldr	r2, [r1, #4]
 8002682:	f002 0203 	and.w	r2, r2, #3
 8002686:	2a02      	cmp	r2, #2
 8002688:	d08e      	beq.n	80025a8 <HAL_GPIO_Init+0x3c>
      temp = GPIOx->MODER;
 800268a:	6804      	ldr	r4, [r0, #0]
      temp &= ~(GPIO_MODER_MODER0 << (position * 2U));
 800268c:	ea4f 0e43 	mov.w	lr, r3, lsl #1
 8002690:	2203      	movs	r2, #3
 8002692:	fa02 f20e 	lsl.w	r2, r2, lr
 8002696:	ea24 0402 	bic.w	r4, r4, r2
      temp |= ((GPIO_Init->Mode & GPIO_MODE) << (position * 2U));
 800269a:	684a      	ldr	r2, [r1, #4]
 800269c:	f002 0203 	and.w	r2, r2, #3
 80026a0:	fa02 f20e 	lsl.w	r2, r2, lr
 80026a4:	4322      	orrs	r2, r4
      GPIOx->MODER = temp;
 80026a6:	6002      	str	r2, [r0, #0]
      if((GPIO_Init->Mode & EXTI_MODE) != 0x00U)
 80026a8:	684a      	ldr	r2, [r1, #4]
 80026aa:	f412 3f40 	tst.w	r2, #196608	@ 0x30000
 80026ae:	d0c7      	beq.n	8002640 <HAL_GPIO_Init+0xd4>
        __HAL_RCC_SYSCFG_CLK_ENABLE();
 80026b0:	2200      	movs	r2, #0
 80026b2:	9201      	str	r2, [sp, #4]
 80026b4:	4a1d      	ldr	r2, [pc, #116]	@ (800272c <HAL_GPIO_Init+0x1c0>)
 80026b6:	6c54      	ldr	r4, [r2, #68]	@ 0x44
 80026b8:	f444 4480 	orr.w	r4, r4, #16384	@ 0x4000
 80026bc:	6454      	str	r4, [r2, #68]	@ 0x44
 80026be:	6c52      	ldr	r2, [r2, #68]	@ 0x44
 80026c0:	f402 4280 	and.w	r2, r2, #16384	@ 0x4000
 80026c4:	9201      	str	r2, [sp, #4]
 80026c6:	9a01      	ldr	r2, [sp, #4]
        temp = SYSCFG->EXTICR[position >> 2U];
 80026c8:	089c      	lsrs	r4, r3, #2
 80026ca:	1ca5      	adds	r5, r4, #2
 80026cc:	4a15      	ldr	r2, [pc, #84]	@ (8002724 <HAL_GPIO_Init+0x1b8>)
 80026ce:	f852 5025 	ldr.w	r5, [r2, r5, lsl #2]
        temp &= ~(0x0FU << (4U * (position & 0x03U)));
 80026d2:	f003 0e03 	and.w	lr, r3, #3
 80026d6:	ea4f 0e8e 	mov.w	lr, lr, lsl #2
 80026da:	220f      	movs	r2, #15
 80026dc:	fa02 f20e 	lsl.w	r2, r2, lr
 80026e0:	ea25 0502 	bic.w	r5, r5, r2
        temp |= ((uint32_t)(GPIO_GET_INDEX(GPIOx)) << (4U * (position & 0x03U)));
 80026e4:	4a12      	ldr	r2, [pc, #72]	@ (8002730 <HAL_GPIO_Init+0x1c4>)
 80026e6:	4290      	cmp	r0, r2
 80026e8:	f43f af74 	beq.w	80025d4 <HAL_GPIO_Init+0x68>
 80026ec:	f502 6280 	add.w	r2, r2, #1024	@ 0x400
 80026f0:	4290      	cmp	r0, r2
 80026f2:	d00e      	beq.n	8002712 <HAL_GPIO_Init+0x1a6>
 80026f4:	f502 6280 	add.w	r2, r2, #1024	@ 0x400
 80026f8:	4290      	cmp	r0, r2
 80026fa:	d00c      	beq.n	8002716 <HAL_GPIO_Init+0x1aa>
 80026fc:	f502 6280 	add.w	r2, r2, #1024	@ 0x400
 8002700:	4290      	cmp	r0, r2
 8002702:	d00a      	beq.n	800271a <HAL_GPIO_Init+0x1ae>
 8002704:	f502 6280 	add.w	r2, r2, #1024	@ 0x400
 8002708:	4290      	cmp	r0, r2
 800270a:	f43f af61 	beq.w	80025d0 <HAL_GPIO_Init+0x64>
 800270e:	2207      	movs	r2, #7
 8002710:	e761      	b.n	80025d6 <HAL_GPIO_Init+0x6a>
 8002712:	2201      	movs	r2, #1
 8002714:	e75f      	b.n	80025d6 <HAL_GPIO_Init+0x6a>
 8002716:	2202      	movs	r2, #2
 8002718:	e75d      	b.n	80025d6 <HAL_GPIO_Init+0x6a>
 800271a:	2203      	movs	r2, #3
 800271c:	e75b      	b.n	80025d6 <HAL_GPIO_Init+0x6a>
      }
    }
  }
}
 800271e:	b002      	add	sp, #8
 8002720:	bd70      	pop	{r4, r5, r6, pc}
 8002722:	4770      	bx	lr
 8002724:	40013800 	.word	0x40013800
 8002728:	40013c00 	.word	0x40013c00
 800272c:	40023800 	.word	0x40023800
 8002730:	40020000 	.word	0x40020000

08002734 <HAL_GPIO_WritePin>:
{
  /* Check the parameters */
  assert_param(IS_GPIO_PIN(GPIO_Pin));
  assert_param(IS_GPIO_PIN_ACTION(PinState));

  if(PinState != GPIO_PIN_RESET)
 8002734:	b10a      	cbz	r2, 800273a <HAL_GPIO_WritePin+0x6>
  {
    GPIOx->BSRR = GPIO_Pin;
 8002736:	6181      	str	r1, [r0, #24]
 8002738:	4770      	bx	lr
  }
  else
  {
    GPIOx->BSRR = (uint32_t)GPIO_Pin << 16U;
 800273a:	0409      	lsls	r1, r1, #16
 800273c:	6181      	str	r1, [r0, #24]
  }
}
 800273e:	4770      	bx	lr

08002740 <HAL_GPIO_TogglePin>:

  /* Check the parameters */
  assert_param(IS_GPIO_PIN(GPIO_Pin));

  /* get current Output Data Register value */
  odr = GPIOx->ODR;
 8002740:	6943      	ldr	r3, [r0, #20]

  /* Set selected pins that were at low level, and reset ones that were high */
  GPIOx->BSRR = ((odr & GPIO_Pin) << GPIO_NUMBER) | (~odr & GPIO_Pin);
 8002742:	ea01 0203 	and.w	r2, r1, r3
 8002746:	ea21 0103 	bic.w	r1, r1, r3
 800274a:	ea41 4102 	orr.w	r1, r1, r2, lsl #16
 800274e:	6181      	str	r1, [r0, #24]
}
 8002750:	4770      	bx	lr
	...

08002754 <HAL_I2C_Init>:
{
  uint32_t freqrange;
  uint32_t pclk1;

  /* Check the I2C handle allocation */
  if (hi2c == NULL)
 8002754:	2800      	cmp	r0, #0
 8002756:	f000 80cc 	beq.w	80028f2 <HAL_I2C_Init+0x19e>
{
 800275a:	b570      	push	{r4, r5, r6, lr}
 800275c:	4604      	mov	r4, r0
  assert_param(IS_I2C_DUAL_ADDRESS(hi2c->Init.DualAddressMode));
  assert_param(IS_I2C_OWN_ADDRESS2(hi2c->Init.OwnAddress2));
  assert_param(IS_I2C_GENERAL_CALL(hi2c->Init.GeneralCallMode));
  assert_param(IS_I2C_NO_STRETCH(hi2c->Init.NoStretchMode));

  if (hi2c->State == HAL_I2C_STATE_RESET)
 800275e:	f890 303d 	ldrb.w	r3, [r0, #61]	@ 0x3d
 8002762:	2b00      	cmp	r3, #0
 8002764:	d077      	beq.n	8002856 <HAL_I2C_Init+0x102>
    /* Init the low level hardware : GPIO, CLOCK, NVIC */
    HAL_I2C_MspInit(hi2c);
#endif /* USE_HAL_I2C_REGISTER_CALLBACKS */
  }

  hi2c->State = HAL_I2C_STATE_BUSY;
 8002766:	2324      	movs	r3, #36	@ 0x24
 8002768:	f884 303d 	strb.w	r3, [r4, #61]	@ 0x3d

  /* Disable the selected I2C peripheral */
  __HAL_I2C_DISABLE(hi2c);
 800276c:	6822      	ldr	r2, [r4, #0]
 800276e:	6813      	ldr	r3, [r2, #0]
 8002770:	f023 0301 	bic.w	r3, r3, #1
 8002774:	6013      	str	r3, [r2, #0]

  /*Reset I2C*/
  hi2c->Instance->CR1 |= I2C_CR1_SWRST;
 8002776:	6822      	ldr	r2, [r4, #0]
 8002778:	6813      	ldr	r3, [r2, #0]
 800277a:	f443 4300 	orr.w	r3, r3, #32768	@ 0x8000
 800277e:	6013      	str	r3, [r2, #0]
  hi2c->Instance->CR1 &= ~I2C_CR1_SWRST;
 8002780:	6822      	ldr	r2, [r4, #0]
 8002782:	6813      	ldr	r3, [r2, #0]
 8002784:	f423 4300 	bic.w	r3, r3, #32768	@ 0x8000
 8002788:	6013      	str	r3, [r2, #0]

  /* Get PCLK1 frequency */
  pclk1 = HAL_RCC_GetPCLK1Freq();
 800278a:	f001 fa25 	bl	8003bd8 <HAL_RCC_GetPCLK1Freq>

  /* Check the minimum allowed PCLK1 frequency */
  if (I2C_MIN_PCLK_FREQ(pclk1, hi2c->Init.ClockSpeed) == 1U)
 800278e:	6862      	ldr	r2, [r4, #4]
 8002790:	4b5a      	ldr	r3, [pc, #360]	@ (80028fc <HAL_I2C_Init+0x1a8>)
 8002792:	429a      	cmp	r2, r3
 8002794:	d864      	bhi.n	8002860 <HAL_I2C_Init+0x10c>
 8002796:	4b5a      	ldr	r3, [pc, #360]	@ (8002900 <HAL_I2C_Init+0x1ac>)
 8002798:	4298      	cmp	r0, r3
 800279a:	bf8c      	ite	hi
 800279c:	2300      	movhi	r3, #0
 800279e:	2301      	movls	r3, #1
 80027a0:	2b00      	cmp	r3, #0
 80027a2:	f040 80a8 	bne.w	80028f6 <HAL_I2C_Init+0x1a2>
  {
    return HAL_ERROR;
  }

  /* Calculate frequency range */
  freqrange = I2C_FREQRANGE(pclk1);
 80027a6:	4957      	ldr	r1, [pc, #348]	@ (8002904 <HAL_I2C_Init+0x1b0>)
 80027a8:	fba1 3100 	umull	r3, r1, r1, r0
 80027ac:	0c8b      	lsrs	r3, r1, #18

  /*---------------------------- I2Cx CR2 Configuration ----------------------*/
  /* Configure I2Cx: Frequency range */
  MODIFY_REG(hi2c->Instance->CR2, I2C_CR2_FREQ, freqrange);
 80027ae:	6825      	ldr	r5, [r4, #0]
 80027b0:	686a      	ldr	r2, [r5, #4]
 80027b2:	f022 023f 	bic.w	r2, r2, #63	@ 0x3f
 80027b6:	ea42 4291 	orr.w	r2, r2, r1, lsr #18
 80027ba:	606a      	str	r2, [r5, #4]

  /*---------------------------- I2Cx TRISE Configuration --------------------*/
  /* Configure I2Cx: Rise Time */
  MODIFY_REG(hi2c->Instance->TRISE, I2C_TRISE_TRISE, I2C_RISE_TIME(freqrange, hi2c->Init.ClockSpeed));
 80027bc:	6821      	ldr	r1, [r4, #0]
 80027be:	6a0a      	ldr	r2, [r1, #32]
 80027c0:	f022 023f 	bic.w	r2, r2, #63	@ 0x3f
 80027c4:	6866      	ldr	r6, [r4, #4]
 80027c6:	4d4d      	ldr	r5, [pc, #308]	@ (80028fc <HAL_I2C_Init+0x1a8>)
 80027c8:	42ae      	cmp	r6, r5
 80027ca:	d84f      	bhi.n	800286c <HAL_I2C_Init+0x118>
 80027cc:	3301      	adds	r3, #1
 80027ce:	4313      	orrs	r3, r2
 80027d0:	620b      	str	r3, [r1, #32]

  /*---------------------------- I2Cx CCR Configuration ----------------------*/
  /* Configure I2Cx: Speed */
  MODIFY_REG(hi2c->Instance->CCR, (I2C_CCR_FS | I2C_CCR_DUTY | I2C_CCR_CCR), I2C_SPEED(pclk1, hi2c->Init.ClockSpeed, hi2c->Init.DutyCycle));
 80027d2:	6821      	ldr	r1, [r4, #0]
 80027d4:	69ca      	ldr	r2, [r1, #28]
 80027d6:	f422 424f 	bic.w	r2, r2, #52992	@ 0xcf00
 80027da:	f022 02ff 	bic.w	r2, r2, #255	@ 0xff
 80027de:	6865      	ldr	r5, [r4, #4]
 80027e0:	4b46      	ldr	r3, [pc, #280]	@ (80028fc <HAL_I2C_Init+0x1a8>)
 80027e2:	429d      	cmp	r5, r3
 80027e4:	d84c      	bhi.n	8002880 <HAL_I2C_Init+0x12c>
 80027e6:	1e43      	subs	r3, r0, #1
 80027e8:	006d      	lsls	r5, r5, #1
 80027ea:	fbb3 f3f5 	udiv	r3, r3, r5
 80027ee:	3301      	adds	r3, #1
 80027f0:	f640 70fc 	movw	r0, #4092	@ 0xffc
 80027f4:	4203      	tst	r3, r0
 80027f6:	d078      	beq.n	80028ea <HAL_I2C_Init+0x196>
 80027f8:	f3c3 030b 	ubfx	r3, r3, #0, #12
 80027fc:	431a      	orrs	r2, r3
 80027fe:	61ca      	str	r2, [r1, #28]

  /*---------------------------- I2Cx CR1 Configuration ----------------------*/
  /* Configure I2Cx: Generalcall and NoStretch mode */
  MODIFY_REG(hi2c->Instance->CR1, (I2C_CR1_ENGC | I2C_CR1_NOSTRETCH), (hi2c->Init.GeneralCallMode | hi2c->Init.NoStretchMode));
 8002800:	6821      	ldr	r1, [r4, #0]
 8002802:	680b      	ldr	r3, [r1, #0]
 8002804:	f023 03c0 	bic.w	r3, r3, #192	@ 0xc0
 8002808:	69e2      	ldr	r2, [r4, #28]
 800280a:	6a20      	ldr	r0, [r4, #32]
 800280c:	4302      	orrs	r2, r0
 800280e:	4313      	orrs	r3, r2
 8002810:	600b      	str	r3, [r1, #0]

  /*---------------------------- I2Cx OAR1 Configuration ---------------------*/
  /* Configure I2Cx: Own Address1 and addressing mode */
  MODIFY_REG(hi2c->Instance->OAR1, (I2C_OAR1_ADDMODE | I2C_OAR1_ADD8_9 | I2C_OAR1_ADD1_7 | I2C_OAR1_ADD0), (hi2c->Init.AddressingMode | hi2c->Init.OwnAddress1));
 8002812:	6821      	ldr	r1, [r4, #0]
 8002814:	688b      	ldr	r3, [r1, #8]
 8002816:	f423 4303 	bic.w	r3, r3, #33536	@ 0x8300
 800281a:	f023 03ff 	bic.w	r3, r3, #255	@ 0xff
 800281e:	6922      	ldr	r2, [r4, #16]
 8002820:	68e0      	ldr	r0, [r4, #12]
 8002822:	4302      	orrs	r2, r0
 8002824:	4313      	orrs	r3, r2
 8002826:	608b      	str	r3, [r1, #8]

  /*---------------------------- I2Cx OAR2 Configuration ---------------------*/
  /* Configure I2Cx: Dual mode and Own Address2 */
  MODIFY_REG(hi2c->Instance->OAR2, (I2C_OAR2_ENDUAL | I2C_OAR2_ADD2), (hi2c->Init.DualAddressMode | hi2c->Init.OwnAddress2));
 8002828:	6821      	ldr	r1, [r4, #0]
 800282a:	68cb      	ldr	r3, [r1, #12]
 800282c:	f023 03ff 	bic.w	r3, r3, #255	@ 0xff
 8002830:	6962      	ldr	r2, [r4, #20]
 8002832:	69a0      	ldr	r0, [r4, #24]
 8002834:	4302      	orrs	r2, r0
 8002836:	4313      	orrs	r3, r2
 8002838:	60cb      	str	r3, [r1, #12]

  /* Enable the selected I2C peripheral */
  __HAL_I2C_ENABLE(hi2c);
 800283a:	6822      	ldr	r2, [r4, #0]
 800283c:	6813      	ldr	r3, [r2, #0]
 800283e:	f043 0301 	orr.w	r3, r3, #1
 8002842:	6013      	str	r3, [r2, #0]

  hi2c->ErrorCode = HAL_I2C_ERROR_NONE;
 8002844:	2000      	movs	r0, #0
 8002846:	6420      	str	r0, [r4, #64]	@ 0x40
  hi2c->State = HAL_I2C_STATE_READY;
 8002848:	2320      	movs	r3, #32
 800284a:	f884 303d 	strb.w	r3, [r4, #61]	@ 0x3d
  hi2c->PreviousState = I2C_STATE_NONE;
 800284e:	6320      	str	r0, [r4, #48]	@ 0x30
  hi2c->Mode = HAL_I2C_MODE_NONE;
 8002850:	f884 003e 	strb.w	r0, [r4, #62]	@ 0x3e

  return HAL_OK;
}
 8002854:	bd70      	pop	{r4, r5, r6, pc}
    hi2c->Lock = HAL_UNLOCKED;
 8002856:	f880 303c 	strb.w	r3, [r0, #60]	@ 0x3c
    HAL_I2C_MspInit(hi2c);
 800285a:	f7fe fb57 	bl	8000f0c <HAL_I2C_MspInit>
 800285e:	e782      	b.n	8002766 <HAL_I2C_Init+0x12>
  if (I2C_MIN_PCLK_FREQ(pclk1, hi2c->Init.ClockSpeed) == 1U)
 8002860:	4b29      	ldr	r3, [pc, #164]	@ (8002908 <HAL_I2C_Init+0x1b4>)
 8002862:	4298      	cmp	r0, r3
 8002864:	bf8c      	ite	hi
 8002866:	2300      	movhi	r3, #0
 8002868:	2301      	movls	r3, #1
 800286a:	e799      	b.n	80027a0 <HAL_I2C_Init+0x4c>
  MODIFY_REG(hi2c->Instance->TRISE, I2C_TRISE_TRISE, I2C_RISE_TIME(freqrange, hi2c->Init.ClockSpeed));
 800286c:	f44f 7596 	mov.w	r5, #300	@ 0x12c
 8002870:	fb05 f303 	mul.w	r3, r5, r3
 8002874:	4d25      	ldr	r5, [pc, #148]	@ (800290c <HAL_I2C_Init+0x1b8>)
 8002876:	fba5 5303 	umull	r5, r3, r5, r3
 800287a:	099b      	lsrs	r3, r3, #6
 800287c:	3301      	adds	r3, #1
 800287e:	e7a6      	b.n	80027ce <HAL_I2C_Init+0x7a>
  MODIFY_REG(hi2c->Instance->CCR, (I2C_CCR_FS | I2C_CCR_DUTY | I2C_CCR_CCR), I2C_SPEED(pclk1, hi2c->Init.ClockSpeed, hi2c->Init.DutyCycle));
 8002880:	68a6      	ldr	r6, [r4, #8]
 8002882:	b9be      	cbnz	r6, 80028b4 <HAL_I2C_Init+0x160>
 8002884:	1e43      	subs	r3, r0, #1
 8002886:	eb05 0c45 	add.w	ip, r5, r5, lsl #1
 800288a:	fbb3 f3fc 	udiv	r3, r3, ip
 800288e:	3301      	adds	r3, #1
 8002890:	f3c3 030b 	ubfx	r3, r3, #0, #12
 8002894:	fab3 f383 	clz	r3, r3
 8002898:	095b      	lsrs	r3, r3, #5
 800289a:	bb43      	cbnz	r3, 80028ee <HAL_I2C_Init+0x19a>
 800289c:	b9c6      	cbnz	r6, 80028d0 <HAL_I2C_Init+0x17c>
 800289e:	1e43      	subs	r3, r0, #1
 80028a0:	eb05 0545 	add.w	r5, r5, r5, lsl #1
 80028a4:	fbb3 f3f5 	udiv	r3, r3, r5
 80028a8:	3301      	adds	r3, #1
 80028aa:	f3c3 030b 	ubfx	r3, r3, #0, #12
 80028ae:	f443 4300 	orr.w	r3, r3, #32768	@ 0x8000
 80028b2:	e7a3      	b.n	80027fc <HAL_I2C_Init+0xa8>
 80028b4:	1e43      	subs	r3, r0, #1
 80028b6:	eb05 0c85 	add.w	ip, r5, r5, lsl #2
 80028ba:	eb0c 0c8c 	add.w	ip, ip, ip, lsl #2
 80028be:	fbb3 f3fc 	udiv	r3, r3, ip
 80028c2:	3301      	adds	r3, #1
 80028c4:	f3c3 030b 	ubfx	r3, r3, #0, #12
 80028c8:	fab3 f383 	clz	r3, r3
 80028cc:	095b      	lsrs	r3, r3, #5
 80028ce:	e7e4      	b.n	800289a <HAL_I2C_Init+0x146>
 80028d0:	1e43      	subs	r3, r0, #1
 80028d2:	eb05 0585 	add.w	r5, r5, r5, lsl #2
 80028d6:	eb05 0585 	add.w	r5, r5, r5, lsl #2
 80028da:	fbb3 f3f5 	udiv	r3, r3, r5
 80028de:	3301      	adds	r3, #1
 80028e0:	f3c3 030b 	ubfx	r3, r3, #0, #12
 80028e4:	f443 4340 	orr.w	r3, r3, #49152	@ 0xc000
 80028e8:	e788      	b.n	80027fc <HAL_I2C_Init+0xa8>
 80028ea:	2304      	movs	r3, #4
 80028ec:	e786      	b.n	80027fc <HAL_I2C_Init+0xa8>
 80028ee:	2301      	movs	r3, #1
 80028f0:	e784      	b.n	80027fc <HAL_I2C_Init+0xa8>
    return HAL_ERROR;
 80028f2:	2001      	movs	r0, #1
}
 80028f4:	4770      	bx	lr
    return HAL_ERROR;
 80028f6:	2001      	movs	r0, #1
 80028f8:	e7ac      	b.n	8002854 <HAL_I2C_Init+0x100>
 80028fa:	bf00      	nop
 80028fc:	000186a0 	.word	0x000186a0
 8002900:	001e847f 	.word	0x001e847f
 8002904:	431bde83 	.word	0x431bde83
 8002908:	003d08ff 	.word	0x003d08ff
 800290c:	10624dd3 	.word	0x10624dd3

08002910 <HAL_MspInit>:
/* USER CODE END 0 */
/**
  * Initializes the Global MSP.
  */
void HAL_MspInit(void)
{
 8002910:	b500      	push	{lr}
 8002912:	b083      	sub	sp, #12

  /* USER CODE BEGIN MspInit 0 */

  /* USER CODE END MspInit 0 */

  __HAL_RCC_SYSCFG_CLK_ENABLE();
 8002914:	2200      	movs	r2, #0
 8002916:	9200      	str	r2, [sp, #0]
 8002918:	4b0d      	ldr	r3, [pc, #52]	@ (8002950 <HAL_MspInit+0x40>)
 800291a:	6c59      	ldr	r1, [r3, #68]	@ 0x44
 800291c:	f441 4180 	orr.w	r1, r1, #16384	@ 0x4000
 8002920:	6459      	str	r1, [r3, #68]	@ 0x44
 8002922:	6c59      	ldr	r1, [r3, #68]	@ 0x44
 8002924:	f401 4180 	and.w	r1, r1, #16384	@ 0x4000
 8002928:	9100      	str	r1, [sp, #0]
 800292a:	9900      	ldr	r1, [sp, #0]
  __HAL_RCC_PWR_CLK_ENABLE();
 800292c:	9201      	str	r2, [sp, #4]
 800292e:	6c19      	ldr	r1, [r3, #64]	@ 0x40
 8002930:	f041 5180 	orr.w	r1, r1, #268435456	@ 0x10000000
 8002934:	6419      	str	r1, [r3, #64]	@ 0x40
 8002936:	6c1b      	ldr	r3, [r3, #64]	@ 0x40
 8002938:	f003 5380 	and.w	r3, r3, #268435456	@ 0x10000000
 800293c:	9301      	str	r3, [sp, #4]
 800293e:	9b01      	ldr	r3, [sp, #4]

  /* System interrupt init*/
  /* PendSV_IRQn interrupt configuration */
  HAL_NVIC_SetPriority(PendSV_IRQn, 15, 0);
 8002940:	210f      	movs	r1, #15
 8002942:	f06f 0001 	mvn.w	r0, #1
 8002946:	f7ff fb89 	bl	800205c <HAL_NVIC_SetPriority>

  /* USER CODE BEGIN MspInit 1 */

  /* USER CODE END MspInit 1 */
}
 800294a:	b003      	add	sp, #12
 800294c:	f85d fb04 	ldr.w	pc, [sp], #4
 8002950:	40023800 	.word	0x40023800

08002954 <PCD_WriteEmptyTxFifo>:
  * @param  hpcd PCD handle
  * @param  epnum endpoint number
  * @retval HAL status
  */
static HAL_StatusTypeDef PCD_WriteEmptyTxFifo(PCD_HandleTypeDef *hpcd, uint32_t epnum)
{
 8002954:	e92d 43f0 	stmdb	sp!, {r4, r5, r6, r7, r8, r9, lr}
 8002958:	b083      	sub	sp, #12
  USB_OTG_GlobalTypeDef *USBx = hpcd->Instance;
 800295a:	f8d0 8000 	ldr.w	r8, [r0]
  uint32_t len32b;
  uint32_t fifoemptymsk;

  ep = &hpcd->IN_ep[epnum];

  if (ep->xfer_count > ep->xfer_len)
 800295e:	eb01 03c1 	add.w	r3, r1, r1, lsl #3
 8002962:	eb00 0383 	add.w	r3, r0, r3, lsl #2
 8002966:	6a9a      	ldr	r2, [r3, #40]	@ 0x28
 8002968:	6a5b      	ldr	r3, [r3, #36]	@ 0x24
 800296a:	429a      	cmp	r2, r3
 800296c:	d854      	bhi.n	8002a18 <PCD_WriteEmptyTxFifo+0xc4>
 800296e:	4607      	mov	r7, r0
 8002970:	460c      	mov	r4, r1
  {
    return HAL_ERROR;
  }

  len = ep->xfer_len - ep->xfer_count;
 8002972:	1a9b      	subs	r3, r3, r2

  if (len > ep->maxpacket)
 8002974:	eb01 02c1 	add.w	r2, r1, r1, lsl #3
 8002978:	eb00 0282 	add.w	r2, r0, r2, lsl #2
 800297c:	69d2      	ldr	r2, [r2, #28]
 800297e:	429a      	cmp	r2, r3
 8002980:	d300      	bcc.n	8002984 <PCD_WriteEmptyTxFifo+0x30>
  len = ep->xfer_len - ep->xfer_count;
 8002982:	461a      	mov	r2, r3
  {
    len = ep->maxpacket;
  }

  len32b = (len + 3U) / 4U;
 8002984:	f102 0903 	add.w	r9, r2, #3
 8002988:	ea4f 0999 	mov.w	r9, r9, lsr #2

  while (((USBx_INEP(epnum)->DTXFSTS & USB_OTG_DTXFSTS_INEPTFSAV) >= len32b) &&
 800298c:	e015      	b.n	80029ba <PCD_WriteEmptyTxFifo+0x66>

    if (len > ep->maxpacket)
    {
      len = ep->maxpacket;
    }
    len32b = (len + 3U) / 4U;
 800298e:	f106 0903 	add.w	r9, r6, #3
 8002992:	ea4f 0999 	mov.w	r9, r9, lsr #2

    (void)USB_WritePacket(USBx, ep->xfer_buff, (uint8_t)epnum, (uint16_t)len,
                          (uint8_t)hpcd->Init.dma_enable);
 8002996:	79bb      	ldrb	r3, [r7, #6]
    (void)USB_WritePacket(USBx, ep->xfer_buff, (uint8_t)epnum, (uint16_t)len,
 8002998:	eb04 05c4 	add.w	r5, r4, r4, lsl #3
 800299c:	eb07 0585 	add.w	r5, r7, r5, lsl #2
 80029a0:	6a29      	ldr	r1, [r5, #32]
 80029a2:	9300      	str	r3, [sp, #0]
 80029a4:	b2b3      	uxth	r3, r6
 80029a6:	b2e2      	uxtb	r2, r4
 80029a8:	4640      	mov	r0, r8
 80029aa:	f002 fc16 	bl	80051da <USB_WritePacket>

    ep->xfer_buff  += len;
 80029ae:	6a2b      	ldr	r3, [r5, #32]
 80029b0:	4433      	add	r3, r6
 80029b2:	622b      	str	r3, [r5, #32]
    ep->xfer_count += len;
 80029b4:	6aab      	ldr	r3, [r5, #40]	@ 0x28
 80029b6:	4433      	add	r3, r6
 80029b8:	62ab      	str	r3, [r5, #40]	@ 0x28
  while (((USBx_INEP(epnum)->DTXFSTS & USB_OTG_DTXFSTS_INEPTFSAV) >= len32b) &&
 80029ba:	eb08 1344 	add.w	r3, r8, r4, lsl #5
 80029be:	f503 6310 	add.w	r3, r3, #2304	@ 0x900
 80029c2:	699b      	ldr	r3, [r3, #24]
 80029c4:	b29b      	uxth	r3, r3
         (ep->xfer_count < ep->xfer_len) && (ep->xfer_len != 0U))
 80029c6:	454b      	cmp	r3, r9
 80029c8:	d312      	bcc.n	80029f0 <PCD_WriteEmptyTxFifo+0x9c>
 80029ca:	eb04 03c4 	add.w	r3, r4, r4, lsl #3
 80029ce:	eb07 0383 	add.w	r3, r7, r3, lsl #2
 80029d2:	6a9a      	ldr	r2, [r3, #40]	@ 0x28
 80029d4:	6a5b      	ldr	r3, [r3, #36]	@ 0x24
  while (((USBx_INEP(epnum)->DTXFSTS & USB_OTG_DTXFSTS_INEPTFSAV) >= len32b) &&
 80029d6:	429a      	cmp	r2, r3
 80029d8:	d20a      	bcs.n	80029f0 <PCD_WriteEmptyTxFifo+0x9c>
         (ep->xfer_count < ep->xfer_len) && (ep->xfer_len != 0U))
 80029da:	b14b      	cbz	r3, 80029f0 <PCD_WriteEmptyTxFifo+0x9c>
    len = ep->xfer_len - ep->xfer_count;
 80029dc:	1a9b      	subs	r3, r3, r2
    if (len > ep->maxpacket)
 80029de:	eb04 02c4 	add.w	r2, r4, r4, lsl #3
 80029e2:	eb07 0282 	add.w	r2, r7, r2, lsl #2
 80029e6:	69d6      	ldr	r6, [r2, #28]
 80029e8:	429e      	cmp	r6, r3
 80029ea:	d3d0      	bcc.n	800298e <PCD_WriteEmptyTxFifo+0x3a>
    len = ep->xfer_len - ep->xfer_count;
 80029ec:	461e      	mov	r6, r3
 80029ee:	e7ce      	b.n	800298e <PCD_WriteEmptyTxFifo+0x3a>
  }

  if (ep->xfer_len <= ep->xfer_count)
 80029f0:	eb04 03c4 	add.w	r3, r4, r4, lsl #3
 80029f4:	eb07 0783 	add.w	r7, r7, r3, lsl #2
 80029f8:	6a7a      	ldr	r2, [r7, #36]	@ 0x24
 80029fa:	6abb      	ldr	r3, [r7, #40]	@ 0x28
 80029fc:	429a      	cmp	r2, r3
 80029fe:	d80f      	bhi.n	8002a20 <PCD_WriteEmptyTxFifo+0xcc>
  {
    fifoemptymsk = (uint32_t)(0x1UL << (epnum & EP_ADDR_MSK));
 8002a00:	f004 040f 	and.w	r4, r4, #15
 8002a04:	2201      	movs	r2, #1
 8002a06:	40a2      	lsls	r2, r4
    USBx_DEVICE->DIEPEMPMSK &= ~fifoemptymsk;
 8002a08:	f8d8 3834 	ldr.w	r3, [r8, #2100]	@ 0x834
 8002a0c:	ea23 0302 	bic.w	r3, r3, r2
 8002a10:	f8c8 3834 	str.w	r3, [r8, #2100]	@ 0x834
  }

  return HAL_OK;
 8002a14:	2000      	movs	r0, #0
 8002a16:	e000      	b.n	8002a1a <PCD_WriteEmptyTxFifo+0xc6>
    return HAL_ERROR;
 8002a18:	2001      	movs	r0, #1
}
 8002a1a:	b003      	add	sp, #12
 8002a1c:	e8bd 83f0 	ldmia.w	sp!, {r4, r5, r6, r7, r8, r9, pc}
  return HAL_OK;
 8002a20:	2000      	movs	r0, #0
 8002a22:	e7fa      	b.n	8002a1a <PCD_WriteEmptyTxFifo+0xc6>

08002a24 <HAL_PCD_Init>:
{
 8002a24:	b530      	push	{r4, r5, lr}
 8002a26:	b083      	sub	sp, #12
  if (hpcd == NULL)
 8002a28:	2800      	cmp	r0, #0
 8002a2a:	d07a      	beq.n	8002b22 <HAL_PCD_Init+0xfe>
 8002a2c:	4604      	mov	r4, r0
  USBx = hpcd->Instance;
 8002a2e:	6805      	ldr	r5, [r0, #0]
  if (hpcd->State == HAL_PCD_STATE_RESET)
 8002a30:	f890 3495 	ldrb.w	r3, [r0, #1173]	@ 0x495
 8002a34:	b1c3      	cbz	r3, 8002a68 <HAL_PCD_Init+0x44>
  hpcd->State = HAL_PCD_STATE_BUSY;
 8002a36:	2303      	movs	r3, #3
 8002a38:	f884 3495 	strb.w	r3, [r4, #1173]	@ 0x495
  if (USBx == USB_OTG_FS)
 8002a3c:	f1b5 4fa0 	cmp.w	r5, #1342177280	@ 0x50000000
 8002a40:	d017      	beq.n	8002a72 <HAL_PCD_Init+0x4e>
  __HAL_PCD_DISABLE(hpcd);
 8002a42:	6820      	ldr	r0, [r4, #0]
 8002a44:	f002 f97a 	bl	8004d3c <USB_DisableGlobalInt>
  if (USB_CoreInit(hpcd->Instance, hpcd->Init) != HAL_OK)
 8002a48:	7c23      	ldrb	r3, [r4, #16]
 8002a4a:	f88d 3000 	strb.w	r3, [sp]
 8002a4e:	1d23      	adds	r3, r4, #4
 8002a50:	cb0e      	ldmia	r3, {r1, r2, r3}
 8002a52:	6820      	ldr	r0, [r4, #0]
 8002a54:	f002 f8b0 	bl	8004bb8 <USB_CoreInit>
 8002a58:	b170      	cbz	r0, 8002a78 <HAL_PCD_Init+0x54>
    hpcd->State = HAL_PCD_STATE_ERROR;
 8002a5a:	2302      	movs	r3, #2
 8002a5c:	f884 3495 	strb.w	r3, [r4, #1173]	@ 0x495
    return HAL_ERROR;
 8002a60:	2501      	movs	r5, #1
}
 8002a62:	4628      	mov	r0, r5
 8002a64:	b003      	add	sp, #12
 8002a66:	bd30      	pop	{r4, r5, pc}
    hpcd->Lock = HAL_UNLOCKED;
 8002a68:	f880 3494 	strb.w	r3, [r0, #1172]	@ 0x494
    HAL_PCD_MspInit(hpcd);
 8002a6c:	f004 faa0 	bl	8006fb0 <HAL_PCD_MspInit>
 8002a70:	e7e1      	b.n	8002a36 <HAL_PCD_Init+0x12>
    hpcd->Init.dma_enable = 0U;
 8002a72:	2300      	movs	r3, #0
 8002a74:	71a3      	strb	r3, [r4, #6]
 8002a76:	e7e4      	b.n	8002a42 <HAL_PCD_Init+0x1e>
  if (USB_SetCurrentMode(hpcd->Instance, USB_DEVICE_MODE) != HAL_OK)
 8002a78:	2100      	movs	r1, #0
 8002a7a:	6820      	ldr	r0, [r4, #0]
 8002a7c:	f002 fdc3 	bl	8005606 <USB_SetCurrentMode>
 8002a80:	4602      	mov	r2, r0
 8002a82:	b9b8      	cbnz	r0, 8002ab4 <HAL_PCD_Init+0x90>
  for (i = 0U; i < hpcd->Init.dev_endpoints; i++)
 8002a84:	4603      	mov	r3, r0
 8002a86:	7920      	ldrb	r0, [r4, #4]
 8002a88:	4298      	cmp	r0, r3
 8002a8a:	d918      	bls.n	8002abe <HAL_PCD_Init+0x9a>
    hpcd->IN_ep[i].is_in = 1U;
 8002a8c:	eb03 01c3 	add.w	r1, r3, r3, lsl #3
 8002a90:	eb04 0181 	add.w	r1, r4, r1, lsl #2
 8002a94:	2001      	movs	r0, #1
 8002a96:	7548      	strb	r0, [r1, #21]
    hpcd->IN_ep[i].num = i;
 8002a98:	750b      	strb	r3, [r1, #20]
    hpcd->IN_ep[i].tx_fifo_num = i;
 8002a9a:	85cb      	strh	r3, [r1, #46]	@ 0x2e
    hpcd->IN_ep[i].type = EP_TYPE_CTRL;
 8002a9c:	2000      	movs	r0, #0
 8002a9e:	7608      	strb	r0, [r1, #24]
    hpcd->IN_ep[i].maxpacket = 0U;
 8002aa0:	61c8      	str	r0, [r1, #28]
    hpcd->IN_ep[i].xfer_buff = 0U;
 8002aa2:	6208      	str	r0, [r1, #32]
    hpcd->IN_ep[i].xfer_len = 0U;
 8002aa4:	eb03 01c3 	add.w	r1, r3, r3, lsl #3
 8002aa8:	eb04 0181 	add.w	r1, r4, r1, lsl #2
 8002aac:	6248      	str	r0, [r1, #36]	@ 0x24
  for (i = 0U; i < hpcd->Init.dev_endpoints; i++)
 8002aae:	3301      	adds	r3, #1
 8002ab0:	b2db      	uxtb	r3, r3
 8002ab2:	e7e8      	b.n	8002a86 <HAL_PCD_Init+0x62>
    hpcd->State = HAL_PCD_STATE_ERROR;
 8002ab4:	2302      	movs	r3, #2
 8002ab6:	f884 3495 	strb.w	r3, [r4, #1173]	@ 0x495
    return HAL_ERROR;
 8002aba:	2501      	movs	r5, #1
 8002abc:	e7d1      	b.n	8002a62 <HAL_PCD_Init+0x3e>
  for (i = 0U; i < hpcd->Init.dev_endpoints; i++)
 8002abe:	4290      	cmp	r0, r2
 8002ac0:	d917      	bls.n	8002af2 <HAL_PCD_Init+0xce>
    hpcd->OUT_ep[i].is_in = 0U;
 8002ac2:	eb02 03c2 	add.w	r3, r2, r2, lsl #3
 8002ac6:	eb04 0383 	add.w	r3, r4, r3, lsl #2
 8002aca:	2100      	movs	r1, #0
 8002acc:	f883 1255 	strb.w	r1, [r3, #597]	@ 0x255
    hpcd->OUT_ep[i].num = i;
 8002ad0:	f883 2254 	strb.w	r2, [r3, #596]	@ 0x254
    hpcd->OUT_ep[i].type = EP_TYPE_CTRL;
 8002ad4:	f883 1258 	strb.w	r1, [r3, #600]	@ 0x258
    hpcd->OUT_ep[i].maxpacket = 0U;
 8002ad8:	f8c3 125c 	str.w	r1, [r3, #604]	@ 0x25c
    hpcd->OUT_ep[i].xfer_buff = 0U;
 8002adc:	f8c3 1260 	str.w	r1, [r3, #608]	@ 0x260
    hpcd->OUT_ep[i].xfer_len = 0U;
 8002ae0:	eb02 03c2 	add.w	r3, r2, r2, lsl #3
 8002ae4:	eb04 0383 	add.w	r3, r4, r3, lsl #2
 8002ae8:	f8c3 1264 	str.w	r1, [r3, #612]	@ 0x264
  for (i = 0U; i < hpcd->Init.dev_endpoints; i++)
 8002aec:	3201      	adds	r2, #1
 8002aee:	b2d2      	uxtb	r2, r2
 8002af0:	e7e5      	b.n	8002abe <HAL_PCD_Init+0x9a>
  if (USB_DevInit(hpcd->Instance, hpcd->Init) != HAL_OK)
 8002af2:	7c23      	ldrb	r3, [r4, #16]
 8002af4:	f88d 3000 	strb.w	r3, [sp]
 8002af8:	1d23      	adds	r3, r4, #4
 8002afa:	cb0e      	ldmia	r3, {r1, r2, r3}
 8002afc:	6820      	ldr	r0, [r4, #0]
 8002afe:	f002 f973 	bl	8004de8 <USB_DevInit>
 8002b02:	4605      	mov	r5, r0
 8002b04:	b120      	cbz	r0, 8002b10 <HAL_PCD_Init+0xec>
    hpcd->State = HAL_PCD_STATE_ERROR;
 8002b06:	2302      	movs	r3, #2
 8002b08:	f884 3495 	strb.w	r3, [r4, #1173]	@ 0x495
    return HAL_ERROR;
 8002b0c:	2501      	movs	r5, #1
 8002b0e:	e7a8      	b.n	8002a62 <HAL_PCD_Init+0x3e>
  hpcd->USB_Address = 0U;
 8002b10:	2300      	movs	r3, #0
 8002b12:	7463      	strb	r3, [r4, #17]
  hpcd->State = HAL_PCD_STATE_READY;
 8002b14:	2301      	movs	r3, #1
 8002b16:	f884 3495 	strb.w	r3, [r4, #1173]	@ 0x495
  (void)USB_DevDisconnect(hpcd->Instance);
 8002b1a:	6820      	ldr	r0, [r4, #0]
 8002b1c:	f002 fd32 	bl	8005584 <USB_DevDisconnect>
  return HAL_OK;
 8002b20:	e79f      	b.n	8002a62 <HAL_PCD_Init+0x3e>
    return HAL_ERROR;
 8002b22:	2501      	movs	r5, #1
 8002b24:	e79d      	b.n	8002a62 <HAL_PCD_Init+0x3e>

08002b26 <HAL_PCD_Start>:
  USB_OTG_GlobalTypeDef *USBx = hpcd->Instance;
 8002b26:	6803      	ldr	r3, [r0, #0]
  __HAL_LOCK(hpcd);
 8002b28:	f890 2494 	ldrb.w	r2, [r0, #1172]	@ 0x494
 8002b2c:	2a01      	cmp	r2, #1
 8002b2e:	d01a      	beq.n	8002b66 <HAL_PCD_Start+0x40>
{
 8002b30:	b510      	push	{r4, lr}
 8002b32:	4604      	mov	r4, r0
  __HAL_LOCK(hpcd);
 8002b34:	2201      	movs	r2, #1
 8002b36:	f880 2494 	strb.w	r2, [r0, #1172]	@ 0x494
  if (((USBx->GUSBCFG & USB_OTG_GUSBCFG_PHYSEL) != 0U) &&
 8002b3a:	68da      	ldr	r2, [r3, #12]
 8002b3c:	f012 0f40 	tst.w	r2, #64	@ 0x40
 8002b40:	d002      	beq.n	8002b48 <HAL_PCD_Start+0x22>
      (hpcd->Init.battery_charging_enable == 1U))
 8002b42:	7b42      	ldrb	r2, [r0, #13]
  if (((USBx->GUSBCFG & USB_OTG_GUSBCFG_PHYSEL) != 0U) &&
 8002b44:	2a01      	cmp	r2, #1
 8002b46:	d009      	beq.n	8002b5c <HAL_PCD_Start+0x36>
  __HAL_PCD_ENABLE(hpcd);
 8002b48:	6820      	ldr	r0, [r4, #0]
 8002b4a:	f002 f8f1 	bl	8004d30 <USB_EnableGlobalInt>
  (void)USB_DevConnect(hpcd->Instance);
 8002b4e:	6820      	ldr	r0, [r4, #0]
 8002b50:	f002 fd0a 	bl	8005568 <USB_DevConnect>
  __HAL_UNLOCK(hpcd);
 8002b54:	2000      	movs	r0, #0
 8002b56:	f884 0494 	strb.w	r0, [r4, #1172]	@ 0x494
}
 8002b5a:	bd10      	pop	{r4, pc}
    USBx->GCCFG |= USB_OTG_GCCFG_PWRDWN;
 8002b5c:	6b9a      	ldr	r2, [r3, #56]	@ 0x38
 8002b5e:	f442 3280 	orr.w	r2, r2, #65536	@ 0x10000
 8002b62:	639a      	str	r2, [r3, #56]	@ 0x38
 8002b64:	e7f0      	b.n	8002b48 <HAL_PCD_Start+0x22>
  __HAL_LOCK(hpcd);
 8002b66:	2002      	movs	r0, #2
}
 8002b68:	4770      	bx	lr
	...

08002b6c <PCD_EP_OutXfrComplete_int>:
  * @param  hpcd PCD handle
  * @param  epnum endpoint number
  * @retval HAL status
  */
static HAL_StatusTypeDef PCD_EP_OutXfrComplete_int(PCD_HandleTypeDef *hpcd, uint32_t epnum)
{
 8002b6c:	b570      	push	{r4, r5, r6, lr}
 8002b6e:	4604      	mov	r4, r0
 8002b70:	460d      	mov	r5, r1
  USB_OTG_EPTypeDef *ep;
  const USB_OTG_GlobalTypeDef *USBx = hpcd->Instance;
 8002b72:	6800      	ldr	r0, [r0, #0]
  uint32_t USBx_BASE = (uint32_t)USBx;
  uint32_t gSNPSiD = *(__IO const uint32_t *)(&USBx->CID + 0x1U);
 8002b74:	6c06      	ldr	r6, [r0, #64]	@ 0x40
  uint32_t DoepintReg = USBx_OUTEP(epnum)->DOEPINT;
 8002b76:	eb00 1341 	add.w	r3, r0, r1, lsl #5
 8002b7a:	f503 6330 	add.w	r3, r3, #2816	@ 0xb00
 8002b7e:	689a      	ldr	r2, [r3, #8]

  if (hpcd->Init.dma_enable == 1U)
 8002b80:	79a1      	ldrb	r1, [r4, #6]
 8002b82:	2901      	cmp	r1, #1
 8002b84:	d011      	beq.n	8002baa <PCD_EP_OutXfrComplete_int+0x3e>
      /* ... */
    }
  }
  else
  {
    if (gSNPSiD == USB_OTG_CORE_ID_310A)
 8002b86:	4938      	ldr	r1, [pc, #224]	@ (8002c68 <PCD_EP_OutXfrComplete_int+0xfc>)
 8002b88:	428e      	cmp	r6, r1
 8002b8a:	d056      	beq.n	8002c3a <PCD_EP_OutXfrComplete_int+0xce>
#endif /* USE_HAL_PCD_REGISTER_CALLBACKS */
      }
    }
    else
    {
      if ((epnum == 0U) && (hpcd->OUT_ep[epnum].xfer_len == 0U))
 8002b8c:	b93d      	cbnz	r5, 8002b9e <PCD_EP_OutXfrComplete_int+0x32>
 8002b8e:	eb05 03c5 	add.w	r3, r5, r5, lsl #3
 8002b92:	eb04 0383 	add.w	r3, r4, r3, lsl #2
 8002b96:	f8d3 3264 	ldr.w	r3, [r3, #612]	@ 0x264
 8002b9a:	2b00      	cmp	r3, #0
 8002b9c:	d05e      	beq.n	8002c5c <PCD_EP_OutXfrComplete_int+0xf0>
      }

#if (USE_HAL_PCD_REGISTER_CALLBACKS == 1U)
      hpcd->DataOutStageCallback(hpcd, (uint8_t)epnum);
#else
      HAL_PCD_DataOutStageCallback(hpcd, (uint8_t)epnum);
 8002b9e:	b2e9      	uxtb	r1, r5
 8002ba0:	4620      	mov	r0, r4
 8002ba2:	f004 fa51 	bl	8007048 <HAL_PCD_DataOutStageCallback>
#endif /* USE_HAL_PCD_REGISTER_CALLBACKS */
    }
  }

  return HAL_OK;
}
 8002ba6:	2000      	movs	r0, #0
 8002ba8:	bd70      	pop	{r4, r5, r6, pc}
    if ((DoepintReg & USB_OTG_DOEPINT_STUP) == USB_OTG_DOEPINT_STUP) /* Class C */
 8002baa:	f012 0f08 	tst.w	r2, #8
 8002bae:	d009      	beq.n	8002bc4 <PCD_EP_OutXfrComplete_int+0x58>
      if ((gSNPSiD > USB_OTG_CORE_ID_300A) &&
 8002bb0:	492e      	ldr	r1, [pc, #184]	@ (8002c6c <PCD_EP_OutXfrComplete_int+0x100>)
 8002bb2:	428e      	cmp	r6, r1
 8002bb4:	d9f7      	bls.n	8002ba6 <PCD_EP_OutXfrComplete_int+0x3a>
 8002bb6:	f412 4f00 	tst.w	r2, #32768	@ 0x8000
 8002bba:	d0f4      	beq.n	8002ba6 <PCD_EP_OutXfrComplete_int+0x3a>
        CLEAR_OUT_EP_INTR(epnum, USB_OTG_DOEPINT_STPKTRX);
 8002bbc:	f44f 4200 	mov.w	r2, #32768	@ 0x8000
 8002bc0:	609a      	str	r2, [r3, #8]
 8002bc2:	e7f0      	b.n	8002ba6 <PCD_EP_OutXfrComplete_int+0x3a>
    else if ((DoepintReg & USB_OTG_DOEPINT_OTEPSPR) == USB_OTG_DOEPINT_OTEPSPR) /* Class E */
 8002bc4:	f012 0f20 	tst.w	r2, #32
 8002bc8:	d002      	beq.n	8002bd0 <PCD_EP_OutXfrComplete_int+0x64>
      CLEAR_OUT_EP_INTR(epnum, USB_OTG_DOEPINT_OTEPSPR);
 8002bca:	2220      	movs	r2, #32
 8002bcc:	609a      	str	r2, [r3, #8]
 8002bce:	e7ea      	b.n	8002ba6 <PCD_EP_OutXfrComplete_int+0x3a>
    else if ((DoepintReg & (USB_OTG_DOEPINT_STUP | USB_OTG_DOEPINT_OTEPSPR)) == 0U)
 8002bd0:	f012 0f28 	tst.w	r2, #40	@ 0x28
 8002bd4:	d1e7      	bne.n	8002ba6 <PCD_EP_OutXfrComplete_int+0x3a>
      if ((gSNPSiD > USB_OTG_CORE_ID_300A) &&
 8002bd6:	4925      	ldr	r1, [pc, #148]	@ (8002c6c <PCD_EP_OutXfrComplete_int+0x100>)
 8002bd8:	428e      	cmp	r6, r1
 8002bda:	d906      	bls.n	8002bea <PCD_EP_OutXfrComplete_int+0x7e>
 8002bdc:	f412 4f00 	tst.w	r2, #32768	@ 0x8000
 8002be0:	d003      	beq.n	8002bea <PCD_EP_OutXfrComplete_int+0x7e>
        CLEAR_OUT_EP_INTR(epnum, USB_OTG_DOEPINT_STPKTRX);
 8002be2:	f44f 4200 	mov.w	r2, #32768	@ 0x8000
 8002be6:	609a      	str	r2, [r3, #8]
 8002be8:	e7dd      	b.n	8002ba6 <PCD_EP_OutXfrComplete_int+0x3a>
        ep->xfer_count = ep->xfer_size - (USBx_OUTEP(epnum)->DOEPTSIZ & USB_OTG_DOEPTSIZ_XFRSIZ);
 8002bea:	eb05 02c5 	add.w	r2, r5, r5, lsl #3
 8002bee:	eb04 0282 	add.w	r2, r4, r2, lsl #2
 8002bf2:	f8d2 1274 	ldr.w	r1, [r2, #628]	@ 0x274
 8002bf6:	691b      	ldr	r3, [r3, #16]
 8002bf8:	f3c3 0312 	ubfx	r3, r3, #0, #19
 8002bfc:	1acb      	subs	r3, r1, r3
 8002bfe:	f8c2 3268 	str.w	r3, [r2, #616]	@ 0x268
        if (epnum == 0U)
 8002c02:	b97d      	cbnz	r5, 8002c24 <PCD_EP_OutXfrComplete_int+0xb8>
          if (ep->xfer_len == 0U)
 8002c04:	eb05 02c5 	add.w	r2, r5, r5, lsl #3
 8002c08:	eb04 0282 	add.w	r2, r4, r2, lsl #2
 8002c0c:	f8d2 2264 	ldr.w	r2, [r2, #612]	@ 0x264
 8002c10:	b16a      	cbz	r2, 8002c2e <PCD_EP_OutXfrComplete_int+0xc2>
            ep->xfer_buff += ep->xfer_count;
 8002c12:	eb05 02c5 	add.w	r2, r5, r5, lsl #3
 8002c16:	eb04 0282 	add.w	r2, r4, r2, lsl #2
 8002c1a:	f8d2 1260 	ldr.w	r1, [r2, #608]	@ 0x260
 8002c1e:	4419      	add	r1, r3
 8002c20:	f8c2 1260 	str.w	r1, [r2, #608]	@ 0x260
        HAL_PCD_DataOutStageCallback(hpcd, (uint8_t)epnum);
 8002c24:	b2e9      	uxtb	r1, r5
 8002c26:	4620      	mov	r0, r4
 8002c28:	f004 fa0e 	bl	8007048 <HAL_PCD_DataOutStageCallback>
 8002c2c:	e7bb      	b.n	8002ba6 <PCD_EP_OutXfrComplete_int+0x3a>
            (void)USB_EP0_OutStart(hpcd->Instance, 1U, (uint8_t *)hpcd->Setup);
 8002c2e:	f204 429c 	addw	r2, r4, #1180	@ 0x49c
 8002c32:	2101      	movs	r1, #1
 8002c34:	f002 fd26 	bl	8005684 <USB_EP0_OutStart>
 8002c38:	e7f4      	b.n	8002c24 <PCD_EP_OutXfrComplete_int+0xb8>
      if ((DoepintReg & USB_OTG_DOEPINT_STPKTRX) == USB_OTG_DOEPINT_STPKTRX)
 8002c3a:	f412 4f00 	tst.w	r2, #32768	@ 0x8000
 8002c3e:	d003      	beq.n	8002c48 <PCD_EP_OutXfrComplete_int+0xdc>
        CLEAR_OUT_EP_INTR(epnum, USB_OTG_DOEPINT_STPKTRX);
 8002c40:	f44f 4200 	mov.w	r2, #32768	@ 0x8000
 8002c44:	609a      	str	r2, [r3, #8]
 8002c46:	e7ae      	b.n	8002ba6 <PCD_EP_OutXfrComplete_int+0x3a>
        if ((DoepintReg & USB_OTG_DOEPINT_OTEPSPR) == USB_OTG_DOEPINT_OTEPSPR)
 8002c48:	f012 0f20 	tst.w	r2, #32
 8002c4c:	d001      	beq.n	8002c52 <PCD_EP_OutXfrComplete_int+0xe6>
          CLEAR_OUT_EP_INTR(epnum, USB_OTG_DOEPINT_OTEPSPR);
 8002c4e:	2220      	movs	r2, #32
 8002c50:	609a      	str	r2, [r3, #8]
        HAL_PCD_DataOutStageCallback(hpcd, (uint8_t)epnum);
 8002c52:	b2e9      	uxtb	r1, r5
 8002c54:	4620      	mov	r0, r4
 8002c56:	f004 f9f7 	bl	8007048 <HAL_PCD_DataOutStageCallback>
 8002c5a:	e7a4      	b.n	8002ba6 <PCD_EP_OutXfrComplete_int+0x3a>
        (void)USB_EP0_OutStart(hpcd->Instance, 0U, (uint8_t *)hpcd->Setup);
 8002c5c:	f204 429c 	addw	r2, r4, #1180	@ 0x49c
 8002c60:	2100      	movs	r1, #0
 8002c62:	f002 fd0f 	bl	8005684 <USB_EP0_OutStart>
 8002c66:	e79a      	b.n	8002b9e <PCD_EP_OutXfrComplete_int+0x32>
 8002c68:	4f54310a 	.word	0x4f54310a
 8002c6c:	4f54300a 	.word	0x4f54300a

08002c70 <PCD_EP_OutSetupPacket_int>:
  * @param  hpcd PCD handle
  * @param  epnum endpoint number
  * @retval HAL status
  */
static HAL_StatusTypeDef PCD_EP_OutSetupPacket_int(PCD_HandleTypeDef *hpcd, uint32_t epnum)
{
 8002c70:	b538      	push	{r3, r4, r5, lr}
 8002c72:	4604      	mov	r4, r0
  const USB_OTG_GlobalTypeDef *USBx = hpcd->Instance;
 8002c74:	6803      	ldr	r3, [r0, #0]
  uint32_t USBx_BASE = (uint32_t)USBx;
  uint32_t gSNPSiD = *(__IO const uint32_t *)(&USBx->CID + 0x1U);
 8002c76:	6c1d      	ldr	r5, [r3, #64]	@ 0x40
  uint32_t DoepintReg = USBx_OUTEP(epnum)->DOEPINT;
 8002c78:	eb03 1341 	add.w	r3, r3, r1, lsl #5
 8002c7c:	f8d3 1b08 	ldr.w	r1, [r3, #2824]	@ 0xb08

  if ((gSNPSiD > USB_OTG_CORE_ID_300A) &&
 8002c80:	4a0e      	ldr	r2, [pc, #56]	@ (8002cbc <PCD_EP_OutSetupPacket_int+0x4c>)
 8002c82:	4295      	cmp	r5, r2
 8002c84:	d907      	bls.n	8002c96 <PCD_EP_OutSetupPacket_int+0x26>
 8002c86:	f503 6330 	add.w	r3, r3, #2816	@ 0xb00
 8002c8a:	f411 4f00 	tst.w	r1, #32768	@ 0x8000
 8002c8e:	d002      	beq.n	8002c96 <PCD_EP_OutSetupPacket_int+0x26>
      ((DoepintReg & USB_OTG_DOEPINT_STPKTRX) == USB_OTG_DOEPINT_STPKTRX))
  {
    CLEAR_OUT_EP_INTR(epnum, USB_OTG_DOEPINT_STPKTRX);
 8002c90:	f44f 4200 	mov.w	r2, #32768	@ 0x8000
 8002c94:	609a      	str	r2, [r3, #8]

  /* Inform the upper layer that a setup packet is available */
#if (USE_HAL_PCD_REGISTER_CALLBACKS == 1U)
  hpcd->SetupStageCallback(hpcd);
#else
  HAL_PCD_SetupStageCallback(hpcd);
 8002c96:	4620      	mov	r0, r4
 8002c98:	f004 f9ce 	bl	8007038 <HAL_PCD_SetupStageCallback>
#endif /* USE_HAL_PCD_REGISTER_CALLBACKS */

  if ((gSNPSiD > USB_OTG_CORE_ID_300A) && (hpcd->Init.dma_enable == 1U))
 8002c9c:	4b07      	ldr	r3, [pc, #28]	@ (8002cbc <PCD_EP_OutSetupPacket_int+0x4c>)
 8002c9e:	429d      	cmp	r5, r3
 8002ca0:	d902      	bls.n	8002ca8 <PCD_EP_OutSetupPacket_int+0x38>
 8002ca2:	79a3      	ldrb	r3, [r4, #6]
 8002ca4:	2b01      	cmp	r3, #1
 8002ca6:	d001      	beq.n	8002cac <PCD_EP_OutSetupPacket_int+0x3c>
  {
    (void)USB_EP0_OutStart(hpcd->Instance, 1U, (uint8_t *)hpcd->Setup);
  }

  return HAL_OK;
}
 8002ca8:	2000      	movs	r0, #0
 8002caa:	bd38      	pop	{r3, r4, r5, pc}
    (void)USB_EP0_OutStart(hpcd->Instance, 1U, (uint8_t *)hpcd->Setup);
 8002cac:	f204 429c 	addw	r2, r4, #1180	@ 0x49c
 8002cb0:	2101      	movs	r1, #1
 8002cb2:	6820      	ldr	r0, [r4, #0]
 8002cb4:	f002 fce6 	bl	8005684 <USB_EP0_OutStart>
 8002cb8:	e7f6      	b.n	8002ca8 <PCD_EP_OutSetupPacket_int+0x38>
 8002cba:	bf00      	nop
 8002cbc:	4f54300a 	.word	0x4f54300a

08002cc0 <HAL_PCD_SetAddress>:
  __HAL_LOCK(hpcd);
 8002cc0:	f890 3494 	ldrb.w	r3, [r0, #1172]	@ 0x494
 8002cc4:	2b01      	cmp	r3, #1
 8002cc6:	d00c      	beq.n	8002ce2 <HAL_PCD_SetAddress+0x22>
{
 8002cc8:	b510      	push	{r4, lr}
 8002cca:	4604      	mov	r4, r0
  __HAL_LOCK(hpcd);
 8002ccc:	2301      	movs	r3, #1
 8002cce:	f880 3494 	strb.w	r3, [r0, #1172]	@ 0x494
  hpcd->USB_Address = address;
 8002cd2:	7441      	strb	r1, [r0, #17]
  (void)USB_SetDevAddress(hpcd->Instance, address);
 8002cd4:	6800      	ldr	r0, [r0, #0]
 8002cd6:	f002 fc37 	bl	8005548 <USB_SetDevAddress>
  __HAL_UNLOCK(hpcd);
 8002cda:	2000      	movs	r0, #0
 8002cdc:	f884 0494 	strb.w	r0, [r4, #1172]	@ 0x494
}
 8002ce0:	bd10      	pop	{r4, pc}
  __HAL_LOCK(hpcd);
 8002ce2:	2002      	movs	r0, #2
}
 8002ce4:	4770      	bx	lr

08002ce6 <HAL_PCD_EP_Open>:
{
 8002ce6:	b538      	push	{r3, r4, r5, lr}
 8002ce8:	4605      	mov	r5, r0
 8002cea:	468c      	mov	ip, r1
  if ((ep_addr & 0x80U) == 0x80U)
 8002cec:	f011 0f80 	tst.w	r1, #128	@ 0x80
 8002cf0:	d12b      	bne.n	8002d4a <HAL_PCD_EP_Open+0x64>
    ep = &hpcd->OUT_ep[ep_addr & EP_ADDR_MSK];
 8002cf2:	f001 0e0f 	and.w	lr, r1, #15
 8002cf6:	eb0e 04ce 	add.w	r4, lr, lr, lsl #3
 8002cfa:	00a4      	lsls	r4, r4, #2
 8002cfc:	f504 7414 	add.w	r4, r4, #592	@ 0x250
 8002d00:	4404      	add	r4, r0
 8002d02:	1d21      	adds	r1, r4, #4
    ep->is_in = 0U;
 8002d04:	eb0e 0ece 	add.w	lr, lr, lr, lsl #3
 8002d08:	eb00 0e8e 	add.w	lr, r0, lr, lsl #2
 8002d0c:	2000      	movs	r0, #0
 8002d0e:	f88e 0255 	strb.w	r0, [lr, #597]	@ 0x255
  ep->num = ep_addr & EP_ADDR_MSK;
 8002d12:	f00c 0c0f 	and.w	ip, ip, #15
 8002d16:	f881 c000 	strb.w	ip, [r1]
  ep->maxpacket = (uint32_t)ep_mps & 0x7FFU;
 8002d1a:	f3c2 020a 	ubfx	r2, r2, #0, #11
 8002d1e:	608a      	str	r2, [r1, #8]
  ep->type = ep_type;
 8002d20:	710b      	strb	r3, [r1, #4]
  if (ep->is_in != 0U)
 8002d22:	784a      	ldrb	r2, [r1, #1]
 8002d24:	b10a      	cbz	r2, 8002d2a <HAL_PCD_EP_Open+0x44>
    ep->tx_fifo_num = ep->num;
 8002d26:	f8a1 c01a 	strh.w	ip, [r1, #26]
  if (ep_type == EP_TYPE_BULK)
 8002d2a:	2b02      	cmp	r3, #2
 8002d2c:	d01c      	beq.n	8002d68 <HAL_PCD_EP_Open+0x82>
  __HAL_LOCK(hpcd);
 8002d2e:	f895 3494 	ldrb.w	r3, [r5, #1172]	@ 0x494
 8002d32:	2b01      	cmp	r3, #1
 8002d34:	d01b      	beq.n	8002d6e <HAL_PCD_EP_Open+0x88>
 8002d36:	2301      	movs	r3, #1
 8002d38:	f885 3494 	strb.w	r3, [r5, #1172]	@ 0x494
  (void)USB_ActivateEndpoint(hpcd->Instance, ep);
 8002d3c:	6828      	ldr	r0, [r5, #0]
 8002d3e:	f002 f930 	bl	8004fa2 <USB_ActivateEndpoint>
  __HAL_UNLOCK(hpcd);
 8002d42:	2000      	movs	r0, #0
 8002d44:	f885 0494 	strb.w	r0, [r5, #1172]	@ 0x494
}
 8002d48:	bd38      	pop	{r3, r4, r5, pc}
    ep = &hpcd->IN_ep[ep_addr & EP_ADDR_MSK];
 8002d4a:	f001 000f 	and.w	r0, r1, #15
 8002d4e:	eb00 01c0 	add.w	r1, r0, r0, lsl #3
 8002d52:	0089      	lsls	r1, r1, #2
 8002d54:	3110      	adds	r1, #16
 8002d56:	4429      	add	r1, r5
 8002d58:	3104      	adds	r1, #4
    ep->is_in = 1U;
 8002d5a:	eb00 00c0 	add.w	r0, r0, r0, lsl #3
 8002d5e:	eb05 0080 	add.w	r0, r5, r0, lsl #2
 8002d62:	2401      	movs	r4, #1
 8002d64:	7544      	strb	r4, [r0, #21]
 8002d66:	e7d4      	b.n	8002d12 <HAL_PCD_EP_Open+0x2c>
    ep->data_pid_start = 0U;
 8002d68:	2300      	movs	r3, #0
 8002d6a:	714b      	strb	r3, [r1, #5]
 8002d6c:	e7df      	b.n	8002d2e <HAL_PCD_EP_Open+0x48>
  __HAL_LOCK(hpcd);
 8002d6e:	2002      	movs	r0, #2
 8002d70:	e7ea      	b.n	8002d48 <HAL_PCD_EP_Open+0x62>

08002d72 <HAL_PCD_EP_Close>:
{
 8002d72:	b510      	push	{r4, lr}
 8002d74:	4604      	mov	r4, r0
 8002d76:	460a      	mov	r2, r1
  if ((ep_addr & 0x80U) == 0x80U)
 8002d78:	f011 0f80 	tst.w	r1, #128	@ 0x80
 8002d7c:	d120      	bne.n	8002dc0 <HAL_PCD_EP_Close+0x4e>
    ep = &hpcd->OUT_ep[ep_addr & EP_ADDR_MSK];
 8002d7e:	f001 000f 	and.w	r0, r1, #15
 8002d82:	eb00 03c0 	add.w	r3, r0, r0, lsl #3
 8002d86:	009b      	lsls	r3, r3, #2
 8002d88:	f503 7314 	add.w	r3, r3, #592	@ 0x250
 8002d8c:	4423      	add	r3, r4
 8002d8e:	1d19      	adds	r1, r3, #4
    ep->is_in = 0U;
 8002d90:	eb00 00c0 	add.w	r0, r0, r0, lsl #3
 8002d94:	eb04 0080 	add.w	r0, r4, r0, lsl #2
 8002d98:	2300      	movs	r3, #0
 8002d9a:	f880 3255 	strb.w	r3, [r0, #597]	@ 0x255
  ep->num = ep_addr & EP_ADDR_MSK;
 8002d9e:	f002 020f 	and.w	r2, r2, #15
 8002da2:	700a      	strb	r2, [r1, #0]
  __HAL_LOCK(hpcd);
 8002da4:	f894 3494 	ldrb.w	r3, [r4, #1172]	@ 0x494
 8002da8:	2b01      	cmp	r3, #1
 8002daa:	d018      	beq.n	8002dde <HAL_PCD_EP_Close+0x6c>
 8002dac:	2301      	movs	r3, #1
 8002dae:	f884 3494 	strb.w	r3, [r4, #1172]	@ 0x494
  (void)USB_DeactivateEndpoint(hpcd->Instance, ep);
 8002db2:	6820      	ldr	r0, [r4, #0]
 8002db4:	f002 f942 	bl	800503c <USB_DeactivateEndpoint>
  __HAL_UNLOCK(hpcd);
 8002db8:	2000      	movs	r0, #0
 8002dba:	f884 0494 	strb.w	r0, [r4, #1172]	@ 0x494
}
 8002dbe:	bd10      	pop	{r4, pc}
    ep = &hpcd->IN_ep[ep_addr & EP_ADDR_MSK];
 8002dc0:	f001 000f 	and.w	r0, r1, #15
 8002dc4:	eb00 03c0 	add.w	r3, r0, r0, lsl #3
 8002dc8:	009b      	lsls	r3, r3, #2
 8002dca:	3310      	adds	r3, #16
 8002dcc:	4423      	add	r3, r4
 8002dce:	1d19      	adds	r1, r3, #4
    ep->is_in = 1U;
 8002dd0:	eb00 00c0 	add.w	r0, r0, r0, lsl #3
 8002dd4:	eb04 0080 	add.w	r0, r4, r0, lsl #2
 8002dd8:	2301      	movs	r3, #1
 8002dda:	7543      	strb	r3, [r0, #21]
 8002ddc:	e7df      	b.n	8002d9e <HAL_PCD_EP_Close+0x2c>
  __HAL_LOCK(hpcd);
 8002dde:	2002      	movs	r0, #2
 8002de0:	e7ed      	b.n	8002dbe <HAL_PCD_EP_Close+0x4c>

08002de2 <HAL_PCD_EP_Receive>:
{
 8002de2:	b510      	push	{r4, lr}
 8002de4:	4614      	mov	r4, r2
  ep = &hpcd->OUT_ep[ep_addr & EP_ADDR_MSK];
 8002de6:	f001 0c0f 	and.w	ip, r1, #15
 8002dea:	eb0c 01cc 	add.w	r1, ip, ip, lsl #3
 8002dee:	0089      	lsls	r1, r1, #2
 8002df0:	f501 7114 	add.w	r1, r1, #592	@ 0x250
 8002df4:	4401      	add	r1, r0
 8002df6:	3104      	adds	r1, #4
  ep->xfer_buff = pBuf;
 8002df8:	eb0c 0ecc 	add.w	lr, ip, ip, lsl #3
 8002dfc:	eb00 0e8e 	add.w	lr, r0, lr, lsl #2
 8002e00:	f8ce 2260 	str.w	r2, [lr, #608]	@ 0x260
  ep->xfer_len = len;
 8002e04:	f8ce 3264 	str.w	r3, [lr, #612]	@ 0x264
  ep->xfer_count = 0U;
 8002e08:	2300      	movs	r3, #0
 8002e0a:	f8ce 3268 	str.w	r3, [lr, #616]	@ 0x268
  ep->is_in = 0U;
 8002e0e:	f88e 3255 	strb.w	r3, [lr, #597]	@ 0x255
  ep->num = ep_addr & EP_ADDR_MSK;
 8002e12:	f88e c254 	strb.w	ip, [lr, #596]	@ 0x254
  if (hpcd->Init.dma_enable == 1U)
 8002e16:	7982      	ldrb	r2, [r0, #6]
 8002e18:	2a01      	cmp	r2, #1
 8002e1a:	d004      	beq.n	8002e26 <HAL_PCD_EP_Receive+0x44>
  (void)USB_EPStartXfer(hpcd->Instance, ep, (uint8_t)hpcd->Init.dma_enable);
 8002e1c:	6800      	ldr	r0, [r0, #0]
 8002e1e:	f002 f9f3 	bl	8005208 <USB_EPStartXfer>
}
 8002e22:	2000      	movs	r0, #0
 8002e24:	bd10      	pop	{r4, pc}
    ep->dma_addr = (uint32_t)pBuf;
 8002e26:	f8ce 4270 	str.w	r4, [lr, #624]	@ 0x270
 8002e2a:	e7f7      	b.n	8002e1c <HAL_PCD_EP_Receive+0x3a>

08002e2c <HAL_PCD_EP_GetRxCount>:
  return hpcd->OUT_ep[ep_addr & EP_ADDR_MSK].xfer_count;
 8002e2c:	f001 010f 	and.w	r1, r1, #15
 8002e30:	eb01 01c1 	add.w	r1, r1, r1, lsl #3
 8002e34:	eb00 0081 	add.w	r0, r0, r1, lsl #2
}
 8002e38:	f8d0 0268 	ldr.w	r0, [r0, #616]	@ 0x268
 8002e3c:	4770      	bx	lr

08002e3e <HAL_PCD_EP_Transmit>:
{
 8002e3e:	b510      	push	{r4, lr}
 8002e40:	4614      	mov	r4, r2
  ep = &hpcd->IN_ep[ep_addr & EP_ADDR_MSK];
 8002e42:	f001 0c0f 	and.w	ip, r1, #15
 8002e46:	eb0c 01cc 	add.w	r1, ip, ip, lsl #3
 8002e4a:	0089      	lsls	r1, r1, #2
 8002e4c:	3110      	adds	r1, #16
 8002e4e:	4401      	add	r1, r0
 8002e50:	3104      	adds	r1, #4
  ep->xfer_buff = pBuf;
 8002e52:	eb0c 0ecc 	add.w	lr, ip, ip, lsl #3
 8002e56:	eb00 0e8e 	add.w	lr, r0, lr, lsl #2
 8002e5a:	f8ce 2020 	str.w	r2, [lr, #32]
  ep->xfer_len = len;
 8002e5e:	f8ce 3024 	str.w	r3, [lr, #36]	@ 0x24
  ep->xfer_count = 0U;
 8002e62:	2300      	movs	r3, #0
 8002e64:	f8ce 3028 	str.w	r3, [lr, #40]	@ 0x28
  ep->is_in = 1U;
 8002e68:	2301      	movs	r3, #1
 8002e6a:	f88e 3015 	strb.w	r3, [lr, #21]
  ep->num = ep_addr & EP_ADDR_MSK;
 8002e6e:	f88e c014 	strb.w	ip, [lr, #20]
  if (hpcd->Init.dma_enable == 1U)
 8002e72:	7982      	ldrb	r2, [r0, #6]
 8002e74:	429a      	cmp	r2, r3
 8002e76:	d004      	beq.n	8002e82 <HAL_PCD_EP_Transmit+0x44>
  (void)USB_EPStartXfer(hpcd->Instance, ep, (uint8_t)hpcd->Init.dma_enable);
 8002e78:	6800      	ldr	r0, [r0, #0]
 8002e7a:	f002 f9c5 	bl	8005208 <USB_EPStartXfer>
}
 8002e7e:	2000      	movs	r0, #0
 8002e80:	bd10      	pop	{r4, pc}
    ep->dma_addr = (uint32_t)pBuf;
 8002e82:	f8ce 4030 	str.w	r4, [lr, #48]	@ 0x30
 8002e86:	e7f7      	b.n	8002e78 <HAL_PCD_EP_Transmit+0x3a>

08002e88 <HAL_PCD_EP_SetStall>:
{
 8002e88:	b538      	push	{r3, r4, r5, lr}
  if (((uint32_t)ep_addr & EP_ADDR_MSK) > hpcd->Init.dev_endpoints)
 8002e8a:	f001 050f 	and.w	r5, r1, #15
 8002e8e:	7902      	ldrb	r2, [r0, #4]
 8002e90:	42aa      	cmp	r2, r5
 8002e92:	d338      	bcc.n	8002f06 <HAL_PCD_EP_SetStall+0x7e>
 8002e94:	4604      	mov	r4, r0
 8002e96:	460b      	mov	r3, r1
  if ((0x80U & ep_addr) == 0x80U)
 8002e98:	f011 0f80 	tst.w	r1, #128	@ 0x80
 8002e9c:	d11f      	bne.n	8002ede <HAL_PCD_EP_SetStall+0x56>
    ep = &hpcd->OUT_ep[ep_addr];
 8002e9e:	eb01 01c1 	add.w	r1, r1, r1, lsl #3
 8002ea2:	0089      	lsls	r1, r1, #2
 8002ea4:	f501 7114 	add.w	r1, r1, #592	@ 0x250
 8002ea8:	4401      	add	r1, r0
 8002eaa:	3104      	adds	r1, #4
    ep->is_in = 0U;
 8002eac:	eb03 03c3 	add.w	r3, r3, r3, lsl #3
 8002eb0:	eb00 0383 	add.w	r3, r0, r3, lsl #2
 8002eb4:	2200      	movs	r2, #0
 8002eb6:	f883 2255 	strb.w	r2, [r3, #597]	@ 0x255
  ep->is_stall = 1U;
 8002eba:	2301      	movs	r3, #1
 8002ebc:	708b      	strb	r3, [r1, #2]
  ep->num = ep_addr & EP_ADDR_MSK;
 8002ebe:	700d      	strb	r5, [r1, #0]
  __HAL_LOCK(hpcd);
 8002ec0:	f894 3494 	ldrb.w	r3, [r4, #1172]	@ 0x494
 8002ec4:	2b01      	cmp	r3, #1
 8002ec6:	d020      	beq.n	8002f0a <HAL_PCD_EP_SetStall+0x82>
 8002ec8:	2301      	movs	r3, #1
 8002eca:	f884 3494 	strb.w	r3, [r4, #1172]	@ 0x494
  (void)USB_EPSetStall(hpcd->Instance, ep);
 8002ece:	6820      	ldr	r0, [r4, #0]
 8002ed0:	f002 fadf 	bl	8005492 <USB_EPSetStall>
  if ((ep_addr & EP_ADDR_MSK) == 0U)
 8002ed4:	b185      	cbz	r5, 8002ef8 <HAL_PCD_EP_SetStall+0x70>
  __HAL_UNLOCK(hpcd);
 8002ed6:	2000      	movs	r0, #0
 8002ed8:	f884 0494 	strb.w	r0, [r4, #1172]	@ 0x494
}
 8002edc:	bd38      	pop	{r3, r4, r5, pc}
    ep = &hpcd->IN_ep[ep_addr & EP_ADDR_MSK];
 8002ede:	eb05 01c5 	add.w	r1, r5, r5, lsl #3
 8002ee2:	0089      	lsls	r1, r1, #2
 8002ee4:	3110      	adds	r1, #16
 8002ee6:	4401      	add	r1, r0
 8002ee8:	3104      	adds	r1, #4
    ep->is_in = 1U;
 8002eea:	eb05 03c5 	add.w	r3, r5, r5, lsl #3
 8002eee:	eb00 0383 	add.w	r3, r0, r3, lsl #2
 8002ef2:	2201      	movs	r2, #1
 8002ef4:	755a      	strb	r2, [r3, #21]
 8002ef6:	e7e0      	b.n	8002eba <HAL_PCD_EP_SetStall+0x32>
    (void)USB_EP0_OutStart(hpcd->Instance, (uint8_t)hpcd->Init.dma_enable, (uint8_t *)hpcd->Setup);
 8002ef8:	f204 429c 	addw	r2, r4, #1180	@ 0x49c
 8002efc:	79a1      	ldrb	r1, [r4, #6]
 8002efe:	6820      	ldr	r0, [r4, #0]
 8002f00:	f002 fbc0 	bl	8005684 <USB_EP0_OutStart>
 8002f04:	e7e7      	b.n	8002ed6 <HAL_PCD_EP_SetStall+0x4e>
    return HAL_ERROR;
 8002f06:	2001      	movs	r0, #1
 8002f08:	e7e8      	b.n	8002edc <HAL_PCD_EP_SetStall+0x54>
  __HAL_LOCK(hpcd);
 8002f0a:	2002      	movs	r0, #2
 8002f0c:	e7e6      	b.n	8002edc <HAL_PCD_EP_SetStall+0x54>

08002f0e <HAL_PCD_EP_ClrStall>:
  if (((uint32_t)ep_addr & 0x0FU) > hpcd->Init.dev_endpoints)
 8002f0e:	f001 030f 	and.w	r3, r1, #15
 8002f12:	7902      	ldrb	r2, [r0, #4]
 8002f14:	429a      	cmp	r2, r3
 8002f16:	d330      	bcc.n	8002f7a <HAL_PCD_EP_ClrStall+0x6c>
{
 8002f18:	b510      	push	{r4, lr}
 8002f1a:	4604      	mov	r4, r0
  if ((0x80U & ep_addr) == 0x80U)
 8002f1c:	f011 0f80 	tst.w	r1, #128	@ 0x80
 8002f20:	d11e      	bne.n	8002f60 <HAL_PCD_EP_ClrStall+0x52>
    ep = &hpcd->OUT_ep[ep_addr & EP_ADDR_MSK];
 8002f22:	eb03 01c3 	add.w	r1, r3, r3, lsl #3
 8002f26:	0089      	lsls	r1, r1, #2
 8002f28:	f501 7114 	add.w	r1, r1, #592	@ 0x250
 8002f2c:	4401      	add	r1, r0
 8002f2e:	3104      	adds	r1, #4
    ep->is_in = 0U;
 8002f30:	eb03 02c3 	add.w	r2, r3, r3, lsl #3
 8002f34:	eb00 0282 	add.w	r2, r0, r2, lsl #2
 8002f38:	2000      	movs	r0, #0
 8002f3a:	f882 0255 	strb.w	r0, [r2, #597]	@ 0x255
  ep->is_stall = 0U;
 8002f3e:	2200      	movs	r2, #0
 8002f40:	708a      	strb	r2, [r1, #2]
  ep->num = ep_addr & EP_ADDR_MSK;
 8002f42:	700b      	strb	r3, [r1, #0]
  __HAL_LOCK(hpcd);
 8002f44:	f894 3494 	ldrb.w	r3, [r4, #1172]	@ 0x494
 8002f48:	2b01      	cmp	r3, #1
 8002f4a:	d018      	beq.n	8002f7e <HAL_PCD_EP_ClrStall+0x70>
 8002f4c:	2301      	movs	r3, #1
 8002f4e:	f884 3494 	strb.w	r3, [r4, #1172]	@ 0x494
  (void)USB_EPClearStall(hpcd->Instance, ep);
 8002f52:	6820      	ldr	r0, [r4, #0]
 8002f54:	f002 faca 	bl	80054ec <USB_EPClearStall>
  __HAL_UNLOCK(hpcd);
 8002f58:	2000      	movs	r0, #0
 8002f5a:	f884 0494 	strb.w	r0, [r4, #1172]	@ 0x494
}
 8002f5e:	bd10      	pop	{r4, pc}
    ep = &hpcd->IN_ep[ep_addr & EP_ADDR_MSK];
 8002f60:	eb03 01c3 	add.w	r1, r3, r3, lsl #3
 8002f64:	0089      	lsls	r1, r1, #2
 8002f66:	3110      	adds	r1, #16
 8002f68:	4401      	add	r1, r0
 8002f6a:	3104      	adds	r1, #4
    ep->is_in = 1U;
 8002f6c:	eb03 02c3 	add.w	r2, r3, r3, lsl #3
 8002f70:	eb00 0282 	add.w	r2, r0, r2, lsl #2
 8002f74:	2001      	movs	r0, #1
 8002f76:	7550      	strb	r0, [r2, #21]
 8002f78:	e7e1      	b.n	8002f3e <HAL_PCD_EP_ClrStall+0x30>
    return HAL_ERROR;
 8002f7a:	2001      	movs	r0, #1
}
 8002f7c:	4770      	bx	lr
  __HAL_LOCK(hpcd);
 8002f7e:	2002      	movs	r0, #2
 8002f80:	e7ed      	b.n	8002f5e <HAL_PCD_EP_ClrStall+0x50>

08002f82 <HAL_PCD_EP_Abort>:
{
 8002f82:	b508      	push	{r3, lr}
  if ((0x80U & ep_addr) == 0x80U)
 8002f84:	f011 0f80 	tst.w	r1, #128	@ 0x80
 8002f88:	d10c      	bne.n	8002fa4 <HAL_PCD_EP_Abort+0x22>
    ep = &hpcd->OUT_ep[ep_addr & EP_ADDR_MSK];
 8002f8a:	f001 010f 	and.w	r1, r1, #15
 8002f8e:	eb01 01c1 	add.w	r1, r1, r1, lsl #3
 8002f92:	0089      	lsls	r1, r1, #2
 8002f94:	f501 7114 	add.w	r1, r1, #592	@ 0x250
 8002f98:	4401      	add	r1, r0
 8002f9a:	3104      	adds	r1, #4
  ret = USB_EPStopXfer(hpcd->Instance, ep);
 8002f9c:	6800      	ldr	r0, [r0, #0]
 8002f9e:	f002 f8bd 	bl	800511c <USB_EPStopXfer>
}
 8002fa2:	bd08      	pop	{r3, pc}
    ep = &hpcd->IN_ep[ep_addr & EP_ADDR_MSK];
 8002fa4:	f001 010f 	and.w	r1, r1, #15
 8002fa8:	eb01 01c1 	add.w	r1, r1, r1, lsl #3
 8002fac:	0089      	lsls	r1, r1, #2
 8002fae:	3110      	adds	r1, #16
 8002fb0:	4401      	add	r1, r0
 8002fb2:	3104      	adds	r1, #4
 8002fb4:	e7f2      	b.n	8002f9c <HAL_PCD_EP_Abort+0x1a>

08002fb6 <HAL_PCD_IRQHandler>:
{
 8002fb6:	e92d 4ff0 	stmdb	sp!, {r4, r5, r6, r7, r8, r9, sl, fp, lr}
 8002fba:	b083      	sub	sp, #12
 8002fbc:	4604      	mov	r4, r0
  USB_OTG_GlobalTypeDef *USBx = hpcd->Instance;
 8002fbe:	6805      	ldr	r5, [r0, #0]
  if (USB_GetMode(hpcd->Instance) == USB_OTG_MODE_DEVICE)
 8002fc0:	4628      	mov	r0, r5
 8002fc2:	f002 fb1c 	bl	80055fe <USB_GetMode>
 8002fc6:	b110      	cbz	r0, 8002fce <HAL_PCD_IRQHandler+0x18>
}
 8002fc8:	b003      	add	sp, #12
 8002fca:	e8bd 8ff0 	ldmia.w	sp!, {r4, r5, r6, r7, r8, r9, sl, fp, pc}
 8002fce:	4606      	mov	r6, r0
    if (__HAL_PCD_IS_INVALID_INTERRUPT(hpcd))
 8002fd0:	6820      	ldr	r0, [r4, #0]
 8002fd2:	f002 fae5 	bl	80055a0 <USB_ReadInterrupts>
 8002fd6:	2800      	cmp	r0, #0
 8002fd8:	d0f6      	beq.n	8002fc8 <HAL_PCD_IRQHandler+0x12>
    hpcd->FrameNumber = (USBx_DEVICE->DSTS & USB_OTG_DSTS_FNSOF_Msk) >> USB_OTG_DSTS_FNSOF_Pos;
 8002fda:	f505 6700 	add.w	r7, r5, #2048	@ 0x800
 8002fde:	68bb      	ldr	r3, [r7, #8]
 8002fe0:	f3c3 230d 	ubfx	r3, r3, #8, #14
 8002fe4:	f8c4 34d4 	str.w	r3, [r4, #1236]	@ 0x4d4
    if (__HAL_PCD_GET_FLAG(hpcd, USB_OTG_GINTSTS_MMIS))
 8002fe8:	6820      	ldr	r0, [r4, #0]
 8002fea:	f002 fad9 	bl	80055a0 <USB_ReadInterrupts>
 8002fee:	f010 0f02 	tst.w	r0, #2
 8002ff2:	d004      	beq.n	8002ffe <HAL_PCD_IRQHandler+0x48>
      __HAL_PCD_CLEAR_FLAG(hpcd, USB_OTG_GINTSTS_MMIS);
 8002ff4:	6822      	ldr	r2, [r4, #0]
 8002ff6:	6953      	ldr	r3, [r2, #20]
 8002ff8:	f003 0302 	and.w	r3, r3, #2
 8002ffc:	6153      	str	r3, [r2, #20]
    if (__HAL_PCD_GET_FLAG(hpcd, USB_OTG_GINTSTS_RXFLVL))
 8002ffe:	6820      	ldr	r0, [r4, #0]
 8003000:	f002 face 	bl	80055a0 <USB_ReadInterrupts>
 8003004:	f010 0f10 	tst.w	r0, #16
 8003008:	d015      	beq.n	8003036 <HAL_PCD_IRQHandler+0x80>
      USB_MASK_INTERRUPT(hpcd->Instance, USB_OTG_GINTSTS_RXFLVL);
 800300a:	6822      	ldr	r2, [r4, #0]
 800300c:	6993      	ldr	r3, [r2, #24]
 800300e:	f023 0310 	bic.w	r3, r3, #16
 8003012:	6193      	str	r3, [r2, #24]
      RegVal = USBx->GRXSTSP;
 8003014:	f8d5 8020 	ldr.w	r8, [r5, #32]
      ep = &hpcd->OUT_ep[RegVal & USB_OTG_GRXSTSP_EPNUM];
 8003018:	f008 090f 	and.w	r9, r8, #15
      if (((RegVal & USB_OTG_GRXSTSP_PKTSTS) >> 17) ==  STS_DATA_UPDT)
 800301c:	f408 13f0 	and.w	r3, r8, #1966080	@ 0x1e0000
 8003020:	f5b3 2f80 	cmp.w	r3, #262144	@ 0x40000
 8003024:	d04c      	beq.n	80030c0 <HAL_PCD_IRQHandler+0x10a>
      else if (((RegVal & USB_OTG_GRXSTSP_PKTSTS) >> 17) == STS_SETUP_UPDT)
 8003026:	f5b3 2f40 	cmp.w	r3, #786432	@ 0xc0000
 800302a:	d06f      	beq.n	800310c <HAL_PCD_IRQHandler+0x156>
      USB_UNMASK_INTERRUPT(hpcd->Instance, USB_OTG_GINTSTS_RXFLVL);
 800302c:	6822      	ldr	r2, [r4, #0]
 800302e:	6993      	ldr	r3, [r2, #24]
 8003030:	f043 0310 	orr.w	r3, r3, #16
 8003034:	6193      	str	r3, [r2, #24]
    if (__HAL_PCD_GET_FLAG(hpcd, USB_OTG_GINTSTS_OEPINT))
 8003036:	6820      	ldr	r0, [r4, #0]
 8003038:	f002 fab2 	bl	80055a0 <USB_ReadInterrupts>
 800303c:	f410 2f00 	tst.w	r0, #524288	@ 0x80000
 8003040:	d176      	bne.n	8003130 <HAL_PCD_IRQHandler+0x17a>
    if (__HAL_PCD_GET_FLAG(hpcd, USB_OTG_GINTSTS_IEPINT))
 8003042:	6820      	ldr	r0, [r4, #0]
 8003044:	f002 faac 	bl	80055a0 <USB_ReadInterrupts>
 8003048:	f410 2f80 	tst.w	r0, #262144	@ 0x40000
 800304c:	f040 80e0 	bne.w	8003210 <HAL_PCD_IRQHandler+0x25a>
    if (__HAL_PCD_GET_FLAG(hpcd, USB_OTG_GINTSTS_WKUINT))
 8003050:	6820      	ldr	r0, [r4, #0]
 8003052:	f002 faa5 	bl	80055a0 <USB_ReadInterrupts>
 8003056:	2800      	cmp	r0, #0
 8003058:	f2c0 8161 	blt.w	800331e <HAL_PCD_IRQHandler+0x368>
    if (__HAL_PCD_GET_FLAG(hpcd, USB_OTG_GINTSTS_USBSUSP))
 800305c:	6820      	ldr	r0, [r4, #0]
 800305e:	f002 fa9f 	bl	80055a0 <USB_ReadInterrupts>
 8003062:	f410 6f00 	tst.w	r0, #2048	@ 0x800
 8003066:	d009      	beq.n	800307c <HAL_PCD_IRQHandler+0xc6>
      if ((USBx_DEVICE->DSTS & USB_OTG_DSTS_SUSPSTS) == USB_OTG_DSTS_SUSPSTS)
 8003068:	68bb      	ldr	r3, [r7, #8]
 800306a:	f013 0f01 	tst.w	r3, #1
 800306e:	f040 816e 	bne.w	800334e <HAL_PCD_IRQHandler+0x398>
      __HAL_PCD_CLEAR_FLAG(hpcd, USB_OTG_GINTSTS_USBSUSP);
 8003072:	6822      	ldr	r2, [r4, #0]
 8003074:	6953      	ldr	r3, [r2, #20]
 8003076:	f403 6300 	and.w	r3, r3, #2048	@ 0x800
 800307a:	6153      	str	r3, [r2, #20]
    if (__HAL_PCD_GET_FLAG(hpcd, USB_OTG_GINTSTS_USBRST))
 800307c:	6820      	ldr	r0, [r4, #0]
 800307e:	f002 fa8f 	bl	80055a0 <USB_ReadInterrupts>
 8003082:	f410 5f80 	tst.w	r0, #4096	@ 0x1000
 8003086:	f040 8166 	bne.w	8003356 <HAL_PCD_IRQHandler+0x3a0>
    if (__HAL_PCD_GET_FLAG(hpcd, USB_OTG_GINTSTS_ENUMDNE))
 800308a:	6820      	ldr	r0, [r4, #0]
 800308c:	f002 fa88 	bl	80055a0 <USB_ReadInterrupts>
 8003090:	f410 5f00 	tst.w	r0, #8192	@ 0x2000
 8003094:	f040 81b3 	bne.w	80033fe <HAL_PCD_IRQHandler+0x448>
    if (__HAL_PCD_GET_FLAG(hpcd, USB_OTG_GINTSTS_SOF))
 8003098:	6820      	ldr	r0, [r4, #0]
 800309a:	f002 fa81 	bl	80055a0 <USB_ReadInterrupts>
 800309e:	f010 0f08 	tst.w	r0, #8
 80030a2:	f040 81c4 	bne.w	800342e <HAL_PCD_IRQHandler+0x478>
    if (__HAL_PCD_GET_FLAG(hpcd, USB_OTG_GINTSTS_BOUTNAKEFF))
 80030a6:	6820      	ldr	r0, [r4, #0]
 80030a8:	f002 fa7a 	bl	80055a0 <USB_ReadInterrupts>
 80030ac:	f010 0f80 	tst.w	r0, #128	@ 0x80
 80030b0:	f000 81d7 	beq.w	8003462 <HAL_PCD_IRQHandler+0x4ac>
      USBx->GINTMSK &= ~USB_OTG_GINTMSK_GONAKEFFM;
 80030b4:	69ab      	ldr	r3, [r5, #24]
 80030b6:	f023 0380 	bic.w	r3, r3, #128	@ 0x80
 80030ba:	61ab      	str	r3, [r5, #24]
      for (epnum = 1U; epnum < hpcd->Init.dev_endpoints; epnum++)
 80030bc:	2601      	movs	r6, #1
 80030be:	e1c0      	b.n	8003442 <HAL_PCD_IRQHandler+0x48c>
        if ((RegVal & USB_OTG_GRXSTSP_BCNT) != 0U)
 80030c0:	f647 73f0 	movw	r3, #32752	@ 0x7ff0
 80030c4:	ea18 0f03 	tst.w	r8, r3
 80030c8:	d0b0      	beq.n	800302c <HAL_PCD_IRQHandler+0x76>
                               (uint16_t)((RegVal & USB_OTG_GRXSTSP_BCNT) >> 4));
 80030ca:	ea4f 1a18 	mov.w	sl, r8, lsr #4
          (void)USB_ReadPacket(USBx, ep->xfer_buff,
 80030ce:	ea4f 03c9 	mov.w	r3, r9, lsl #3
 80030d2:	9301      	str	r3, [sp, #4]
 80030d4:	eb09 0bc9 	add.w	fp, r9, r9, lsl #3
 80030d8:	eb04 0b8b 	add.w	fp, r4, fp, lsl #2
 80030dc:	f3c8 120a 	ubfx	r2, r8, #4, #11
 80030e0:	f8db 1260 	ldr.w	r1, [fp, #608]	@ 0x260
 80030e4:	4628      	mov	r0, r5
 80030e6:	f002 f9b1 	bl	800544c <USB_ReadPacket>
          ep->xfer_buff += (RegVal & USB_OTG_GRXSTSP_BCNT) >> 4;
 80030ea:	f8db 3260 	ldr.w	r3, [fp, #608]	@ 0x260
 80030ee:	f3ca 0a0a 	ubfx	sl, sl, #0, #11
 80030f2:	4453      	add	r3, sl
 80030f4:	f8cb 3260 	str.w	r3, [fp, #608]	@ 0x260
          ep->xfer_count += (RegVal & USB_OTG_GRXSTSP_BCNT) >> 4;
 80030f8:	f8db 3268 	ldr.w	r3, [fp, #616]	@ 0x268
 80030fc:	9a01      	ldr	r2, [sp, #4]
 80030fe:	444a      	add	r2, r9
 8003100:	eb04 0282 	add.w	r2, r4, r2, lsl #2
 8003104:	4453      	add	r3, sl
 8003106:	f8c2 3268 	str.w	r3, [r2, #616]	@ 0x268
 800310a:	e78f      	b.n	800302c <HAL_PCD_IRQHandler+0x76>
        (void)USB_ReadPacket(USBx, (uint8_t *)hpcd->Setup, 8U);
 800310c:	2208      	movs	r2, #8
 800310e:	f204 419c 	addw	r1, r4, #1180	@ 0x49c
 8003112:	4628      	mov	r0, r5
 8003114:	f002 f99a 	bl	800544c <USB_ReadPacket>
        ep->xfer_count += (RegVal & USB_OTG_GRXSTSP_BCNT) >> 4;
 8003118:	eb09 03c9 	add.w	r3, r9, r9, lsl #3
 800311c:	eb04 0383 	add.w	r3, r4, r3, lsl #2
 8003120:	f8d3 2268 	ldr.w	r2, [r3, #616]	@ 0x268
 8003124:	f3c8 180a 	ubfx	r8, r8, #4, #11
 8003128:	4442      	add	r2, r8
 800312a:	f8c3 2268 	str.w	r2, [r3, #616]	@ 0x268
 800312e:	e77d      	b.n	800302c <HAL_PCD_IRQHandler+0x76>
      ep_intr = USB_ReadDevAllOutEpInterrupt(hpcd->Instance);
 8003130:	6820      	ldr	r0, [r4, #0]
 8003132:	f002 fa39 	bl	80055a8 <USB_ReadDevAllOutEpInterrupt>
 8003136:	4680      	mov	r8, r0
      epnum = 0U;
 8003138:	46b1      	mov	r9, r6
      while (ep_intr != 0U)
 800313a:	e035      	b.n	80031a8 <HAL_PCD_IRQHandler+0x1f2>
            CLEAR_OUT_EP_INTR(epnum, USB_OTG_DOEPINT_XFRC);
 800313c:	eb05 1349 	add.w	r3, r5, r9, lsl #5
 8003140:	2201      	movs	r2, #1
 8003142:	f8c3 2b08 	str.w	r2, [r3, #2824]	@ 0xb08
            (void)PCD_EP_OutXfrComplete_int(hpcd, epnum);
 8003146:	4649      	mov	r1, r9
 8003148:	4620      	mov	r0, r4
 800314a:	f7ff fd0f 	bl	8002b6c <PCD_EP_OutXfrComplete_int>
 800314e:	e03c      	b.n	80031ca <HAL_PCD_IRQHandler+0x214>
            CLEAR_OUT_EP_INTR(epnum, USB_OTG_DOEPINT_STUP);
 8003150:	eb05 1349 	add.w	r3, r5, r9, lsl #5
 8003154:	2208      	movs	r2, #8
 8003156:	f8c3 2b08 	str.w	r2, [r3, #2824]	@ 0xb08
            (void)PCD_EP_OutSetupPacket_int(hpcd, epnum);
 800315a:	4649      	mov	r1, r9
 800315c:	4620      	mov	r0, r4
 800315e:	f7ff fd87 	bl	8002c70 <PCD_EP_OutSetupPacket_int>
 8003162:	e035      	b.n	80031d0 <HAL_PCD_IRQHandler+0x21a>
            if (ep->is_iso_incomplete == 1U)
 8003164:	eb09 03c9 	add.w	r3, r9, r9, lsl #3
 8003168:	eb04 0383 	add.w	r3, r4, r3, lsl #2
 800316c:	f893 3257 	ldrb.w	r3, [r3, #599]	@ 0x257
 8003170:	2b01      	cmp	r3, #1
 8003172:	d041      	beq.n	80031f8 <HAL_PCD_IRQHandler+0x242>
            CLEAR_OUT_EP_INTR(epnum, USB_OTG_DOEPINT_EPDISD);
 8003174:	eb05 1349 	add.w	r3, r5, r9, lsl #5
 8003178:	2202      	movs	r2, #2
 800317a:	f8c3 2b08 	str.w	r2, [r3, #2824]	@ 0xb08
          if ((epint & USB_OTG_DOEPINT_OTEPSPR) == USB_OTG_DOEPINT_OTEPSPR)
 800317e:	f01a 0f20 	tst.w	sl, #32
 8003182:	d004      	beq.n	800318e <HAL_PCD_IRQHandler+0x1d8>
            CLEAR_OUT_EP_INTR(epnum, USB_OTG_DOEPINT_OTEPSPR);
 8003184:	eb05 1349 	add.w	r3, r5, r9, lsl #5
 8003188:	2220      	movs	r2, #32
 800318a:	f8c3 2b08 	str.w	r2, [r3, #2824]	@ 0xb08
          if ((epint & USB_OTG_DOEPINT_NAK) == USB_OTG_DOEPINT_NAK)
 800318e:	f41a 5f00 	tst.w	sl, #8192	@ 0x2000
 8003192:	d005      	beq.n	80031a0 <HAL_PCD_IRQHandler+0x1ea>
            CLEAR_OUT_EP_INTR(epnum, USB_OTG_DOEPINT_NAK);
 8003194:	eb05 1349 	add.w	r3, r5, r9, lsl #5
 8003198:	f44f 5200 	mov.w	r2, #8192	@ 0x2000
 800319c:	f8c3 2b08 	str.w	r2, [r3, #2824]	@ 0xb08
        epnum++;
 80031a0:	f109 0901 	add.w	r9, r9, #1
        ep_intr >>= 1U;
 80031a4:	ea4f 0858 	mov.w	r8, r8, lsr #1
      while (ep_intr != 0U)
 80031a8:	f1b8 0f00 	cmp.w	r8, #0
 80031ac:	f43f af49 	beq.w	8003042 <HAL_PCD_IRQHandler+0x8c>
        if ((ep_intr & 0x1U) != 0U)
 80031b0:	f018 0f01 	tst.w	r8, #1
 80031b4:	d0f4      	beq.n	80031a0 <HAL_PCD_IRQHandler+0x1ea>
          epint = USB_ReadDevOutEPInterrupt(hpcd->Instance, (uint8_t)epnum);
 80031b6:	fa5f fb89 	uxtb.w	fp, r9
 80031ba:	4659      	mov	r1, fp
 80031bc:	6820      	ldr	r0, [r4, #0]
 80031be:	f002 fa03 	bl	80055c8 <USB_ReadDevOutEPInterrupt>
 80031c2:	4682      	mov	sl, r0
          if ((epint & USB_OTG_DOEPINT_XFRC) == USB_OTG_DOEPINT_XFRC)
 80031c4:	f010 0f01 	tst.w	r0, #1
 80031c8:	d1b8      	bne.n	800313c <HAL_PCD_IRQHandler+0x186>
          if ((epint & USB_OTG_DOEPINT_STUP) == USB_OTG_DOEPINT_STUP)
 80031ca:	f01a 0f08 	tst.w	sl, #8
 80031ce:	d1bf      	bne.n	8003150 <HAL_PCD_IRQHandler+0x19a>
          if ((epint & USB_OTG_DOEPINT_OTEPDIS) == USB_OTG_DOEPINT_OTEPDIS)
 80031d0:	f01a 0f10 	tst.w	sl, #16
 80031d4:	d004      	beq.n	80031e0 <HAL_PCD_IRQHandler+0x22a>
            CLEAR_OUT_EP_INTR(epnum, USB_OTG_DOEPINT_OTEPDIS);
 80031d6:	eb05 1349 	add.w	r3, r5, r9, lsl #5
 80031da:	2210      	movs	r2, #16
 80031dc:	f8c3 2b08 	str.w	r2, [r3, #2824]	@ 0xb08
          if ((epint & USB_OTG_DOEPINT_EPDISD) == USB_OTG_DOEPINT_EPDISD)
 80031e0:	f01a 0f02 	tst.w	sl, #2
 80031e4:	d0cb      	beq.n	800317e <HAL_PCD_IRQHandler+0x1c8>
            if ((USBx->GINTSTS & USB_OTG_GINTSTS_BOUTNAKEFF) == USB_OTG_GINTSTS_BOUTNAKEFF)
 80031e6:	696b      	ldr	r3, [r5, #20]
 80031e8:	f013 0f80 	tst.w	r3, #128	@ 0x80
 80031ec:	d0ba      	beq.n	8003164 <HAL_PCD_IRQHandler+0x1ae>
              USBx_DEVICE->DCTL |= USB_OTG_DCTL_CGONAK;
 80031ee:	687b      	ldr	r3, [r7, #4]
 80031f0:	f443 6380 	orr.w	r3, r3, #1024	@ 0x400
 80031f4:	607b      	str	r3, [r7, #4]
 80031f6:	e7b5      	b.n	8003164 <HAL_PCD_IRQHandler+0x1ae>
              ep->is_iso_incomplete = 0U;
 80031f8:	eb09 03c9 	add.w	r3, r9, r9, lsl #3
 80031fc:	eb04 0383 	add.w	r3, r4, r3, lsl #2
 8003200:	2200      	movs	r2, #0
 8003202:	f883 2257 	strb.w	r2, [r3, #599]	@ 0x257
              HAL_PCD_ISOOUTIncompleteCallback(hpcd, (uint8_t)epnum);
 8003206:	4659      	mov	r1, fp
 8003208:	4620      	mov	r0, r4
 800320a:	f003 ff6b 	bl	80070e4 <HAL_PCD_ISOOUTIncompleteCallback>
 800320e:	e7b1      	b.n	8003174 <HAL_PCD_IRQHandler+0x1be>
      ep_intr = USB_ReadDevAllInEpInterrupt(hpcd->Instance);
 8003210:	6820      	ldr	r0, [r4, #0]
 8003212:	f002 f9d1 	bl	80055b8 <USB_ReadDevAllInEpInterrupt>
 8003216:	4680      	mov	r8, r0
      epnum = 0U;
 8003218:	46b1      	mov	r9, r6
      while (ep_intr != 0U)
 800321a:	e025      	b.n	8003268 <HAL_PCD_IRQHandler+0x2b2>
            HAL_PCD_DataInStageCallback(hpcd, (uint8_t)epnum);
 800321c:	4659      	mov	r1, fp
 800321e:	4620      	mov	r0, r4
 8003220:	f003 ff1e 	bl	8007060 <HAL_PCD_DataInStageCallback>
          if ((epint & USB_OTG_DIEPINT_TOC) == USB_OTG_DIEPINT_TOC)
 8003224:	f01a 0f08 	tst.w	sl, #8
 8003228:	d004      	beq.n	8003234 <HAL_PCD_IRQHandler+0x27e>
            CLEAR_IN_EP_INTR(epnum, USB_OTG_DIEPINT_TOC);
 800322a:	eb05 1349 	add.w	r3, r5, r9, lsl #5
 800322e:	2208      	movs	r2, #8
 8003230:	f8c3 2908 	str.w	r2, [r3, #2312]	@ 0x908
          if ((epint & USB_OTG_DIEPINT_ITTXFE) == USB_OTG_DIEPINT_ITTXFE)
 8003234:	f01a 0f10 	tst.w	sl, #16
 8003238:	d004      	beq.n	8003244 <HAL_PCD_IRQHandler+0x28e>
            CLEAR_IN_EP_INTR(epnum, USB_OTG_DIEPINT_ITTXFE);
 800323a:	eb05 1349 	add.w	r3, r5, r9, lsl #5
 800323e:	2210      	movs	r2, #16
 8003240:	f8c3 2908 	str.w	r2, [r3, #2312]	@ 0x908
          if ((epint & USB_OTG_DIEPINT_INEPNE) == USB_OTG_DIEPINT_INEPNE)
 8003244:	f01a 0f40 	tst.w	sl, #64	@ 0x40
 8003248:	d004      	beq.n	8003254 <HAL_PCD_IRQHandler+0x29e>
            CLEAR_IN_EP_INTR(epnum, USB_OTG_DIEPINT_INEPNE);
 800324a:	eb05 1349 	add.w	r3, r5, r9, lsl #5
 800324e:	2240      	movs	r2, #64	@ 0x40
 8003250:	f8c3 2908 	str.w	r2, [r3, #2312]	@ 0x908
          if ((epint & USB_OTG_DIEPINT_EPDISD) == USB_OTG_DIEPINT_EPDISD)
 8003254:	f01a 0f02 	tst.w	sl, #2
 8003258:	d140      	bne.n	80032dc <HAL_PCD_IRQHandler+0x326>
          if ((epint & USB_OTG_DIEPINT_TXFE) == USB_OTG_DIEPINT_TXFE)
 800325a:	f01a 0f80 	tst.w	sl, #128	@ 0x80
 800325e:	d159      	bne.n	8003314 <HAL_PCD_IRQHandler+0x35e>
        epnum++;
 8003260:	f109 0901 	add.w	r9, r9, #1
        ep_intr >>= 1U;
 8003264:	ea4f 0858 	mov.w	r8, r8, lsr #1
      while (ep_intr != 0U)
 8003268:	f1b8 0f00 	cmp.w	r8, #0
 800326c:	f43f aef0 	beq.w	8003050 <HAL_PCD_IRQHandler+0x9a>
        if ((ep_intr & 0x1U) != 0U) /* In ITR */
 8003270:	f018 0f01 	tst.w	r8, #1
 8003274:	d0f4      	beq.n	8003260 <HAL_PCD_IRQHandler+0x2aa>
          epint = USB_ReadDevInEPInterrupt(hpcd->Instance, (uint8_t)epnum);
 8003276:	fa5f fb89 	uxtb.w	fp, r9
 800327a:	4659      	mov	r1, fp
 800327c:	6820      	ldr	r0, [r4, #0]
 800327e:	f002 f9ac 	bl	80055da <USB_ReadDevInEPInterrupt>
 8003282:	4682      	mov	sl, r0
          if ((epint & USB_OTG_DIEPINT_XFRC) == USB_OTG_DIEPINT_XFRC)
 8003284:	f010 0f01 	tst.w	r0, #1
 8003288:	d0cc      	beq.n	8003224 <HAL_PCD_IRQHandler+0x26e>
            fifoemptymsk = (uint32_t)(0x1UL << (epnum & EP_ADDR_MSK));
 800328a:	f009 020f 	and.w	r2, r9, #15
 800328e:	2101      	movs	r1, #1
 8003290:	fa01 f202 	lsl.w	r2, r1, r2
            USBx_DEVICE->DIEPEMPMSK &= ~fifoemptymsk;
 8003294:	6b7b      	ldr	r3, [r7, #52]	@ 0x34
 8003296:	ea23 0302 	bic.w	r3, r3, r2
 800329a:	637b      	str	r3, [r7, #52]	@ 0x34
            CLEAR_IN_EP_INTR(epnum, USB_OTG_DIEPINT_XFRC);
 800329c:	eb05 1349 	add.w	r3, r5, r9, lsl #5
 80032a0:	f8c3 1908 	str.w	r1, [r3, #2312]	@ 0x908
            if (hpcd->Init.dma_enable == 1U)
 80032a4:	79a3      	ldrb	r3, [r4, #6]
 80032a6:	428b      	cmp	r3, r1
 80032a8:	d1b8      	bne.n	800321c <HAL_PCD_IRQHandler+0x266>
              hpcd->IN_ep[epnum].xfer_buff += hpcd->IN_ep[epnum].maxpacket;
 80032aa:	eb09 03c9 	add.w	r3, r9, r9, lsl #3
 80032ae:	eb04 0383 	add.w	r3, r4, r3, lsl #2
 80032b2:	6a1a      	ldr	r2, [r3, #32]
 80032b4:	69d9      	ldr	r1, [r3, #28]
 80032b6:	440a      	add	r2, r1
 80032b8:	621a      	str	r2, [r3, #32]
              if ((epnum == 0U) && (hpcd->IN_ep[epnum].xfer_len == 0U))
 80032ba:	f1b9 0f00 	cmp.w	r9, #0
 80032be:	d1ad      	bne.n	800321c <HAL_PCD_IRQHandler+0x266>
 80032c0:	eb09 03c9 	add.w	r3, r9, r9, lsl #3
 80032c4:	eb04 0383 	add.w	r3, r4, r3, lsl #2
 80032c8:	6a5b      	ldr	r3, [r3, #36]	@ 0x24
 80032ca:	2b00      	cmp	r3, #0
 80032cc:	d1a6      	bne.n	800321c <HAL_PCD_IRQHandler+0x266>
                (void)USB_EP0_OutStart(hpcd->Instance, 1U, (uint8_t *)hpcd->Setup);
 80032ce:	f204 429c 	addw	r2, r4, #1180	@ 0x49c
 80032d2:	2101      	movs	r1, #1
 80032d4:	6820      	ldr	r0, [r4, #0]
 80032d6:	f002 f9d5 	bl	8005684 <USB_EP0_OutStart>
 80032da:	e79f      	b.n	800321c <HAL_PCD_IRQHandler+0x266>
            (void)USB_FlushTxFifo(USBx, epnum);
 80032dc:	4649      	mov	r1, r9
 80032de:	4628      	mov	r0, r5
 80032e0:	f001 fd32 	bl	8004d48 <USB_FlushTxFifo>
            if (ep->is_iso_incomplete == 1U)
 80032e4:	eb09 03c9 	add.w	r3, r9, r9, lsl #3
 80032e8:	eb04 0383 	add.w	r3, r4, r3, lsl #2
 80032ec:	7ddb      	ldrb	r3, [r3, #23]
 80032ee:	2b01      	cmp	r3, #1
 80032f0:	d005      	beq.n	80032fe <HAL_PCD_IRQHandler+0x348>
            CLEAR_IN_EP_INTR(epnum, USB_OTG_DIEPINT_EPDISD);
 80032f2:	eb05 1349 	add.w	r3, r5, r9, lsl #5
 80032f6:	2202      	movs	r2, #2
 80032f8:	f8c3 2908 	str.w	r2, [r3, #2312]	@ 0x908
 80032fc:	e7ad      	b.n	800325a <HAL_PCD_IRQHandler+0x2a4>
              ep->is_iso_incomplete = 0U;
 80032fe:	eb09 03c9 	add.w	r3, r9, r9, lsl #3
 8003302:	eb04 0383 	add.w	r3, r4, r3, lsl #2
 8003306:	2200      	movs	r2, #0
 8003308:	75da      	strb	r2, [r3, #23]
              HAL_PCD_ISOINIncompleteCallback(hpcd, (uint8_t)epnum);
 800330a:	4659      	mov	r1, fp
 800330c:	4620      	mov	r0, r4
 800330e:	f003 feef 	bl	80070f0 <HAL_PCD_ISOINIncompleteCallback>
 8003312:	e7ee      	b.n	80032f2 <HAL_PCD_IRQHandler+0x33c>
            (void)PCD_WriteEmptyTxFifo(hpcd, epnum);
 8003314:	4649      	mov	r1, r9
 8003316:	4620      	mov	r0, r4
 8003318:	f7ff fb1c 	bl	8002954 <PCD_WriteEmptyTxFifo>
 800331c:	e7a0      	b.n	8003260 <HAL_PCD_IRQHandler+0x2aa>
      USBx_DEVICE->DCTL &= ~USB_OTG_DCTL_RWUSIG;
 800331e:	687b      	ldr	r3, [r7, #4]
 8003320:	f023 0301 	bic.w	r3, r3, #1
 8003324:	607b      	str	r3, [r7, #4]
      if (hpcd->LPM_State == LPM_L1)
 8003326:	f894 34cc 	ldrb.w	r3, [r4, #1228]	@ 0x4cc
 800332a:	2b01      	cmp	r3, #1
 800332c:	d008      	beq.n	8003340 <HAL_PCD_IRQHandler+0x38a>
        HAL_PCD_ResumeCallback(hpcd);
 800332e:	4620      	mov	r0, r4
 8003330:	f003 fed2 	bl	80070d8 <HAL_PCD_ResumeCallback>
      __HAL_PCD_CLEAR_FLAG(hpcd, USB_OTG_GINTSTS_WKUINT);
 8003334:	6822      	ldr	r2, [r4, #0]
 8003336:	6953      	ldr	r3, [r2, #20]
 8003338:	f003 4300 	and.w	r3, r3, #2147483648	@ 0x80000000
 800333c:	6153      	str	r3, [r2, #20]
 800333e:	e68d      	b.n	800305c <HAL_PCD_IRQHandler+0xa6>
        hpcd->LPM_State = LPM_L0;
 8003340:	2100      	movs	r1, #0
 8003342:	f884 14cc 	strb.w	r1, [r4, #1228]	@ 0x4cc
        HAL_PCDEx_LPM_Callback(hpcd, PCD_LPM_L0_ACTIVE);
 8003346:	4620      	mov	r0, r4
 8003348:	f000 f93e 	bl	80035c8 <HAL_PCDEx_LPM_Callback>
 800334c:	e7f2      	b.n	8003334 <HAL_PCD_IRQHandler+0x37e>
        HAL_PCD_SuspendCallback(hpcd);
 800334e:	4620      	mov	r0, r4
 8003350:	f003 feaa 	bl	80070a8 <HAL_PCD_SuspendCallback>
 8003354:	e68d      	b.n	8003072 <HAL_PCD_IRQHandler+0xbc>
      USBx_DEVICE->DCTL &= ~USB_OTG_DCTL_RWUSIG;
 8003356:	687b      	ldr	r3, [r7, #4]
 8003358:	f023 0301 	bic.w	r3, r3, #1
 800335c:	607b      	str	r3, [r7, #4]
      (void)USB_FlushTxFifo(hpcd->Instance, 0x10U);
 800335e:	2110      	movs	r1, #16
 8003360:	6820      	ldr	r0, [r4, #0]
 8003362:	f001 fcf1 	bl	8004d48 <USB_FlushTxFifo>
      for (i = 0U; i < hpcd->Init.dev_endpoints; i++)
 8003366:	e01a      	b.n	800339e <HAL_PCD_IRQHandler+0x3e8>
        USBx_INEP(i)->DIEPINT = 0xFB7FU;
 8003368:	eb05 1346 	add.w	r3, r5, r6, lsl #5
 800336c:	f64f 317f 	movw	r1, #64383	@ 0xfb7f
 8003370:	f8c3 1908 	str.w	r1, [r3, #2312]	@ 0x908
        USBx_INEP(i)->DIEPCTL &= ~USB_OTG_DIEPCTL_STALL;
 8003374:	f8d3 2900 	ldr.w	r2, [r3, #2304]	@ 0x900
 8003378:	f422 1200 	bic.w	r2, r2, #2097152	@ 0x200000
 800337c:	f8c3 2900 	str.w	r2, [r3, #2304]	@ 0x900
        USBx_OUTEP(i)->DOEPINT = 0xFB7FU;
 8003380:	f8c3 1b08 	str.w	r1, [r3, #2824]	@ 0xb08
        USBx_OUTEP(i)->DOEPCTL &= ~USB_OTG_DOEPCTL_STALL;
 8003384:	f8d3 2b00 	ldr.w	r2, [r3, #2816]	@ 0xb00
 8003388:	f422 1200 	bic.w	r2, r2, #2097152	@ 0x200000
 800338c:	f8c3 2b00 	str.w	r2, [r3, #2816]	@ 0xb00
        USBx_OUTEP(i)->DOEPCTL |= USB_OTG_DOEPCTL_SNAK;
 8003390:	f8d3 2b00 	ldr.w	r2, [r3, #2816]	@ 0xb00
 8003394:	f042 6200 	orr.w	r2, r2, #134217728	@ 0x8000000
 8003398:	f8c3 2b00 	str.w	r2, [r3, #2816]	@ 0xb00
      for (i = 0U; i < hpcd->Init.dev_endpoints; i++)
 800339c:	3601      	adds	r6, #1
 800339e:	7923      	ldrb	r3, [r4, #4]
 80033a0:	42b3      	cmp	r3, r6
 80033a2:	d8e1      	bhi.n	8003368 <HAL_PCD_IRQHandler+0x3b2>
      USBx_DEVICE->DAINTMSK |= 0x10001U;
 80033a4:	69fb      	ldr	r3, [r7, #28]
 80033a6:	f043 1301 	orr.w	r3, r3, #65537	@ 0x10001
 80033aa:	61fb      	str	r3, [r7, #28]
      if (hpcd->Init.use_dedicated_ep1 != 0U)
 80033ac:	7be3      	ldrb	r3, [r4, #15]
 80033ae:	b1db      	cbz	r3, 80033e8 <HAL_PCD_IRQHandler+0x432>
        USBx_DEVICE->DOUTEP1MSK |= USB_OTG_DOEPMSK_STUPM |
 80033b0:	f8d7 3084 	ldr.w	r3, [r7, #132]	@ 0x84
 80033b4:	f043 030b 	orr.w	r3, r3, #11
 80033b8:	f8c7 3084 	str.w	r3, [r7, #132]	@ 0x84
        USBx_DEVICE->DINEP1MSK |= USB_OTG_DIEPMSK_TOM |
 80033bc:	6c7b      	ldr	r3, [r7, #68]	@ 0x44
 80033be:	f043 030b 	orr.w	r3, r3, #11
 80033c2:	647b      	str	r3, [r7, #68]	@ 0x44
      USBx_DEVICE->DCFG &= ~USB_OTG_DCFG_DAD;
 80033c4:	f8d5 3800 	ldr.w	r3, [r5, #2048]	@ 0x800
 80033c8:	f423 63fe 	bic.w	r3, r3, #2032	@ 0x7f0
 80033cc:	f8c5 3800 	str.w	r3, [r5, #2048]	@ 0x800
      (void)USB_EP0_OutStart(hpcd->Instance, (uint8_t)hpcd->Init.dma_enable,
 80033d0:	f204 429c 	addw	r2, r4, #1180	@ 0x49c
 80033d4:	79a1      	ldrb	r1, [r4, #6]
 80033d6:	6820      	ldr	r0, [r4, #0]
 80033d8:	f002 f954 	bl	8005684 <USB_EP0_OutStart>
      __HAL_PCD_CLEAR_FLAG(hpcd, USB_OTG_GINTSTS_USBRST);
 80033dc:	6822      	ldr	r2, [r4, #0]
 80033de:	6953      	ldr	r3, [r2, #20]
 80033e0:	f403 5380 	and.w	r3, r3, #4096	@ 0x1000
 80033e4:	6153      	str	r3, [r2, #20]
 80033e6:	e650      	b.n	800308a <HAL_PCD_IRQHandler+0xd4>
        USBx_DEVICE->DOEPMSK |= USB_OTG_DOEPMSK_STUPM |
 80033e8:	697b      	ldr	r3, [r7, #20]
 80033ea:	f443 5300 	orr.w	r3, r3, #8192	@ 0x2000
 80033ee:	f043 032b 	orr.w	r3, r3, #43	@ 0x2b
 80033f2:	617b      	str	r3, [r7, #20]
        USBx_DEVICE->DIEPMSK |= USB_OTG_DIEPMSK_TOM |
 80033f4:	693b      	ldr	r3, [r7, #16]
 80033f6:	f043 030b 	orr.w	r3, r3, #11
 80033fa:	613b      	str	r3, [r7, #16]
 80033fc:	e7e2      	b.n	80033c4 <HAL_PCD_IRQHandler+0x40e>
      (void)USB_ActivateSetup(hpcd->Instance);
 80033fe:	6820      	ldr	r0, [r4, #0]
 8003400:	f002 f932 	bl	8005668 <USB_ActivateSetup>
      hpcd->Init.speed = USB_GetDevSpeed(hpcd->Instance);
 8003404:	6820      	ldr	r0, [r4, #0]
 8003406:	f001 fdbb 	bl	8004f80 <USB_GetDevSpeed>
 800340a:	71e0      	strb	r0, [r4, #7]
      (void)USB_SetTurnaroundTime(hpcd->Instance,
 800340c:	6826      	ldr	r6, [r4, #0]
 800340e:	f000 fbdd 	bl	8003bcc <HAL_RCC_GetHCLKFreq>
 8003412:	4601      	mov	r1, r0
 8003414:	79e2      	ldrb	r2, [r4, #7]
 8003416:	4630      	mov	r0, r6
 8003418:	f001 fc18 	bl	8004c4c <USB_SetTurnaroundTime>
      HAL_PCD_ResetCallback(hpcd);
 800341c:	4620      	mov	r0, r4
 800341e:	f003 fe30 	bl	8007082 <HAL_PCD_ResetCallback>
      __HAL_PCD_CLEAR_FLAG(hpcd, USB_OTG_GINTSTS_ENUMDNE);
 8003422:	6822      	ldr	r2, [r4, #0]
 8003424:	6953      	ldr	r3, [r2, #20]
 8003426:	f403 5300 	and.w	r3, r3, #8192	@ 0x2000
 800342a:	6153      	str	r3, [r2, #20]
 800342c:	e634      	b.n	8003098 <HAL_PCD_IRQHandler+0xe2>
      HAL_PCD_SOFCallback(hpcd);
 800342e:	4620      	mov	r0, r4
 8003430:	f003 fe21 	bl	8007076 <HAL_PCD_SOFCallback>
      __HAL_PCD_CLEAR_FLAG(hpcd, USB_OTG_GINTSTS_SOF);
 8003434:	6822      	ldr	r2, [r4, #0]
 8003436:	6953      	ldr	r3, [r2, #20]
 8003438:	f003 0308 	and.w	r3, r3, #8
 800343c:	6153      	str	r3, [r2, #20]
 800343e:	e632      	b.n	80030a6 <HAL_PCD_IRQHandler+0xf0>
      for (epnum = 1U; epnum < hpcd->Init.dev_endpoints; epnum++)
 8003440:	3601      	adds	r6, #1
 8003442:	7923      	ldrb	r3, [r4, #4]
 8003444:	42b3      	cmp	r3, r6
 8003446:	d90c      	bls.n	8003462 <HAL_PCD_IRQHandler+0x4ac>
        if (hpcd->OUT_ep[epnum].is_iso_incomplete == 1U)
 8003448:	eb06 03c6 	add.w	r3, r6, r6, lsl #3
 800344c:	eb04 0383 	add.w	r3, r4, r3, lsl #2
 8003450:	f893 3257 	ldrb.w	r3, [r3, #599]	@ 0x257
 8003454:	2b01      	cmp	r3, #1
 8003456:	d1f3      	bne.n	8003440 <HAL_PCD_IRQHandler+0x48a>
          (void)HAL_PCD_EP_Abort(hpcd, (uint8_t)epnum);
 8003458:	b2f1      	uxtb	r1, r6
 800345a:	4620      	mov	r0, r4
 800345c:	f7ff fd91 	bl	8002f82 <HAL_PCD_EP_Abort>
 8003460:	e7ee      	b.n	8003440 <HAL_PCD_IRQHandler+0x48a>
    if (__HAL_PCD_GET_FLAG(hpcd, USB_OTG_GINTSTS_IISOIXFR))
 8003462:	6820      	ldr	r0, [r4, #0]
 8003464:	f002 f89c 	bl	80055a0 <USB_ReadInterrupts>
 8003468:	f410 1f80 	tst.w	r0, #1048576	@ 0x100000
 800346c:	d125      	bne.n	80034ba <HAL_PCD_IRQHandler+0x504>
    if (__HAL_PCD_GET_FLAG(hpcd, USB_OTG_GINTSTS_PXFR_INCOMPISOOUT))
 800346e:	6820      	ldr	r0, [r4, #0]
 8003470:	f002 f896 	bl	80055a0 <USB_ReadInterrupts>
 8003474:	f410 1f00 	tst.w	r0, #2097152	@ 0x200000
 8003478:	d058      	beq.n	800352c <HAL_PCD_IRQHandler+0x576>
      for (epnum = 1U; epnum < hpcd->Init.dev_endpoints; epnum++)
 800347a:	2301      	movs	r3, #1
 800347c:	e026      	b.n	80034cc <HAL_PCD_IRQHandler+0x516>
      for (epnum = 1U; epnum < hpcd->Init.dev_endpoints; epnum++)
 800347e:	3601      	adds	r6, #1
 8003480:	7923      	ldrb	r3, [r4, #4]
 8003482:	42b3      	cmp	r3, r6
 8003484:	d91b      	bls.n	80034be <HAL_PCD_IRQHandler+0x508>
        RegVal = USBx_INEP(epnum)->DIEPCTL;
 8003486:	eb05 1346 	add.w	r3, r5, r6, lsl #5
 800348a:	f8d3 2900 	ldr.w	r2, [r3, #2304]	@ 0x900
        if ((hpcd->IN_ep[epnum].type == EP_TYPE_ISOC) &&
 800348e:	eb06 03c6 	add.w	r3, r6, r6, lsl #3
 8003492:	eb04 0383 	add.w	r3, r4, r3, lsl #2
 8003496:	7e1b      	ldrb	r3, [r3, #24]
 8003498:	2b01      	cmp	r3, #1
 800349a:	d1f0      	bne.n	800347e <HAL_PCD_IRQHandler+0x4c8>
 800349c:	2a00      	cmp	r2, #0
 800349e:	daee      	bge.n	800347e <HAL_PCD_IRQHandler+0x4c8>
          hpcd->IN_ep[epnum].is_iso_incomplete = 1U;
 80034a0:	eb06 03c6 	add.w	r3, r6, r6, lsl #3
 80034a4:	eb04 0383 	add.w	r3, r4, r3, lsl #2
 80034a8:	2201      	movs	r2, #1
 80034aa:	75da      	strb	r2, [r3, #23]
          (void)HAL_PCD_EP_Abort(hpcd, (uint8_t)(epnum | 0x80U));
 80034ac:	f066 017f 	orn	r1, r6, #127	@ 0x7f
 80034b0:	b2c9      	uxtb	r1, r1
 80034b2:	4620      	mov	r0, r4
 80034b4:	f7ff fd65 	bl	8002f82 <HAL_PCD_EP_Abort>
 80034b8:	e7e1      	b.n	800347e <HAL_PCD_IRQHandler+0x4c8>
      for (epnum = 1U; epnum < hpcd->Init.dev_endpoints; epnum++)
 80034ba:	2601      	movs	r6, #1
 80034bc:	e7e0      	b.n	8003480 <HAL_PCD_IRQHandler+0x4ca>
      __HAL_PCD_CLEAR_FLAG(hpcd, USB_OTG_GINTSTS_IISOIXFR);
 80034be:	6822      	ldr	r2, [r4, #0]
 80034c0:	6953      	ldr	r3, [r2, #20]
 80034c2:	f403 1380 	and.w	r3, r3, #1048576	@ 0x100000
 80034c6:	6153      	str	r3, [r2, #20]
 80034c8:	e7d1      	b.n	800346e <HAL_PCD_IRQHandler+0x4b8>
      for (epnum = 1U; epnum < hpcd->Init.dev_endpoints; epnum++)
 80034ca:	3301      	adds	r3, #1
 80034cc:	7922      	ldrb	r2, [r4, #4]
 80034ce:	429a      	cmp	r2, r3
 80034d0:	d927      	bls.n	8003522 <HAL_PCD_IRQHandler+0x56c>
        RegVal = USBx_OUTEP(epnum)->DOEPCTL;
 80034d2:	eb05 1243 	add.w	r2, r5, r3, lsl #5
 80034d6:	f8d2 1b00 	ldr.w	r1, [r2, #2816]	@ 0xb00
        if ((hpcd->OUT_ep[epnum].type == EP_TYPE_ISOC) &&
 80034da:	eb03 02c3 	add.w	r2, r3, r3, lsl #3
 80034de:	eb04 0282 	add.w	r2, r4, r2, lsl #2
 80034e2:	f892 2258 	ldrb.w	r2, [r2, #600]	@ 0x258
 80034e6:	2a01      	cmp	r2, #1
 80034e8:	d1ef      	bne.n	80034ca <HAL_PCD_IRQHandler+0x514>
 80034ea:	2900      	cmp	r1, #0
 80034ec:	daed      	bge.n	80034ca <HAL_PCD_IRQHandler+0x514>
            (((RegVal & (0x1U << 16)) >> 16U) == (hpcd->FrameNumber & 0x1U)))
 80034ee:	f8d4 24d4 	ldr.w	r2, [r4, #1236]	@ 0x4d4
 80034f2:	ea82 4211 	eor.w	r2, r2, r1, lsr #16
            ((RegVal & USB_OTG_DOEPCTL_EPENA) == USB_OTG_DOEPCTL_EPENA) &&
 80034f6:	f012 0f01 	tst.w	r2, #1
 80034fa:	d1e6      	bne.n	80034ca <HAL_PCD_IRQHandler+0x514>
          hpcd->OUT_ep[epnum].is_iso_incomplete = 1U;
 80034fc:	eb03 02c3 	add.w	r2, r3, r3, lsl #3
 8003500:	eb04 0282 	add.w	r2, r4, r2, lsl #2
 8003504:	2101      	movs	r1, #1
 8003506:	f882 1257 	strb.w	r1, [r2, #599]	@ 0x257
          USBx->GINTMSK |= USB_OTG_GINTMSK_GONAKEFFM;
 800350a:	69aa      	ldr	r2, [r5, #24]
 800350c:	f042 0280 	orr.w	r2, r2, #128	@ 0x80
 8003510:	61aa      	str	r2, [r5, #24]
          if ((USBx->GINTSTS & USB_OTG_GINTSTS_BOUTNAKEFF) == 0U)
 8003512:	696a      	ldr	r2, [r5, #20]
 8003514:	f012 0f80 	tst.w	r2, #128	@ 0x80
 8003518:	d1d7      	bne.n	80034ca <HAL_PCD_IRQHandler+0x514>
            USBx_DEVICE->DCTL |= USB_OTG_DCTL_SGONAK;
 800351a:	687b      	ldr	r3, [r7, #4]
 800351c:	f443 7300 	orr.w	r3, r3, #512	@ 0x200
 8003520:	607b      	str	r3, [r7, #4]
      __HAL_PCD_CLEAR_FLAG(hpcd, USB_OTG_GINTSTS_PXFR_INCOMPISOOUT);
 8003522:	6822      	ldr	r2, [r4, #0]
 8003524:	6953      	ldr	r3, [r2, #20]
 8003526:	f403 1300 	and.w	r3, r3, #2097152	@ 0x200000
 800352a:	6153      	str	r3, [r2, #20]
    if (__HAL_PCD_GET_FLAG(hpcd, USB_OTG_GINTSTS_SRQINT))
 800352c:	6820      	ldr	r0, [r4, #0]
 800352e:	f002 f837 	bl	80055a0 <USB_ReadInterrupts>
 8003532:	f010 4f80 	tst.w	r0, #1073741824	@ 0x40000000
 8003536:	d110      	bne.n	800355a <HAL_PCD_IRQHandler+0x5a4>
    if (__HAL_PCD_GET_FLAG(hpcd, USB_OTG_GINTSTS_OTGINT))
 8003538:	6820      	ldr	r0, [r4, #0]
 800353a:	f002 f831 	bl	80055a0 <USB_ReadInterrupts>
 800353e:	f010 0f04 	tst.w	r0, #4
 8003542:	f43f ad41 	beq.w	8002fc8 <HAL_PCD_IRQHandler+0x12>
      RegVal = hpcd->Instance->GOTGINT;
 8003546:	6823      	ldr	r3, [r4, #0]
 8003548:	685d      	ldr	r5, [r3, #4]
      if ((RegVal & USB_OTG_GOTGINT_SEDET) == USB_OTG_GOTGINT_SEDET)
 800354a:	f015 0f04 	tst.w	r5, #4
 800354e:	d10d      	bne.n	800356c <HAL_PCD_IRQHandler+0x5b6>
      hpcd->Instance->GOTGINT |= RegVal;
 8003550:	6822      	ldr	r2, [r4, #0]
 8003552:	6853      	ldr	r3, [r2, #4]
 8003554:	432b      	orrs	r3, r5
 8003556:	6053      	str	r3, [r2, #4]
 8003558:	e536      	b.n	8002fc8 <HAL_PCD_IRQHandler+0x12>
      HAL_PCD_ConnectCallback(hpcd);
 800355a:	4620      	mov	r0, r4
 800355c:	f003 fdce 	bl	80070fc <HAL_PCD_ConnectCallback>
      __HAL_PCD_CLEAR_FLAG(hpcd, USB_OTG_GINTSTS_SRQINT);
 8003560:	6822      	ldr	r2, [r4, #0]
 8003562:	6953      	ldr	r3, [r2, #20]
 8003564:	f003 4380 	and.w	r3, r3, #1073741824	@ 0x40000000
 8003568:	6153      	str	r3, [r2, #20]
 800356a:	e7e5      	b.n	8003538 <HAL_PCD_IRQHandler+0x582>
        HAL_PCD_DisconnectCallback(hpcd);
 800356c:	4620      	mov	r0, r4
 800356e:	f003 fdcb 	bl	8007108 <HAL_PCD_DisconnectCallback>
 8003572:	e7ed      	b.n	8003550 <HAL_PCD_IRQHandler+0x59a>

08003574 <HAL_PCDEx_SetTxFiFo>:
  * @param  fifo The number of Tx fifo
  * @param  size Fifo size
  * @retval HAL status
  */
HAL_StatusTypeDef HAL_PCDEx_SetTxFiFo(PCD_HandleTypeDef *hpcd, uint8_t fifo, uint16_t size)
{
 8003574:	b410      	push	{r4}
         --> Txn should be configured with the minimum space of 16 words
     The FIFO is used optimally when used TxFIFOs are allocated in the top
         of the FIFO.Ex: use EP1 and EP2 as IN instead of EP1 and EP3 as IN ones.
     When DMA is used 3n * FIFO locations should be reserved for internal DMA registers */

  Tx_Offset = hpcd->Instance->GRXFSIZ;
 8003576:	6804      	ldr	r4, [r0, #0]
 8003578:	6a60      	ldr	r0, [r4, #36]	@ 0x24

  if (fifo == 0U)
 800357a:	b931      	cbnz	r1, 800358a <HAL_PCDEx_SetTxFiFo+0x16>
  {
    hpcd->Instance->DIEPTXF0_HNPTXFSIZ = ((uint32_t)size << 16) | Tx_Offset;
 800357c:	ea40 4002 	orr.w	r0, r0, r2, lsl #16
 8003580:	62a0      	str	r0, [r4, #40]	@ 0x28
    /* Multiply Tx_Size by 2 to get higher performance */
    hpcd->Instance->DIEPTXF[fifo - 1U] = ((uint32_t)size << 16) | Tx_Offset;
  }

  return HAL_OK;
}
 8003582:	2000      	movs	r0, #0
 8003584:	f85d 4b04 	ldr.w	r4, [sp], #4
 8003588:	4770      	bx	lr
 800358a:	468c      	mov	ip, r1
    Tx_Offset += (hpcd->Instance->DIEPTXF0_HNPTXFSIZ) >> 16;
 800358c:	6aa3      	ldr	r3, [r4, #40]	@ 0x28
 800358e:	eb00 4013 	add.w	r0, r0, r3, lsr #16
    for (i = 0U; i < (fifo - 1U); i++)
 8003592:	2300      	movs	r3, #0
 8003594:	e008      	b.n	80035a8 <HAL_PCDEx_SetTxFiFo+0x34>
      Tx_Offset += (hpcd->Instance->DIEPTXF[i] >> 16);
 8003596:	f103 0140 	add.w	r1, r3, #64	@ 0x40
 800359a:	eb04 0181 	add.w	r1, r4, r1, lsl #2
 800359e:	6849      	ldr	r1, [r1, #4]
 80035a0:	eb00 4011 	add.w	r0, r0, r1, lsr #16
    for (i = 0U; i < (fifo - 1U); i++)
 80035a4:	3301      	adds	r3, #1
 80035a6:	b2db      	uxtb	r3, r3
 80035a8:	f10c 31ff 	add.w	r1, ip, #4294967295	@ 0xffffffff
 80035ac:	428b      	cmp	r3, r1
 80035ae:	d3f2      	bcc.n	8003596 <HAL_PCDEx_SetTxFiFo+0x22>
    hpcd->Instance->DIEPTXF[fifo - 1U] = ((uint32_t)size << 16) | Tx_Offset;
 80035b0:	ea40 4002 	orr.w	r0, r0, r2, lsl #16
 80035b4:	f10c 013f 	add.w	r1, ip, #63	@ 0x3f
 80035b8:	eb04 0481 	add.w	r4, r4, r1, lsl #2
 80035bc:	6060      	str	r0, [r4, #4]
 80035be:	e7e0      	b.n	8003582 <HAL_PCDEx_SetTxFiFo+0xe>

080035c0 <HAL_PCDEx_SetRxFiFo>:
  * @param  size Size of Rx fifo
  * @retval HAL status
  */
HAL_StatusTypeDef HAL_PCDEx_SetRxFiFo(PCD_HandleTypeDef *hpcd, uint16_t size)
{
  hpcd->Instance->GRXFSIZ = size;
 80035c0:	6803      	ldr	r3, [r0, #0]
 80035c2:	6259      	str	r1, [r3, #36]	@ 0x24

  return HAL_OK;
}
 80035c4:	2000      	movs	r0, #0
 80035c6:	4770      	bx	lr

080035c8 <HAL_PCDEx_LPM_Callback>:
  UNUSED(msg);

  /* NOTE : This function should not be modified, when the callback is needed,
            the HAL_PCDEx_LPM_Callback could be implemented in the user file
   */
}
 80035c8:	4770      	bx	lr
	...

080035cc <HAL_RCC_OscConfig>:
__weak HAL_StatusTypeDef HAL_RCC_OscConfig(const RCC_OscInitTypeDef  *RCC_OscInitStruct)
{
  uint32_t tickstart;
  uint32_t pll_config;
  /* Check Null pointer */
  if (RCC_OscInitStruct == NULL)
 80035cc:	2800      	cmp	r0, #0
 80035ce:	f000 81e0 	beq.w	8003992 <HAL_RCC_OscConfig+0x3c6>
{
 80035d2:	b570      	push	{r4, r5, r6, lr}
 80035d4:	b082      	sub	sp, #8
 80035d6:	4604      	mov	r4, r0
  }

  /* Check the parameters */
  assert_param(IS_RCC_OSCILLATORTYPE(RCC_OscInitStruct->OscillatorType));
  /*------------------------------- HSE Configuration ------------------------*/
  if (((RCC_OscInitStruct->OscillatorType) & RCC_OSCILLATORTYPE_HSE) == RCC_OSCILLATORTYPE_HSE)
 80035d8:	6803      	ldr	r3, [r0, #0]
 80035da:	f013 0f01 	tst.w	r3, #1
 80035de:	d03b      	beq.n	8003658 <HAL_RCC_OscConfig+0x8c>
  {
    /* Check the parameters */
    assert_param(IS_RCC_HSE(RCC_OscInitStruct->HSEState));
    /* When the HSE is used as system clock or clock source for PLL in these cases HSE will not disabled */
    if ((__HAL_RCC_GET_SYSCLK_SOURCE() == RCC_CFGR_SWS_HSE) || \
 80035e0:	4b9f      	ldr	r3, [pc, #636]	@ (8003860 <HAL_RCC_OscConfig+0x294>)
 80035e2:	689b      	ldr	r3, [r3, #8]
 80035e4:	f003 030c 	and.w	r3, r3, #12
 80035e8:	2b04      	cmp	r3, #4
 80035ea:	d02c      	beq.n	8003646 <HAL_RCC_OscConfig+0x7a>
        ((__HAL_RCC_GET_SYSCLK_SOURCE() == RCC_CFGR_SWS_PLL) && ((RCC->PLLCFGR & RCC_PLLCFGR_PLLSRC) == RCC_PLLCFGR_PLLSRC_HSE)))
 80035ec:	4b9c      	ldr	r3, [pc, #624]	@ (8003860 <HAL_RCC_OscConfig+0x294>)
 80035ee:	689b      	ldr	r3, [r3, #8]
 80035f0:	f003 030c 	and.w	r3, r3, #12
    if ((__HAL_RCC_GET_SYSCLK_SOURCE() == RCC_CFGR_SWS_HSE) || \
 80035f4:	2b08      	cmp	r3, #8
 80035f6:	d021      	beq.n	800363c <HAL_RCC_OscConfig+0x70>
      }
    }
    else
    {
      /* Set the new HSE configuration ---------------------------------------*/
      __HAL_RCC_HSE_CONFIG(RCC_OscInitStruct->HSEState);
 80035f8:	6863      	ldr	r3, [r4, #4]
 80035fa:	f5b3 3f80 	cmp.w	r3, #65536	@ 0x10000
 80035fe:	d04f      	beq.n	80036a0 <HAL_RCC_OscConfig+0xd4>
 8003600:	f5b3 2fa0 	cmp.w	r3, #327680	@ 0x50000
 8003604:	d052      	beq.n	80036ac <HAL_RCC_OscConfig+0xe0>
 8003606:	4b96      	ldr	r3, [pc, #600]	@ (8003860 <HAL_RCC_OscConfig+0x294>)
 8003608:	681a      	ldr	r2, [r3, #0]
 800360a:	f422 3280 	bic.w	r2, r2, #65536	@ 0x10000
 800360e:	601a      	str	r2, [r3, #0]
 8003610:	681a      	ldr	r2, [r3, #0]
 8003612:	f422 2280 	bic.w	r2, r2, #262144	@ 0x40000
 8003616:	601a      	str	r2, [r3, #0]

      /* Check the HSE State */
      if ((RCC_OscInitStruct->HSEState) != RCC_HSE_OFF)
 8003618:	6863      	ldr	r3, [r4, #4]
 800361a:	2b00      	cmp	r3, #0
 800361c:	d050      	beq.n	80036c0 <HAL_RCC_OscConfig+0xf4>
      {
        /* Get Start Tick */
        tickstart = HAL_GetTick();
 800361e:	f7fe fb13 	bl	8001c48 <HAL_GetTick>
 8003622:	4605      	mov	r5, r0

        /* Wait till HSE is ready */
        while (__HAL_RCC_GET_FLAG(RCC_FLAG_HSERDY) == RESET)
 8003624:	4b8e      	ldr	r3, [pc, #568]	@ (8003860 <HAL_RCC_OscConfig+0x294>)
 8003626:	681b      	ldr	r3, [r3, #0]
 8003628:	f413 3f00 	tst.w	r3, #131072	@ 0x20000
 800362c:	d114      	bne.n	8003658 <HAL_RCC_OscConfig+0x8c>
        {
          if ((HAL_GetTick() - tickstart) > HSE_TIMEOUT_VALUE)
 800362e:	f7fe fb0b 	bl	8001c48 <HAL_GetTick>
 8003632:	1b40      	subs	r0, r0, r5
 8003634:	2864      	cmp	r0, #100	@ 0x64
 8003636:	d9f5      	bls.n	8003624 <HAL_RCC_OscConfig+0x58>
          {
            return HAL_TIMEOUT;
 8003638:	2003      	movs	r0, #3
 800363a:	e1b1      	b.n	80039a0 <HAL_RCC_OscConfig+0x3d4>
        ((__HAL_RCC_GET_SYSCLK_SOURCE() == RCC_CFGR_SWS_PLL) && ((RCC->PLLCFGR & RCC_PLLCFGR_PLLSRC) == RCC_PLLCFGR_PLLSRC_HSE)))
 800363c:	4b88      	ldr	r3, [pc, #544]	@ (8003860 <HAL_RCC_OscConfig+0x294>)
 800363e:	685b      	ldr	r3, [r3, #4]
 8003640:	f413 0f80 	tst.w	r3, #4194304	@ 0x400000
 8003644:	d0d8      	beq.n	80035f8 <HAL_RCC_OscConfig+0x2c>
      if ((__HAL_RCC_GET_FLAG(RCC_FLAG_HSERDY) != RESET) && (RCC_OscInitStruct->HSEState == RCC_HSE_OFF))
 8003646:	4b86      	ldr	r3, [pc, #536]	@ (8003860 <HAL_RCC_OscConfig+0x294>)
 8003648:	681b      	ldr	r3, [r3, #0]
 800364a:	f413 3f00 	tst.w	r3, #131072	@ 0x20000
 800364e:	d003      	beq.n	8003658 <HAL_RCC_OscConfig+0x8c>
 8003650:	6863      	ldr	r3, [r4, #4]
 8003652:	2b00      	cmp	r3, #0
 8003654:	f000 819f 	beq.w	8003996 <HAL_RCC_OscConfig+0x3ca>
        }
      }
    }
  }
  /*----------------------------- HSI Configuration --------------------------*/
  if (((RCC_OscInitStruct->OscillatorType) & RCC_OSCILLATORTYPE_HSI) == RCC_OSCILLATORTYPE_HSI)
 8003658:	6823      	ldr	r3, [r4, #0]
 800365a:	f013 0f02 	tst.w	r3, #2
 800365e:	d054      	beq.n	800370a <HAL_RCC_OscConfig+0x13e>
    /* Check the parameters */
    assert_param(IS_RCC_HSI(RCC_OscInitStruct->HSIState));
    assert_param(IS_RCC_CALIBRATION_VALUE(RCC_OscInitStruct->HSICalibrationValue));

    /* Check if HSI is used as system clock or as PLL source when PLL is selected as system clock */
    if ((__HAL_RCC_GET_SYSCLK_SOURCE() == RCC_CFGR_SWS_HSI) || \
 8003660:	4b7f      	ldr	r3, [pc, #508]	@ (8003860 <HAL_RCC_OscConfig+0x294>)
 8003662:	689b      	ldr	r3, [r3, #8]
 8003664:	f013 0f0c 	tst.w	r3, #12
 8003668:	d03e      	beq.n	80036e8 <HAL_RCC_OscConfig+0x11c>
        ((__HAL_RCC_GET_SYSCLK_SOURCE() == RCC_CFGR_SWS_PLL) && ((RCC->PLLCFGR & RCC_PLLCFGR_PLLSRC) == RCC_PLLCFGR_PLLSRC_HSI)))
 800366a:	4b7d      	ldr	r3, [pc, #500]	@ (8003860 <HAL_RCC_OscConfig+0x294>)
 800366c:	689b      	ldr	r3, [r3, #8]
 800366e:	f003 030c 	and.w	r3, r3, #12
    if ((__HAL_RCC_GET_SYSCLK_SOURCE() == RCC_CFGR_SWS_HSI) || \
 8003672:	2b08      	cmp	r3, #8
 8003674:	d033      	beq.n	80036de <HAL_RCC_OscConfig+0x112>
      }
    }
    else
    {
      /* Check the HSI State */
      if ((RCC_OscInitStruct->HSIState) != RCC_HSI_OFF)
 8003676:	68e3      	ldr	r3, [r4, #12]
 8003678:	2b00      	cmp	r3, #0
 800367a:	d068      	beq.n	800374e <HAL_RCC_OscConfig+0x182>
      {
        /* Enable the Internal High Speed oscillator (HSI). */
        __HAL_RCC_HSI_ENABLE();
 800367c:	4b79      	ldr	r3, [pc, #484]	@ (8003864 <HAL_RCC_OscConfig+0x298>)
 800367e:	2201      	movs	r2, #1
 8003680:	601a      	str	r2, [r3, #0]

        /* Get Start Tick*/
        tickstart = HAL_GetTick();
 8003682:	f7fe fae1 	bl	8001c48 <HAL_GetTick>
 8003686:	4605      	mov	r5, r0

        /* Wait till HSI is ready */
        while (__HAL_RCC_GET_FLAG(RCC_FLAG_HSIRDY) == RESET)
 8003688:	4b75      	ldr	r3, [pc, #468]	@ (8003860 <HAL_RCC_OscConfig+0x294>)
 800368a:	681b      	ldr	r3, [r3, #0]
 800368c:	f013 0f02 	tst.w	r3, #2
 8003690:	d154      	bne.n	800373c <HAL_RCC_OscConfig+0x170>
        {
          if ((HAL_GetTick() - tickstart) > HSI_TIMEOUT_VALUE)
 8003692:	f7fe fad9 	bl	8001c48 <HAL_GetTick>
 8003696:	1b40      	subs	r0, r0, r5
 8003698:	2802      	cmp	r0, #2
 800369a:	d9f5      	bls.n	8003688 <HAL_RCC_OscConfig+0xbc>
          {
            return HAL_TIMEOUT;
 800369c:	2003      	movs	r0, #3
 800369e:	e17f      	b.n	80039a0 <HAL_RCC_OscConfig+0x3d4>
      __HAL_RCC_HSE_CONFIG(RCC_OscInitStruct->HSEState);
 80036a0:	4a6f      	ldr	r2, [pc, #444]	@ (8003860 <HAL_RCC_OscConfig+0x294>)
 80036a2:	6813      	ldr	r3, [r2, #0]
 80036a4:	f443 3380 	orr.w	r3, r3, #65536	@ 0x10000
 80036a8:	6013      	str	r3, [r2, #0]
 80036aa:	e7b5      	b.n	8003618 <HAL_RCC_OscConfig+0x4c>
 80036ac:	4b6c      	ldr	r3, [pc, #432]	@ (8003860 <HAL_RCC_OscConfig+0x294>)
 80036ae:	681a      	ldr	r2, [r3, #0]
 80036b0:	f442 2280 	orr.w	r2, r2, #262144	@ 0x40000
 80036b4:	601a      	str	r2, [r3, #0]
 80036b6:	681a      	ldr	r2, [r3, #0]
 80036b8:	f442 3280 	orr.w	r2, r2, #65536	@ 0x10000
 80036bc:	601a      	str	r2, [r3, #0]
 80036be:	e7ab      	b.n	8003618 <HAL_RCC_OscConfig+0x4c>
        tickstart = HAL_GetTick();
 80036c0:	f7fe fac2 	bl	8001c48 <HAL_GetTick>
 80036c4:	4605      	mov	r5, r0
        while (__HAL_RCC_GET_FLAG(RCC_FLAG_HSERDY) != RESET)
 80036c6:	4b66      	ldr	r3, [pc, #408]	@ (8003860 <HAL_RCC_OscConfig+0x294>)
 80036c8:	681b      	ldr	r3, [r3, #0]
 80036ca:	f413 3f00 	tst.w	r3, #131072	@ 0x20000
 80036ce:	d0c3      	beq.n	8003658 <HAL_RCC_OscConfig+0x8c>
          if ((HAL_GetTick() - tickstart) > HSE_TIMEOUT_VALUE)
 80036d0:	f7fe faba 	bl	8001c48 <HAL_GetTick>
 80036d4:	1b40      	subs	r0, r0, r5
 80036d6:	2864      	cmp	r0, #100	@ 0x64
 80036d8:	d9f5      	bls.n	80036c6 <HAL_RCC_OscConfig+0xfa>
            return HAL_TIMEOUT;
 80036da:	2003      	movs	r0, #3
 80036dc:	e160      	b.n	80039a0 <HAL_RCC_OscConfig+0x3d4>
        ((__HAL_RCC_GET_SYSCLK_SOURCE() == RCC_CFGR_SWS_PLL) && ((RCC->PLLCFGR & RCC_PLLCFGR_PLLSRC) == RCC_PLLCFGR_PLLSRC_HSI)))
 80036de:	4b60      	ldr	r3, [pc, #384]	@ (8003860 <HAL_RCC_OscConfig+0x294>)
 80036e0:	685b      	ldr	r3, [r3, #4]
 80036e2:	f413 0f80 	tst.w	r3, #4194304	@ 0x400000
 80036e6:	d1c6      	bne.n	8003676 <HAL_RCC_OscConfig+0xaa>
      if ((__HAL_RCC_GET_FLAG(RCC_FLAG_HSIRDY) != RESET) && (RCC_OscInitStruct->HSIState != RCC_HSI_ON))
 80036e8:	4b5d      	ldr	r3, [pc, #372]	@ (8003860 <HAL_RCC_OscConfig+0x294>)
 80036ea:	681b      	ldr	r3, [r3, #0]
 80036ec:	f013 0f02 	tst.w	r3, #2
 80036f0:	d003      	beq.n	80036fa <HAL_RCC_OscConfig+0x12e>
 80036f2:	68e3      	ldr	r3, [r4, #12]
 80036f4:	2b01      	cmp	r3, #1
 80036f6:	f040 8150 	bne.w	800399a <HAL_RCC_OscConfig+0x3ce>
        __HAL_RCC_HSI_CALIBRATIONVALUE_ADJUST(RCC_OscInitStruct->HSICalibrationValue);
 80036fa:	4a59      	ldr	r2, [pc, #356]	@ (8003860 <HAL_RCC_OscConfig+0x294>)
 80036fc:	6813      	ldr	r3, [r2, #0]
 80036fe:	f023 03f8 	bic.w	r3, r3, #248	@ 0xf8
 8003702:	6921      	ldr	r1, [r4, #16]
 8003704:	ea43 03c1 	orr.w	r3, r3, r1, lsl #3
 8003708:	6013      	str	r3, [r2, #0]
        }
      }
    }
  }
  /*------------------------------ LSI Configuration -------------------------*/
  if (((RCC_OscInitStruct->OscillatorType) & RCC_OSCILLATORTYPE_LSI) == RCC_OSCILLATORTYPE_LSI)
 800370a:	6823      	ldr	r3, [r4, #0]
 800370c:	f013 0f08 	tst.w	r3, #8
 8003710:	d042      	beq.n	8003798 <HAL_RCC_OscConfig+0x1cc>
  {
    /* Check the parameters */
    assert_param(IS_RCC_LSI(RCC_OscInitStruct->LSIState));

    /* Check the LSI State */
    if ((RCC_OscInitStruct->LSIState) != RCC_LSI_OFF)
 8003712:	6963      	ldr	r3, [r4, #20]
 8003714:	b36b      	cbz	r3, 8003772 <HAL_RCC_OscConfig+0x1a6>
    {
      /* Enable the Internal Low Speed oscillator (LSI). */
      __HAL_RCC_LSI_ENABLE();
 8003716:	4b53      	ldr	r3, [pc, #332]	@ (8003864 <HAL_RCC_OscConfig+0x298>)
 8003718:	2201      	movs	r2, #1
 800371a:	f8c3 2e80 	str.w	r2, [r3, #3712]	@ 0xe80

      /* Get Start Tick*/
      tickstart = HAL_GetTick();
 800371e:	f7fe fa93 	bl	8001c48 <HAL_GetTick>
 8003722:	4605      	mov	r5, r0

      /* Wait till LSI is ready */
      while (__HAL_RCC_GET_FLAG(RCC_FLAG_LSIRDY) == RESET)
 8003724:	4b4e      	ldr	r3, [pc, #312]	@ (8003860 <HAL_RCC_OscConfig+0x294>)
 8003726:	6f5b      	ldr	r3, [r3, #116]	@ 0x74
 8003728:	f013 0f02 	tst.w	r3, #2
 800372c:	d134      	bne.n	8003798 <HAL_RCC_OscConfig+0x1cc>
      {
        if ((HAL_GetTick() - tickstart) > LSI_TIMEOUT_VALUE)
 800372e:	f7fe fa8b 	bl	8001c48 <HAL_GetTick>
 8003732:	1b40      	subs	r0, r0, r5
 8003734:	2802      	cmp	r0, #2
 8003736:	d9f5      	bls.n	8003724 <HAL_RCC_OscConfig+0x158>
        {
          return HAL_TIMEOUT;
 8003738:	2003      	movs	r0, #3
 800373a:	e131      	b.n	80039a0 <HAL_RCC_OscConfig+0x3d4>
        __HAL_RCC_HSI_CALIBRATIONVALUE_ADJUST(RCC_OscInitStruct->HSICalibrationValue);
 800373c:	4a48      	ldr	r2, [pc, #288]	@ (8003860 <HAL_RCC_OscConfig+0x294>)
 800373e:	6813      	ldr	r3, [r2, #0]
 8003740:	f023 03f8 	bic.w	r3, r3, #248	@ 0xf8
 8003744:	6921      	ldr	r1, [r4, #16]
 8003746:	ea43 03c1 	orr.w	r3, r3, r1, lsl #3
 800374a:	6013      	str	r3, [r2, #0]
 800374c:	e7dd      	b.n	800370a <HAL_RCC_OscConfig+0x13e>
        __HAL_RCC_HSI_DISABLE();
 800374e:	4b45      	ldr	r3, [pc, #276]	@ (8003864 <HAL_RCC_OscConfig+0x298>)
 8003750:	2200      	movs	r2, #0
 8003752:	601a      	str	r2, [r3, #0]
        tickstart = HAL_GetTick();
 8003754:	f7fe fa78 	bl	8001c48 <HAL_GetTick>
 8003758:	4605      	mov	r5, r0
        while (__HAL_RCC_GET_FLAG(RCC_FLAG_HSIRDY) != RESET)
 800375a:	4b41      	ldr	r3, [pc, #260]	@ (8003860 <HAL_RCC_OscConfig+0x294>)
 800375c:	681b      	ldr	r3, [r3, #0]
 800375e:	f013 0f02 	tst.w	r3, #2
 8003762:	d0d2      	beq.n	800370a <HAL_RCC_OscConfig+0x13e>
          if ((HAL_GetTick() - tickstart) > HSI_TIMEOUT_VALUE)
 8003764:	f7fe fa70 	bl	8001c48 <HAL_GetTick>
 8003768:	1b40      	subs	r0, r0, r5
 800376a:	2802      	cmp	r0, #2
 800376c:	d9f5      	bls.n	800375a <HAL_RCC_OscConfig+0x18e>
            return HAL_TIMEOUT;
 800376e:	2003      	movs	r0, #3
 8003770:	e116      	b.n	80039a0 <HAL_RCC_OscConfig+0x3d4>
      }
    }
    else
    {
      /* Disable the Internal Low Speed oscillator (LSI). */
      __HAL_RCC_LSI_DISABLE();
 8003772:	4b3c      	ldr	r3, [pc, #240]	@ (8003864 <HAL_RCC_OscConfig+0x298>)
 8003774:	2200      	movs	r2, #0
 8003776:	f8c3 2e80 	str.w	r2, [r3, #3712]	@ 0xe80

      /* Get Start Tick */
      tickstart = HAL_GetTick();
 800377a:	f7fe fa65 	bl	8001c48 <HAL_GetTick>
 800377e:	4605      	mov	r5, r0

      /* Wait till LSI is ready */
      while (__HAL_RCC_GET_FLAG(RCC_FLAG_LSIRDY) != RESET)
 8003780:	4b37      	ldr	r3, [pc, #220]	@ (8003860 <HAL_RCC_OscConfig+0x294>)
 8003782:	6f5b      	ldr	r3, [r3, #116]	@ 0x74
 8003784:	f013 0f02 	tst.w	r3, #2
 8003788:	d006      	beq.n	8003798 <HAL_RCC_OscConfig+0x1cc>
      {
        if ((HAL_GetTick() - tickstart) > LSI_TIMEOUT_VALUE)
 800378a:	f7fe fa5d 	bl	8001c48 <HAL_GetTick>
 800378e:	1b40      	subs	r0, r0, r5
 8003790:	2802      	cmp	r0, #2
 8003792:	d9f5      	bls.n	8003780 <HAL_RCC_OscConfig+0x1b4>
        {
          return HAL_TIMEOUT;
 8003794:	2003      	movs	r0, #3
 8003796:	e103      	b.n	80039a0 <HAL_RCC_OscConfig+0x3d4>
        }
      }
    }
  }
  /*------------------------------ LSE Configuration -------------------------*/
  if (((RCC_OscInitStruct->OscillatorType) & RCC_OSCILLATORTYPE_LSE) == RCC_OSCILLATORTYPE_LSE)
 8003798:	6823      	ldr	r3, [r4, #0]
 800379a:	f013 0f04 	tst.w	r3, #4
 800379e:	d077      	beq.n	8003890 <HAL_RCC_OscConfig+0x2c4>
    /* Check the parameters */
    assert_param(IS_RCC_LSE(RCC_OscInitStruct->LSEState));

    /* Update LSE configuration in Backup Domain control register    */
    /* Requires to enable write access to Backup Domain of necessary */
    if (__HAL_RCC_PWR_IS_CLK_DISABLED())
 80037a0:	4b2f      	ldr	r3, [pc, #188]	@ (8003860 <HAL_RCC_OscConfig+0x294>)
 80037a2:	6c1b      	ldr	r3, [r3, #64]	@ 0x40
 80037a4:	f013 5f80 	tst.w	r3, #268435456	@ 0x10000000
 80037a8:	d133      	bne.n	8003812 <HAL_RCC_OscConfig+0x246>
    {
      __HAL_RCC_PWR_CLK_ENABLE();
 80037aa:	2300      	movs	r3, #0
 80037ac:	9301      	str	r3, [sp, #4]
 80037ae:	4b2c      	ldr	r3, [pc, #176]	@ (8003860 <HAL_RCC_OscConfig+0x294>)
 80037b0:	6c1a      	ldr	r2, [r3, #64]	@ 0x40
 80037b2:	f042 5280 	orr.w	r2, r2, #268435456	@ 0x10000000
 80037b6:	641a      	str	r2, [r3, #64]	@ 0x40
 80037b8:	6c1b      	ldr	r3, [r3, #64]	@ 0x40
 80037ba:	f003 5380 	and.w	r3, r3, #268435456	@ 0x10000000
 80037be:	9301      	str	r3, [sp, #4]
 80037c0:	9b01      	ldr	r3, [sp, #4]
      pwrclkchanged = SET;
 80037c2:	2501      	movs	r5, #1
    }

    if (HAL_IS_BIT_CLR(PWR->CR, PWR_CR_DBP))
 80037c4:	4b28      	ldr	r3, [pc, #160]	@ (8003868 <HAL_RCC_OscConfig+0x29c>)
 80037c6:	681b      	ldr	r3, [r3, #0]
 80037c8:	f413 7f80 	tst.w	r3, #256	@ 0x100
 80037cc:	d023      	beq.n	8003816 <HAL_RCC_OscConfig+0x24a>
        }
      }
    }

    /* Set the new LSE configuration -----------------------------------------*/
    __HAL_RCC_LSE_CONFIG(RCC_OscInitStruct->LSEState);
 80037ce:	68a3      	ldr	r3, [r4, #8]
 80037d0:	2b01      	cmp	r3, #1
 80037d2:	d034      	beq.n	800383e <HAL_RCC_OscConfig+0x272>
 80037d4:	2b05      	cmp	r3, #5
 80037d6:	d038      	beq.n	800384a <HAL_RCC_OscConfig+0x27e>
 80037d8:	4b21      	ldr	r3, [pc, #132]	@ (8003860 <HAL_RCC_OscConfig+0x294>)
 80037da:	6f1a      	ldr	r2, [r3, #112]	@ 0x70
 80037dc:	f022 0201 	bic.w	r2, r2, #1
 80037e0:	671a      	str	r2, [r3, #112]	@ 0x70
 80037e2:	6f1a      	ldr	r2, [r3, #112]	@ 0x70
 80037e4:	f022 0204 	bic.w	r2, r2, #4
 80037e8:	671a      	str	r2, [r3, #112]	@ 0x70
    /* Check the LSE State */
    if ((RCC_OscInitStruct->LSEState) != RCC_LSE_OFF)
 80037ea:	68a3      	ldr	r3, [r4, #8]
 80037ec:	2b00      	cmp	r3, #0
 80037ee:	d03d      	beq.n	800386c <HAL_RCC_OscConfig+0x2a0>
    {
      /* Get Start Tick*/
      tickstart = HAL_GetTick();
 80037f0:	f7fe fa2a 	bl	8001c48 <HAL_GetTick>
 80037f4:	4606      	mov	r6, r0

      /* Wait till LSE is ready */
      while (__HAL_RCC_GET_FLAG(RCC_FLAG_LSERDY) == RESET)
 80037f6:	4b1a      	ldr	r3, [pc, #104]	@ (8003860 <HAL_RCC_OscConfig+0x294>)
 80037f8:	6f1b      	ldr	r3, [r3, #112]	@ 0x70
 80037fa:	f013 0f02 	tst.w	r3, #2
 80037fe:	d146      	bne.n	800388e <HAL_RCC_OscConfig+0x2c2>
      {
        if ((HAL_GetTick() - tickstart) > RCC_LSE_TIMEOUT_VALUE)
 8003800:	f7fe fa22 	bl	8001c48 <HAL_GetTick>
 8003804:	1b80      	subs	r0, r0, r6
 8003806:	f241 3388 	movw	r3, #5000	@ 0x1388
 800380a:	4298      	cmp	r0, r3
 800380c:	d9f3      	bls.n	80037f6 <HAL_RCC_OscConfig+0x22a>
        {
          return HAL_TIMEOUT;
 800380e:	2003      	movs	r0, #3
 8003810:	e0c6      	b.n	80039a0 <HAL_RCC_OscConfig+0x3d4>
    FlagStatus       pwrclkchanged = RESET;
 8003812:	2500      	movs	r5, #0
 8003814:	e7d6      	b.n	80037c4 <HAL_RCC_OscConfig+0x1f8>
      SET_BIT(PWR->CR, PWR_CR_DBP);
 8003816:	4a14      	ldr	r2, [pc, #80]	@ (8003868 <HAL_RCC_OscConfig+0x29c>)
 8003818:	6813      	ldr	r3, [r2, #0]
 800381a:	f443 7380 	orr.w	r3, r3, #256	@ 0x100
 800381e:	6013      	str	r3, [r2, #0]
      tickstart = HAL_GetTick();
 8003820:	f7fe fa12 	bl	8001c48 <HAL_GetTick>
 8003824:	4606      	mov	r6, r0
      while (HAL_IS_BIT_CLR(PWR->CR, PWR_CR_DBP))
 8003826:	4b10      	ldr	r3, [pc, #64]	@ (8003868 <HAL_RCC_OscConfig+0x29c>)
 8003828:	681b      	ldr	r3, [r3, #0]
 800382a:	f413 7f80 	tst.w	r3, #256	@ 0x100
 800382e:	d1ce      	bne.n	80037ce <HAL_RCC_OscConfig+0x202>
        if ((HAL_GetTick() - tickstart) > RCC_DBP_TIMEOUT_VALUE)
 8003830:	f7fe fa0a 	bl	8001c48 <HAL_GetTick>
 8003834:	1b80      	subs	r0, r0, r6
 8003836:	2802      	cmp	r0, #2
 8003838:	d9f5      	bls.n	8003826 <HAL_RCC_OscConfig+0x25a>
          return HAL_TIMEOUT;
 800383a:	2003      	movs	r0, #3
 800383c:	e0b0      	b.n	80039a0 <HAL_RCC_OscConfig+0x3d4>
    __HAL_RCC_LSE_CONFIG(RCC_OscInitStruct->LSEState);
 800383e:	4a08      	ldr	r2, [pc, #32]	@ (8003860 <HAL_RCC_OscConfig+0x294>)
 8003840:	6f13      	ldr	r3, [r2, #112]	@ 0x70
 8003842:	f043 0301 	orr.w	r3, r3, #1
 8003846:	6713      	str	r3, [r2, #112]	@ 0x70
 8003848:	e7cf      	b.n	80037ea <HAL_RCC_OscConfig+0x21e>
 800384a:	4b05      	ldr	r3, [pc, #20]	@ (8003860 <HAL_RCC_OscConfig+0x294>)
 800384c:	6f1a      	ldr	r2, [r3, #112]	@ 0x70
 800384e:	f042 0204 	orr.w	r2, r2, #4
 8003852:	671a      	str	r2, [r3, #112]	@ 0x70
 8003854:	6f1a      	ldr	r2, [r3, #112]	@ 0x70
 8003856:	f042 0201 	orr.w	r2, r2, #1
 800385a:	671a      	str	r2, [r3, #112]	@ 0x70
 800385c:	e7c5      	b.n	80037ea <HAL_RCC_OscConfig+0x21e>
 800385e:	bf00      	nop
 8003860:	40023800 	.word	0x40023800
 8003864:	42470000 	.word	0x42470000
 8003868:	40007000 	.word	0x40007000
      }
    }
    else
    {
      /* Get Start Tick */
      tickstart = HAL_GetTick();
 800386c:	f7fe f9ec 	bl	8001c48 <HAL_GetTick>
 8003870:	4606      	mov	r6, r0

      /* Wait till LSE is ready */
      while (__HAL_RCC_GET_FLAG(RCC_FLAG_LSERDY) != RESET)
 8003872:	4b52      	ldr	r3, [pc, #328]	@ (80039bc <HAL_RCC_OscConfig+0x3f0>)
 8003874:	6f1b      	ldr	r3, [r3, #112]	@ 0x70
 8003876:	f013 0f02 	tst.w	r3, #2
 800387a:	d008      	beq.n	800388e <HAL_RCC_OscConfig+0x2c2>
      {
        if ((HAL_GetTick() - tickstart) > RCC_LSE_TIMEOUT_VALUE)
 800387c:	f7fe f9e4 	bl	8001c48 <HAL_GetTick>
 8003880:	1b80      	subs	r0, r0, r6
 8003882:	f241 3388 	movw	r3, #5000	@ 0x1388
 8003886:	4298      	cmp	r0, r3
 8003888:	d9f3      	bls.n	8003872 <HAL_RCC_OscConfig+0x2a6>
        {
          return HAL_TIMEOUT;
 800388a:	2003      	movs	r0, #3
 800388c:	e088      	b.n	80039a0 <HAL_RCC_OscConfig+0x3d4>
        }
      }
    }

    /* Restore clock configuration if changed */
    if (pwrclkchanged == SET)
 800388e:	b9ed      	cbnz	r5, 80038cc <HAL_RCC_OscConfig+0x300>
    }
  }
  /*-------------------------------- PLL Configuration -----------------------*/
  /* Check the parameters */
  assert_param(IS_RCC_PLL(RCC_OscInitStruct->PLL.PLLState));
  if ((RCC_OscInitStruct->PLL.PLLState) != RCC_PLL_NONE)
 8003890:	69a3      	ldr	r3, [r4, #24]
 8003892:	2b00      	cmp	r3, #0
 8003894:	f000 8083 	beq.w	800399e <HAL_RCC_OscConfig+0x3d2>
  {
    /* Check if the PLL is used as system clock or not */
    if (__HAL_RCC_GET_SYSCLK_SOURCE() != RCC_CFGR_SWS_PLL)
 8003898:	4a48      	ldr	r2, [pc, #288]	@ (80039bc <HAL_RCC_OscConfig+0x3f0>)
 800389a:	6892      	ldr	r2, [r2, #8]
 800389c:	f002 020c 	and.w	r2, r2, #12
 80038a0:	2a08      	cmp	r2, #8
 80038a2:	d051      	beq.n	8003948 <HAL_RCC_OscConfig+0x37c>
    {
      if ((RCC_OscInitStruct->PLL.PLLState) == RCC_PLL_ON)
 80038a4:	2b02      	cmp	r3, #2
 80038a6:	d017      	beq.n	80038d8 <HAL_RCC_OscConfig+0x30c>
        }
      }
      else
      {
        /* Disable the main PLL. */
        __HAL_RCC_PLL_DISABLE();
 80038a8:	4b45      	ldr	r3, [pc, #276]	@ (80039c0 <HAL_RCC_OscConfig+0x3f4>)
 80038aa:	2200      	movs	r2, #0
 80038ac:	661a      	str	r2, [r3, #96]	@ 0x60

        /* Get Start Tick */
        tickstart = HAL_GetTick();
 80038ae:	f7fe f9cb 	bl	8001c48 <HAL_GetTick>
 80038b2:	4604      	mov	r4, r0

        /* Wait till PLL is disabled */
        while (__HAL_RCC_GET_FLAG(RCC_FLAG_PLLRDY) != RESET)
 80038b4:	4b41      	ldr	r3, [pc, #260]	@ (80039bc <HAL_RCC_OscConfig+0x3f0>)
 80038b6:	681b      	ldr	r3, [r3, #0]
 80038b8:	f013 7f00 	tst.w	r3, #33554432	@ 0x2000000
 80038bc:	d042      	beq.n	8003944 <HAL_RCC_OscConfig+0x378>
        {
          if ((HAL_GetTick() - tickstart) > PLL_TIMEOUT_VALUE)
 80038be:	f7fe f9c3 	bl	8001c48 <HAL_GetTick>
 80038c2:	1b00      	subs	r0, r0, r4
 80038c4:	2802      	cmp	r0, #2
 80038c6:	d9f5      	bls.n	80038b4 <HAL_RCC_OscConfig+0x2e8>
          {
            return HAL_TIMEOUT;
 80038c8:	2003      	movs	r0, #3
 80038ca:	e069      	b.n	80039a0 <HAL_RCC_OscConfig+0x3d4>
      __HAL_RCC_PWR_CLK_DISABLE();
 80038cc:	4a3b      	ldr	r2, [pc, #236]	@ (80039bc <HAL_RCC_OscConfig+0x3f0>)
 80038ce:	6c13      	ldr	r3, [r2, #64]	@ 0x40
 80038d0:	f023 5380 	bic.w	r3, r3, #268435456	@ 0x10000000
 80038d4:	6413      	str	r3, [r2, #64]	@ 0x40
 80038d6:	e7db      	b.n	8003890 <HAL_RCC_OscConfig+0x2c4>
        __HAL_RCC_PLL_DISABLE();
 80038d8:	4b39      	ldr	r3, [pc, #228]	@ (80039c0 <HAL_RCC_OscConfig+0x3f4>)
 80038da:	2200      	movs	r2, #0
 80038dc:	661a      	str	r2, [r3, #96]	@ 0x60
        tickstart = HAL_GetTick();
 80038de:	f7fe f9b3 	bl	8001c48 <HAL_GetTick>
 80038e2:	4605      	mov	r5, r0
        while (__HAL_RCC_GET_FLAG(RCC_FLAG_PLLRDY) != RESET)
 80038e4:	4b35      	ldr	r3, [pc, #212]	@ (80039bc <HAL_RCC_OscConfig+0x3f0>)
 80038e6:	681b      	ldr	r3, [r3, #0]
 80038e8:	f013 7f00 	tst.w	r3, #33554432	@ 0x2000000
 80038ec:	d006      	beq.n	80038fc <HAL_RCC_OscConfig+0x330>
          if ((HAL_GetTick() - tickstart) > PLL_TIMEOUT_VALUE)
 80038ee:	f7fe f9ab 	bl	8001c48 <HAL_GetTick>
 80038f2:	1b40      	subs	r0, r0, r5
 80038f4:	2802      	cmp	r0, #2
 80038f6:	d9f5      	bls.n	80038e4 <HAL_RCC_OscConfig+0x318>
            return HAL_TIMEOUT;
 80038f8:	2003      	movs	r0, #3
 80038fa:	e051      	b.n	80039a0 <HAL_RCC_OscConfig+0x3d4>
        WRITE_REG(RCC->PLLCFGR, (RCC_OscInitStruct->PLL.PLLSource                                            | \
 80038fc:	69e3      	ldr	r3, [r4, #28]
 80038fe:	6a22      	ldr	r2, [r4, #32]
 8003900:	4313      	orrs	r3, r2
 8003902:	6a62      	ldr	r2, [r4, #36]	@ 0x24
 8003904:	ea43 1382 	orr.w	r3, r3, r2, lsl #6
 8003908:	6aa2      	ldr	r2, [r4, #40]	@ 0x28
 800390a:	0852      	lsrs	r2, r2, #1
 800390c:	3a01      	subs	r2, #1
 800390e:	ea43 4302 	orr.w	r3, r3, r2, lsl #16
 8003912:	6ae2      	ldr	r2, [r4, #44]	@ 0x2c
 8003914:	ea43 6302 	orr.w	r3, r3, r2, lsl #24
 8003918:	4a28      	ldr	r2, [pc, #160]	@ (80039bc <HAL_RCC_OscConfig+0x3f0>)
 800391a:	6053      	str	r3, [r2, #4]
        __HAL_RCC_PLL_ENABLE();
 800391c:	4b28      	ldr	r3, [pc, #160]	@ (80039c0 <HAL_RCC_OscConfig+0x3f4>)
 800391e:	2201      	movs	r2, #1
 8003920:	661a      	str	r2, [r3, #96]	@ 0x60
        tickstart = HAL_GetTick();
 8003922:	f7fe f991 	bl	8001c48 <HAL_GetTick>
 8003926:	4604      	mov	r4, r0
        while (__HAL_RCC_GET_FLAG(RCC_FLAG_PLLRDY) == RESET)
 8003928:	4b24      	ldr	r3, [pc, #144]	@ (80039bc <HAL_RCC_OscConfig+0x3f0>)
 800392a:	681b      	ldr	r3, [r3, #0]
 800392c:	f013 7f00 	tst.w	r3, #33554432	@ 0x2000000
 8003930:	d106      	bne.n	8003940 <HAL_RCC_OscConfig+0x374>
          if ((HAL_GetTick() - tickstart) > PLL_TIMEOUT_VALUE)
 8003932:	f7fe f989 	bl	8001c48 <HAL_GetTick>
 8003936:	1b00      	subs	r0, r0, r4
 8003938:	2802      	cmp	r0, #2
 800393a:	d9f5      	bls.n	8003928 <HAL_RCC_OscConfig+0x35c>
            return HAL_TIMEOUT;
 800393c:	2003      	movs	r0, #3
 800393e:	e02f      	b.n	80039a0 <HAL_RCC_OscConfig+0x3d4>
          return HAL_ERROR;
        }
      }
    }
  }
  return HAL_OK;
 8003940:	2000      	movs	r0, #0
 8003942:	e02d      	b.n	80039a0 <HAL_RCC_OscConfig+0x3d4>
 8003944:	2000      	movs	r0, #0
 8003946:	e02b      	b.n	80039a0 <HAL_RCC_OscConfig+0x3d4>
      if ((RCC_OscInitStruct->PLL.PLLState) == RCC_PLL_OFF)
 8003948:	2b01      	cmp	r3, #1
 800394a:	d02b      	beq.n	80039a4 <HAL_RCC_OscConfig+0x3d8>
        pll_config = RCC->PLLCFGR;
 800394c:	4b1b      	ldr	r3, [pc, #108]	@ (80039bc <HAL_RCC_OscConfig+0x3f0>)
 800394e:	685b      	ldr	r3, [r3, #4]
            (READ_BIT(pll_config, RCC_PLLCFGR_PLLSRC) != RCC_OscInitStruct->PLL.PLLSource) ||
 8003950:	f403 0180 	and.w	r1, r3, #4194304	@ 0x400000
 8003954:	69e2      	ldr	r2, [r4, #28]
        if (((RCC_OscInitStruct->PLL.PLLState) == RCC_PLL_OFF) ||
 8003956:	4291      	cmp	r1, r2
 8003958:	d126      	bne.n	80039a8 <HAL_RCC_OscConfig+0x3dc>
            (READ_BIT(pll_config, RCC_PLLCFGR_PLLM) != (RCC_OscInitStruct->PLL.PLLM) << RCC_PLLCFGR_PLLM_Pos) ||
 800395a:	f003 023f 	and.w	r2, r3, #63	@ 0x3f
 800395e:	6a21      	ldr	r1, [r4, #32]
            (READ_BIT(pll_config, RCC_PLLCFGR_PLLSRC) != RCC_OscInitStruct->PLL.PLLSource) ||
 8003960:	428a      	cmp	r2, r1
 8003962:	d123      	bne.n	80039ac <HAL_RCC_OscConfig+0x3e0>
            (READ_BIT(pll_config, RCC_PLLCFGR_PLLN) != (RCC_OscInitStruct->PLL.PLLN) << RCC_PLLCFGR_PLLN_Pos) ||
 8003964:	6a61      	ldr	r1, [r4, #36]	@ 0x24
            (READ_BIT(pll_config, RCC_PLLCFGR_PLLM) != (RCC_OscInitStruct->PLL.PLLM) << RCC_PLLCFGR_PLLM_Pos) ||
 8003966:	f647 72c0 	movw	r2, #32704	@ 0x7fc0
 800396a:	401a      	ands	r2, r3
 800396c:	ebb2 1f81 	cmp.w	r2, r1, lsl #6
 8003970:	d11e      	bne.n	80039b0 <HAL_RCC_OscConfig+0x3e4>
            (READ_BIT(pll_config, RCC_PLLCFGR_PLLP) != (((RCC_OscInitStruct->PLL.PLLP >> 1U) - 1U)) << RCC_PLLCFGR_PLLP_Pos) ||
 8003972:	f403 3140 	and.w	r1, r3, #196608	@ 0x30000
 8003976:	6aa2      	ldr	r2, [r4, #40]	@ 0x28
 8003978:	0852      	lsrs	r2, r2, #1
 800397a:	3a01      	subs	r2, #1
            (READ_BIT(pll_config, RCC_PLLCFGR_PLLN) != (RCC_OscInitStruct->PLL.PLLN) << RCC_PLLCFGR_PLLN_Pos) ||
 800397c:	ebb1 4f02 	cmp.w	r1, r2, lsl #16
 8003980:	d118      	bne.n	80039b4 <HAL_RCC_OscConfig+0x3e8>
            (READ_BIT(pll_config, RCC_PLLCFGR_PLLQ) != (RCC_OscInitStruct->PLL.PLLQ << RCC_PLLCFGR_PLLQ_Pos)))
 8003982:	f003 6370 	and.w	r3, r3, #251658240	@ 0xf000000
 8003986:	6ae2      	ldr	r2, [r4, #44]	@ 0x2c
            (READ_BIT(pll_config, RCC_PLLCFGR_PLLP) != (((RCC_OscInitStruct->PLL.PLLP >> 1U) - 1U)) << RCC_PLLCFGR_PLLP_Pos) ||
 8003988:	ebb3 6f02 	cmp.w	r3, r2, lsl #24
 800398c:	d114      	bne.n	80039b8 <HAL_RCC_OscConfig+0x3ec>
  return HAL_OK;
 800398e:	2000      	movs	r0, #0
 8003990:	e006      	b.n	80039a0 <HAL_RCC_OscConfig+0x3d4>
    return HAL_ERROR;
 8003992:	2001      	movs	r0, #1
}
 8003994:	4770      	bx	lr
        return HAL_ERROR;
 8003996:	2001      	movs	r0, #1
 8003998:	e002      	b.n	80039a0 <HAL_RCC_OscConfig+0x3d4>
        return HAL_ERROR;
 800399a:	2001      	movs	r0, #1
 800399c:	e000      	b.n	80039a0 <HAL_RCC_OscConfig+0x3d4>
  return HAL_OK;
 800399e:	2000      	movs	r0, #0
}
 80039a0:	b002      	add	sp, #8
 80039a2:	bd70      	pop	{r4, r5, r6, pc}
        return HAL_ERROR;
 80039a4:	2001      	movs	r0, #1
 80039a6:	e7fb      	b.n	80039a0 <HAL_RCC_OscConfig+0x3d4>
          return HAL_ERROR;
 80039a8:	2001      	movs	r0, #1
 80039aa:	e7f9      	b.n	80039a0 <HAL_RCC_OscConfig+0x3d4>
 80039ac:	2001      	movs	r0, #1
 80039ae:	e7f7      	b.n	80039a0 <HAL_RCC_OscConfig+0x3d4>
 80039b0:	2001      	movs	r0, #1
 80039b2:	e7f5      	b.n	80039a0 <HAL_RCC_OscConfig+0x3d4>
 80039b4:	2001      	movs	r0, #1
 80039b6:	e7f3      	b.n	80039a0 <HAL_RCC_OscConfig+0x3d4>
 80039b8:	2001      	movs	r0, #1
 80039ba:	e7f1      	b.n	80039a0 <HAL_RCC_OscConfig+0x3d4>
 80039bc:	40023800 	.word	0x40023800
 80039c0:	42470000 	.word	0x42470000

080039c4 <HAL_RCC_GetSysClockFreq>:
  *
  *
  * @retval SYSCLK frequency
  */
__weak uint32_t HAL_RCC_GetSysClockFreq(void)
{
 80039c4:	b508      	push	{r3, lr}
  uint32_t pllvco = 0U;
  uint32_t pllp = 0U;
  uint32_t sysclockfreq = 0U;

  /* Get SYSCLK source -------------------------------------------------------*/
  switch (RCC->CFGR & RCC_CFGR_SWS)
 80039c6:	4b26      	ldr	r3, [pc, #152]	@ (8003a60 <HAL_RCC_GetSysClockFreq+0x9c>)
 80039c8:	689b      	ldr	r3, [r3, #8]
 80039ca:	f003 030c 	and.w	r3, r3, #12
 80039ce:	2b04      	cmp	r3, #4
 80039d0:	d041      	beq.n	8003a56 <HAL_RCC_GetSysClockFreq+0x92>
 80039d2:	2b08      	cmp	r3, #8
 80039d4:	d141      	bne.n	8003a5a <HAL_RCC_GetSysClockFreq+0x96>
    }
    case RCC_CFGR_SWS_PLL:  /* PLL used as system clock  source */
    {
      /* PLL_VCO = (HSE_VALUE or HSI_VALUE / PLLM) * PLLN
      SYSCLK = PLL_VCO / PLLP */
      pllm = RCC->PLLCFGR & RCC_PLLCFGR_PLLM;
 80039d6:	4b22      	ldr	r3, [pc, #136]	@ (8003a60 <HAL_RCC_GetSysClockFreq+0x9c>)
 80039d8:	685a      	ldr	r2, [r3, #4]
 80039da:	f002 023f 	and.w	r2, r2, #63	@ 0x3f
      if (__HAL_RCC_GET_PLL_OSCSOURCE() != RCC_PLLSOURCE_HSI)
 80039de:	685b      	ldr	r3, [r3, #4]
 80039e0:	f413 0f80 	tst.w	r3, #4194304	@ 0x400000
 80039e4:	d012      	beq.n	8003a0c <HAL_RCC_GetSysClockFreq+0x48>
      {
        /* HSE used as PLL clock source */
        pllvco = (uint32_t)((((uint64_t) HSE_VALUE * ((uint64_t)((RCC->PLLCFGR & RCC_PLLCFGR_PLLN) >> RCC_PLLCFGR_PLLN_Pos)))) / (uint64_t)pllm);
 80039e6:	4b1e      	ldr	r3, [pc, #120]	@ (8003a60 <HAL_RCC_GetSysClockFreq+0x9c>)
 80039e8:	6859      	ldr	r1, [r3, #4]
 80039ea:	f3c1 1188 	ubfx	r1, r1, #6, #9
 80039ee:	481d      	ldr	r0, [pc, #116]	@ (8003a64 <HAL_RCC_GetSysClockFreq+0xa0>)
 80039f0:	2300      	movs	r3, #0
 80039f2:	fba1 0100 	umull	r0, r1, r1, r0
 80039f6:	f7fc fc23 	bl	8000240 <__aeabi_uldivmod>
      else
      {
        /* HSI used as PLL clock source */
        pllvco = (uint32_t)((((uint64_t) HSI_VALUE * ((uint64_t)((RCC->PLLCFGR & RCC_PLLCFGR_PLLN) >> RCC_PLLCFGR_PLLN_Pos)))) / (uint64_t)pllm);
      }
      pllp = ((((RCC->PLLCFGR & RCC_PLLCFGR_PLLP) >> RCC_PLLCFGR_PLLP_Pos) + 1U) * 2U);
 80039fa:	4b19      	ldr	r3, [pc, #100]	@ (8003a60 <HAL_RCC_GetSysClockFreq+0x9c>)
 80039fc:	685b      	ldr	r3, [r3, #4]
 80039fe:	f3c3 4301 	ubfx	r3, r3, #16, #2
 8003a02:	3301      	adds	r3, #1
 8003a04:	005b      	lsls	r3, r3, #1

      sysclockfreq = pllvco / pllp;
 8003a06:	fbb0 f0f3 	udiv	r0, r0, r3
      sysclockfreq = HSI_VALUE;
      break;
    }
  }
  return sysclockfreq;
}
 8003a0a:	bd08      	pop	{r3, pc}
        pllvco = (uint32_t)((((uint64_t) HSI_VALUE * ((uint64_t)((RCC->PLLCFGR & RCC_PLLCFGR_PLLN) >> RCC_PLLCFGR_PLLN_Pos)))) / (uint64_t)pllm);
 8003a0c:	4b14      	ldr	r3, [pc, #80]	@ (8003a60 <HAL_RCC_GetSysClockFreq+0x9c>)
 8003a0e:	6858      	ldr	r0, [r3, #4]
 8003a10:	f3c0 1088 	ubfx	r0, r0, #6, #9
 8003a14:	ea4f 1c40 	mov.w	ip, r0, lsl #5
 8003a18:	ebbc 0c00 	subs.w	ip, ip, r0
 8003a1c:	eb6e 0e0e 	sbc.w	lr, lr, lr
 8003a20:	ea4f 138e 	mov.w	r3, lr, lsl #6
 8003a24:	ea43 639c 	orr.w	r3, r3, ip, lsr #26
 8003a28:	ea4f 118c 	mov.w	r1, ip, lsl #6
 8003a2c:	ebb1 010c 	subs.w	r1, r1, ip
 8003a30:	eb63 030e 	sbc.w	r3, r3, lr
 8003a34:	00db      	lsls	r3, r3, #3
 8003a36:	ea43 7351 	orr.w	r3, r3, r1, lsr #29
 8003a3a:	00c9      	lsls	r1, r1, #3
 8003a3c:	eb11 0c00 	adds.w	ip, r1, r0
 8003a40:	f143 0300 	adc.w	r3, r3, #0
 8003a44:	0299      	lsls	r1, r3, #10
 8003a46:	2300      	movs	r3, #0
 8003a48:	ea4f 208c 	mov.w	r0, ip, lsl #10
 8003a4c:	ea41 519c 	orr.w	r1, r1, ip, lsr #22
 8003a50:	f7fc fbf6 	bl	8000240 <__aeabi_uldivmod>
 8003a54:	e7d1      	b.n	80039fa <HAL_RCC_GetSysClockFreq+0x36>
      sysclockfreq = HSE_VALUE;
 8003a56:	4803      	ldr	r0, [pc, #12]	@ (8003a64 <HAL_RCC_GetSysClockFreq+0xa0>)
 8003a58:	e7d7      	b.n	8003a0a <HAL_RCC_GetSysClockFreq+0x46>
  switch (RCC->CFGR & RCC_CFGR_SWS)
 8003a5a:	4803      	ldr	r0, [pc, #12]	@ (8003a68 <HAL_RCC_GetSysClockFreq+0xa4>)
  return sysclockfreq;
 8003a5c:	e7d5      	b.n	8003a0a <HAL_RCC_GetSysClockFreq+0x46>
 8003a5e:	bf00      	nop
 8003a60:	40023800 	.word	0x40023800
 8003a64:	017d7840 	.word	0x017d7840
 8003a68:	00f42400 	.word	0x00f42400

08003a6c <HAL_RCC_ClockConfig>:
  if (RCC_ClkInitStruct == NULL)
 8003a6c:	2800      	cmp	r0, #0
 8003a6e:	f000 809b 	beq.w	8003ba8 <HAL_RCC_ClockConfig+0x13c>
{
 8003a72:	b570      	push	{r4, r5, r6, lr}
 8003a74:	460d      	mov	r5, r1
 8003a76:	4604      	mov	r4, r0
  if (FLatency > __HAL_FLASH_GET_LATENCY())
 8003a78:	4b4f      	ldr	r3, [pc, #316]	@ (8003bb8 <HAL_RCC_ClockConfig+0x14c>)
 8003a7a:	681b      	ldr	r3, [r3, #0]
 8003a7c:	f003 0307 	and.w	r3, r3, #7
 8003a80:	428b      	cmp	r3, r1
 8003a82:	d208      	bcs.n	8003a96 <HAL_RCC_ClockConfig+0x2a>
    __HAL_FLASH_SET_LATENCY(FLatency);
 8003a84:	b2cb      	uxtb	r3, r1
 8003a86:	4a4c      	ldr	r2, [pc, #304]	@ (8003bb8 <HAL_RCC_ClockConfig+0x14c>)
 8003a88:	7013      	strb	r3, [r2, #0]
    if (__HAL_FLASH_GET_LATENCY() != FLatency)
 8003a8a:	6813      	ldr	r3, [r2, #0]
 8003a8c:	f003 0307 	and.w	r3, r3, #7
 8003a90:	428b      	cmp	r3, r1
 8003a92:	f040 808b 	bne.w	8003bac <HAL_RCC_ClockConfig+0x140>
  if (((RCC_ClkInitStruct->ClockType) & RCC_CLOCKTYPE_HCLK) == RCC_CLOCKTYPE_HCLK)
 8003a96:	6823      	ldr	r3, [r4, #0]
 8003a98:	f013 0f02 	tst.w	r3, #2
 8003a9c:	d017      	beq.n	8003ace <HAL_RCC_ClockConfig+0x62>
    if (((RCC_ClkInitStruct->ClockType) & RCC_CLOCKTYPE_PCLK1) == RCC_CLOCKTYPE_PCLK1)
 8003a9e:	f013 0f04 	tst.w	r3, #4
 8003aa2:	d004      	beq.n	8003aae <HAL_RCC_ClockConfig+0x42>
      MODIFY_REG(RCC->CFGR, RCC_CFGR_PPRE1, RCC_HCLK_DIV16);
 8003aa4:	4a45      	ldr	r2, [pc, #276]	@ (8003bbc <HAL_RCC_ClockConfig+0x150>)
 8003aa6:	6893      	ldr	r3, [r2, #8]
 8003aa8:	f443 53e0 	orr.w	r3, r3, #7168	@ 0x1c00
 8003aac:	6093      	str	r3, [r2, #8]
    if (((RCC_ClkInitStruct->ClockType) & RCC_CLOCKTYPE_PCLK2) == RCC_CLOCKTYPE_PCLK2)
 8003aae:	6823      	ldr	r3, [r4, #0]
 8003ab0:	f013 0f08 	tst.w	r3, #8
 8003ab4:	d004      	beq.n	8003ac0 <HAL_RCC_ClockConfig+0x54>
      MODIFY_REG(RCC->CFGR, RCC_CFGR_PPRE2, (RCC_HCLK_DIV16 << 3));
 8003ab6:	4a41      	ldr	r2, [pc, #260]	@ (8003bbc <HAL_RCC_ClockConfig+0x150>)
 8003ab8:	6893      	ldr	r3, [r2, #8]
 8003aba:	f443 4360 	orr.w	r3, r3, #57344	@ 0xe000
 8003abe:	6093      	str	r3, [r2, #8]
    MODIFY_REG(RCC->CFGR, RCC_CFGR_HPRE, RCC_ClkInitStruct->AHBCLKDivider);
 8003ac0:	4a3e      	ldr	r2, [pc, #248]	@ (8003bbc <HAL_RCC_ClockConfig+0x150>)
 8003ac2:	6893      	ldr	r3, [r2, #8]
 8003ac4:	f023 03f0 	bic.w	r3, r3, #240	@ 0xf0
 8003ac8:	68a1      	ldr	r1, [r4, #8]
 8003aca:	430b      	orrs	r3, r1
 8003acc:	6093      	str	r3, [r2, #8]
  if (((RCC_ClkInitStruct->ClockType) & RCC_CLOCKTYPE_SYSCLK) == RCC_CLOCKTYPE_SYSCLK)
 8003ace:	6823      	ldr	r3, [r4, #0]
 8003ad0:	f013 0f01 	tst.w	r3, #1
 8003ad4:	d032      	beq.n	8003b3c <HAL_RCC_ClockConfig+0xd0>
    if (RCC_ClkInitStruct->SYSCLKSource == RCC_SYSCLKSOURCE_HSE)
 8003ad6:	6863      	ldr	r3, [r4, #4]
 8003ad8:	2b01      	cmp	r3, #1
 8003ada:	d021      	beq.n	8003b20 <HAL_RCC_ClockConfig+0xb4>
    else if ((RCC_ClkInitStruct->SYSCLKSource == RCC_SYSCLKSOURCE_PLLCLK)   ||
 8003adc:	1e9a      	subs	r2, r3, #2
 8003ade:	2a01      	cmp	r2, #1
 8003ae0:	d925      	bls.n	8003b2e <HAL_RCC_ClockConfig+0xc2>
      if (__HAL_RCC_GET_FLAG(RCC_FLAG_HSIRDY) == RESET)
 8003ae2:	4a36      	ldr	r2, [pc, #216]	@ (8003bbc <HAL_RCC_ClockConfig+0x150>)
 8003ae4:	6812      	ldr	r2, [r2, #0]
 8003ae6:	f012 0f02 	tst.w	r2, #2
 8003aea:	d061      	beq.n	8003bb0 <HAL_RCC_ClockConfig+0x144>
    __HAL_RCC_SYSCLK_CONFIG(RCC_ClkInitStruct->SYSCLKSource);
 8003aec:	4933      	ldr	r1, [pc, #204]	@ (8003bbc <HAL_RCC_ClockConfig+0x150>)
 8003aee:	688a      	ldr	r2, [r1, #8]
 8003af0:	f022 0203 	bic.w	r2, r2, #3
 8003af4:	4313      	orrs	r3, r2
 8003af6:	608b      	str	r3, [r1, #8]
    tickstart = HAL_GetTick();
 8003af8:	f7fe f8a6 	bl	8001c48 <HAL_GetTick>
 8003afc:	4606      	mov	r6, r0
    while (__HAL_RCC_GET_SYSCLK_SOURCE() != (RCC_ClkInitStruct->SYSCLKSource << RCC_CFGR_SWS_Pos))
 8003afe:	4b2f      	ldr	r3, [pc, #188]	@ (8003bbc <HAL_RCC_ClockConfig+0x150>)
 8003b00:	689b      	ldr	r3, [r3, #8]
 8003b02:	f003 030c 	and.w	r3, r3, #12
 8003b06:	6862      	ldr	r2, [r4, #4]
 8003b08:	ebb3 0f82 	cmp.w	r3, r2, lsl #2
 8003b0c:	d016      	beq.n	8003b3c <HAL_RCC_ClockConfig+0xd0>
      if ((HAL_GetTick() - tickstart) > CLOCKSWITCH_TIMEOUT_VALUE)
 8003b0e:	f7fe f89b 	bl	8001c48 <HAL_GetTick>
 8003b12:	1b80      	subs	r0, r0, r6
 8003b14:	f241 3388 	movw	r3, #5000	@ 0x1388
 8003b18:	4298      	cmp	r0, r3
 8003b1a:	d9f0      	bls.n	8003afe <HAL_RCC_ClockConfig+0x92>
        return HAL_TIMEOUT;
 8003b1c:	2003      	movs	r0, #3
 8003b1e:	e042      	b.n	8003ba6 <HAL_RCC_ClockConfig+0x13a>
      if (__HAL_RCC_GET_FLAG(RCC_FLAG_HSERDY) == RESET)
 8003b20:	4a26      	ldr	r2, [pc, #152]	@ (8003bbc <HAL_RCC_ClockConfig+0x150>)
 8003b22:	6812      	ldr	r2, [r2, #0]
 8003b24:	f412 3f00 	tst.w	r2, #131072	@ 0x20000
 8003b28:	d1e0      	bne.n	8003aec <HAL_RCC_ClockConfig+0x80>
        return HAL_ERROR;
 8003b2a:	2001      	movs	r0, #1
 8003b2c:	e03b      	b.n	8003ba6 <HAL_RCC_ClockConfig+0x13a>
      if (__HAL_RCC_GET_FLAG(RCC_FLAG_PLLRDY) == RESET)
 8003b2e:	4a23      	ldr	r2, [pc, #140]	@ (8003bbc <HAL_RCC_ClockConfig+0x150>)
 8003b30:	6812      	ldr	r2, [r2, #0]
 8003b32:	f012 7f00 	tst.w	r2, #33554432	@ 0x2000000
 8003b36:	d1d9      	bne.n	8003aec <HAL_RCC_ClockConfig+0x80>
        return HAL_ERROR;
 8003b38:	2001      	movs	r0, #1
 8003b3a:	e034      	b.n	8003ba6 <HAL_RCC_ClockConfig+0x13a>
  if (FLatency < __HAL_FLASH_GET_LATENCY())
 8003b3c:	4b1e      	ldr	r3, [pc, #120]	@ (8003bb8 <HAL_RCC_ClockConfig+0x14c>)
 8003b3e:	681b      	ldr	r3, [r3, #0]
 8003b40:	f003 0307 	and.w	r3, r3, #7
 8003b44:	42ab      	cmp	r3, r5
 8003b46:	d907      	bls.n	8003b58 <HAL_RCC_ClockConfig+0xec>
    __HAL_FLASH_SET_LATENCY(FLatency);
 8003b48:	b2ea      	uxtb	r2, r5
 8003b4a:	4b1b      	ldr	r3, [pc, #108]	@ (8003bb8 <HAL_RCC_ClockConfig+0x14c>)
 8003b4c:	701a      	strb	r2, [r3, #0]
    if (__HAL_FLASH_GET_LATENCY() != FLatency)
 8003b4e:	681b      	ldr	r3, [r3, #0]
 8003b50:	f003 0307 	and.w	r3, r3, #7
 8003b54:	42ab      	cmp	r3, r5
 8003b56:	d12d      	bne.n	8003bb4 <HAL_RCC_ClockConfig+0x148>
  if (((RCC_ClkInitStruct->ClockType) & RCC_CLOCKTYPE_PCLK1) == RCC_CLOCKTYPE_PCLK1)
 8003b58:	6823      	ldr	r3, [r4, #0]
 8003b5a:	f013 0f04 	tst.w	r3, #4
 8003b5e:	d006      	beq.n	8003b6e <HAL_RCC_ClockConfig+0x102>
    MODIFY_REG(RCC->CFGR, RCC_CFGR_PPRE1, RCC_ClkInitStruct->APB1CLKDivider);
 8003b60:	4a16      	ldr	r2, [pc, #88]	@ (8003bbc <HAL_RCC_ClockConfig+0x150>)
 8003b62:	6893      	ldr	r3, [r2, #8]
 8003b64:	f423 53e0 	bic.w	r3, r3, #7168	@ 0x1c00
 8003b68:	68e1      	ldr	r1, [r4, #12]
 8003b6a:	430b      	orrs	r3, r1
 8003b6c:	6093      	str	r3, [r2, #8]
  if (((RCC_ClkInitStruct->ClockType) & RCC_CLOCKTYPE_PCLK2) == RCC_CLOCKTYPE_PCLK2)
 8003b6e:	6823      	ldr	r3, [r4, #0]
 8003b70:	f013 0f08 	tst.w	r3, #8
 8003b74:	d007      	beq.n	8003b86 <HAL_RCC_ClockConfig+0x11a>
    MODIFY_REG(RCC->CFGR, RCC_CFGR_PPRE2, ((RCC_ClkInitStruct->APB2CLKDivider) << 3U));
 8003b76:	4a11      	ldr	r2, [pc, #68]	@ (8003bbc <HAL_RCC_ClockConfig+0x150>)
 8003b78:	6893      	ldr	r3, [r2, #8]
 8003b7a:	f423 4360 	bic.w	r3, r3, #57344	@ 0xe000
 8003b7e:	6921      	ldr	r1, [r4, #16]
 8003b80:	ea43 03c1 	orr.w	r3, r3, r1, lsl #3
 8003b84:	6093      	str	r3, [r2, #8]
  SystemCoreClock = HAL_RCC_GetSysClockFreq() >> AHBPrescTable[(RCC->CFGR & RCC_CFGR_HPRE) >> RCC_CFGR_HPRE_Pos];
 8003b86:	f7ff ff1d 	bl	80039c4 <HAL_RCC_GetSysClockFreq>
 8003b8a:	4b0c      	ldr	r3, [pc, #48]	@ (8003bbc <HAL_RCC_ClockConfig+0x150>)
 8003b8c:	689b      	ldr	r3, [r3, #8]
 8003b8e:	f3c3 1303 	ubfx	r3, r3, #4, #4
 8003b92:	4a0b      	ldr	r2, [pc, #44]	@ (8003bc0 <HAL_RCC_ClockConfig+0x154>)
 8003b94:	5cd3      	ldrb	r3, [r2, r3]
 8003b96:	40d8      	lsrs	r0, r3
 8003b98:	4b0a      	ldr	r3, [pc, #40]	@ (8003bc4 <HAL_RCC_ClockConfig+0x158>)
 8003b9a:	6018      	str	r0, [r3, #0]
  HAL_InitTick(uwTickPrio);
 8003b9c:	4b0a      	ldr	r3, [pc, #40]	@ (8003bc8 <HAL_RCC_ClockConfig+0x15c>)
 8003b9e:	6818      	ldr	r0, [r3, #0]
 8003ba0:	f7fe f806 	bl	8001bb0 <HAL_InitTick>
  return HAL_OK;
 8003ba4:	2000      	movs	r0, #0
}
 8003ba6:	bd70      	pop	{r4, r5, r6, pc}
    return HAL_ERROR;
 8003ba8:	2001      	movs	r0, #1
}
 8003baa:	4770      	bx	lr
      return HAL_ERROR;
 8003bac:	2001      	movs	r0, #1
 8003bae:	e7fa      	b.n	8003ba6 <HAL_RCC_ClockConfig+0x13a>
        return HAL_ERROR;
 8003bb0:	2001      	movs	r0, #1
 8003bb2:	e7f8      	b.n	8003ba6 <HAL_RCC_ClockConfig+0x13a>
      return HAL_ERROR;
 8003bb4:	2001      	movs	r0, #1
 8003bb6:	e7f6      	b.n	8003ba6 <HAL_RCC_ClockConfig+0x13a>
 8003bb8:	40023c00 	.word	0x40023c00
 8003bbc:	40023800 	.word	0x40023800
 8003bc0:	08008ea8 	.word	0x08008ea8
 8003bc4:	2000000c 	.word	0x2000000c
 8003bc8:	20000008 	.word	0x20000008

08003bcc <HAL_RCC_GetHCLKFreq>:
  * @retval HCLK frequency
  */
uint32_t HAL_RCC_GetHCLKFreq(void)
{
  return SystemCoreClock;
}
 8003bcc:	4b01      	ldr	r3, [pc, #4]	@ (8003bd4 <HAL_RCC_GetHCLKFreq+0x8>)
 8003bce:	6818      	ldr	r0, [r3, #0]
 8003bd0:	4770      	bx	lr
 8003bd2:	bf00      	nop
 8003bd4:	2000000c 	.word	0x2000000c

08003bd8 <HAL_RCC_GetPCLK1Freq>:
  * @note   Each time PCLK1 changes, this function must be called to update the
  *         right PCLK1 value. Otherwise, any configuration based on this function will be incorrect.
  * @retval PCLK1 frequency
  */
uint32_t HAL_RCC_GetPCLK1Freq(void)
{
 8003bd8:	b508      	push	{r3, lr}
  /* Get HCLK source and Compute PCLK1 frequency ---------------------------*/
  return (HAL_RCC_GetHCLKFreq() >> APBPrescTable[(RCC->CFGR & RCC_CFGR_PPRE1) >> RCC_CFGR_PPRE1_Pos]);
 8003bda:	f7ff fff7 	bl	8003bcc <HAL_RCC_GetHCLKFreq>
 8003bde:	4b04      	ldr	r3, [pc, #16]	@ (8003bf0 <HAL_RCC_GetPCLK1Freq+0x18>)
 8003be0:	689b      	ldr	r3, [r3, #8]
 8003be2:	f3c3 2382 	ubfx	r3, r3, #10, #3
 8003be6:	4a03      	ldr	r2, [pc, #12]	@ (8003bf4 <HAL_RCC_GetPCLK1Freq+0x1c>)
 8003be8:	5cd3      	ldrb	r3, [r2, r3]
}
 8003bea:	40d8      	lsrs	r0, r3
 8003bec:	bd08      	pop	{r3, pc}
 8003bee:	bf00      	nop
 8003bf0:	40023800 	.word	0x40023800
 8003bf4:	08008ea0 	.word	0x08008ea0

08003bf8 <HAL_RCC_GetPCLK2Freq>:
  * @note   Each time PCLK2 changes, this function must be called to update the
  *         right PCLK2 value. Otherwise, any configuration based on this function will be incorrect.
  * @retval PCLK2 frequency
  */
uint32_t HAL_RCC_GetPCLK2Freq(void)
{
 8003bf8:	b508      	push	{r3, lr}
  /* Get HCLK source and Compute PCLK2 frequency ---------------------------*/
  return (HAL_RCC_GetHCLKFreq() >> APBPrescTable[(RCC->CFGR & RCC_CFGR_PPRE2) >> RCC_CFGR_PPRE2_Pos]);
 8003bfa:	f7ff ffe7 	bl	8003bcc <HAL_RCC_GetHCLKFreq>
 8003bfe:	4b04      	ldr	r3, [pc, #16]	@ (8003c10 <HAL_RCC_GetPCLK2Freq+0x18>)
 8003c00:	689b      	ldr	r3, [r3, #8]
 8003c02:	f3c3 3342 	ubfx	r3, r3, #13, #3
 8003c06:	4a03      	ldr	r2, [pc, #12]	@ (8003c14 <HAL_RCC_GetPCLK2Freq+0x1c>)
 8003c08:	5cd3      	ldrb	r3, [r2, r3]
}
 8003c0a:	40d8      	lsrs	r0, r3
 8003c0c:	bd08      	pop	{r3, pc}
 8003c0e:	bf00      	nop
 8003c10:	40023800 	.word	0x40023800
 8003c14:	08008ea0 	.word	0x08008ea0

08003c18 <TIM_OC1_SetConfig>:
  * @param  TIMx to select the TIM peripheral
  * @param  OC_Config The output configuration structure
  * @retval None
  */
static void TIM_OC1_SetConfig(TIM_TypeDef *TIMx, const TIM_OC_InitTypeDef *OC_Config)
{
 8003c18:	b430      	push	{r4, r5}
  uint32_t tmpccmrx;
  uint32_t tmpccer;
  uint32_t tmpcr2;

  /* Get the TIMx CCER register value */
  tmpccer = TIMx->CCER;
 8003c1a:	6a02      	ldr	r2, [r0, #32]

  /* Disable the Channel 1: Reset the CC1E Bit */
  TIMx->CCER &= ~TIM_CCER_CC1E;
 8003c1c:	6a03      	ldr	r3, [r0, #32]
 8003c1e:	f023 0301 	bic.w	r3, r3, #1
 8003c22:	6203      	str	r3, [r0, #32]

  /* Get the TIMx CR2 register value */
  tmpcr2 =  TIMx->CR2;
 8003c24:	6845      	ldr	r5, [r0, #4]

  /* Get the TIMx CCMR1 register value */
  tmpccmrx = TIMx->CCMR1;
 8003c26:	6983      	ldr	r3, [r0, #24]

  /* Reset the Output Compare Mode Bits */
  tmpccmrx &= ~TIM_CCMR1_OC1M;
  tmpccmrx &= ~TIM_CCMR1_CC1S;
 8003c28:	f023 0373 	bic.w	r3, r3, #115	@ 0x73
  /* Select the Output Compare Mode */
  tmpccmrx |= OC_Config->OCMode;
 8003c2c:	680c      	ldr	r4, [r1, #0]
 8003c2e:	431c      	orrs	r4, r3

  /* Reset the Output Polarity level */
  tmpccer &= ~TIM_CCER_CC1P;
 8003c30:	f022 0202 	bic.w	r2, r2, #2
  /* Set the Output Compare Polarity */
  tmpccer |= OC_Config->OCPolarity;
 8003c34:	688b      	ldr	r3, [r1, #8]
 8003c36:	4313      	orrs	r3, r2

  if (IS_TIM_CCXN_INSTANCE(TIMx, TIM_CHANNEL_1))
 8003c38:	4a0b      	ldr	r2, [pc, #44]	@ (8003c68 <TIM_OC1_SetConfig+0x50>)
 8003c3a:	4290      	cmp	r0, r2
 8003c3c:	d006      	beq.n	8003c4c <TIM_OC1_SetConfig+0x34>
    /* Set the Output N Idle state */
    tmpcr2 |= OC_Config->OCNIdleState;
  }

  /* Write to TIMx CR2 */
  TIMx->CR2 = tmpcr2;
 8003c3e:	6045      	str	r5, [r0, #4]

  /* Write to TIMx CCMR1 */
  TIMx->CCMR1 = tmpccmrx;
 8003c40:	6184      	str	r4, [r0, #24]

  /* Set the Capture Compare Register value */
  TIMx->CCR1 = OC_Config->Pulse;
 8003c42:	684a      	ldr	r2, [r1, #4]
 8003c44:	6342      	str	r2, [r0, #52]	@ 0x34

  /* Write to TIMx CCER */
  TIMx->CCER = tmpccer;
 8003c46:	6203      	str	r3, [r0, #32]
}
 8003c48:	bc30      	pop	{r4, r5}
 8003c4a:	4770      	bx	lr
    tmpccer &= ~TIM_CCER_CC1NP;
 8003c4c:	f023 0308 	bic.w	r3, r3, #8
    tmpccer |= OC_Config->OCNPolarity;
 8003c50:	68ca      	ldr	r2, [r1, #12]
 8003c52:	431a      	orrs	r2, r3
    tmpccer &= ~TIM_CCER_CC1NE;
 8003c54:	f022 0304 	bic.w	r3, r2, #4
    tmpcr2 &= ~TIM_CR2_OIS1N;
 8003c58:	f425 7540 	bic.w	r5, r5, #768	@ 0x300
    tmpcr2 |= OC_Config->OCIdleState;
 8003c5c:	694a      	ldr	r2, [r1, #20]
 8003c5e:	432a      	orrs	r2, r5
    tmpcr2 |= OC_Config->OCNIdleState;
 8003c60:	698d      	ldr	r5, [r1, #24]
 8003c62:	4315      	orrs	r5, r2
 8003c64:	e7eb      	b.n	8003c3e <TIM_OC1_SetConfig+0x26>
 8003c66:	bf00      	nop
 8003c68:	40010000 	.word	0x40010000

08003c6c <TIM_OC3_SetConfig>:
  * @param  TIMx to select the TIM peripheral
  * @param  OC_Config The output configuration structure
  * @retval None
  */
static void TIM_OC3_SetConfig(TIM_TypeDef *TIMx, const TIM_OC_InitTypeDef *OC_Config)
{
 8003c6c:	b430      	push	{r4, r5}
  uint32_t tmpccmrx;
  uint32_t tmpccer;
  uint32_t tmpcr2;

  /* Get the TIMx CCER register value */
  tmpccer = TIMx->CCER;
 8003c6e:	6a03      	ldr	r3, [r0, #32]

  /* Disable the Channel 3: Reset the CC2E Bit */
  TIMx->CCER &= ~TIM_CCER_CC3E;
 8003c70:	6a02      	ldr	r2, [r0, #32]
 8003c72:	f422 7280 	bic.w	r2, r2, #256	@ 0x100
 8003c76:	6202      	str	r2, [r0, #32]

  /* Get the TIMx CR2 register value */
  tmpcr2 =  TIMx->CR2;
 8003c78:	6844      	ldr	r4, [r0, #4]

  /* Get the TIMx CCMR2 register value */
  tmpccmrx = TIMx->CCMR2;
 8003c7a:	69c2      	ldr	r2, [r0, #28]

  /* Reset the Output Compare mode and Capture/Compare selection Bits */
  tmpccmrx &= ~TIM_CCMR2_OC3M;
  tmpccmrx &= ~TIM_CCMR2_CC3S;
 8003c7c:	f022 0273 	bic.w	r2, r2, #115	@ 0x73
  /* Select the Output Compare Mode */
  tmpccmrx |= OC_Config->OCMode;
 8003c80:	680d      	ldr	r5, [r1, #0]
 8003c82:	4315      	orrs	r5, r2

  /* Reset the Output Polarity level */
  tmpccer &= ~TIM_CCER_CC3P;
 8003c84:	f423 7300 	bic.w	r3, r3, #512	@ 0x200
  /* Set the Output Compare Polarity */
  tmpccer |= (OC_Config->OCPolarity << 8U);
 8003c88:	688a      	ldr	r2, [r1, #8]
 8003c8a:	ea43 2302 	orr.w	r3, r3, r2, lsl #8

  if (IS_TIM_CCXN_INSTANCE(TIMx, TIM_CHANNEL_3))
 8003c8e:	4a0d      	ldr	r2, [pc, #52]	@ (8003cc4 <TIM_OC3_SetConfig+0x58>)
 8003c90:	4290      	cmp	r0, r2
 8003c92:	d006      	beq.n	8003ca2 <TIM_OC3_SetConfig+0x36>
    /* Set the Output N Idle state */
    tmpcr2 |= (OC_Config->OCNIdleState << 4U);
  }

  /* Write to TIMx CR2 */
  TIMx->CR2 = tmpcr2;
 8003c94:	6044      	str	r4, [r0, #4]

  /* Write to TIMx CCMR2 */
  TIMx->CCMR2 = tmpccmrx;
 8003c96:	61c5      	str	r5, [r0, #28]

  /* Set the Capture Compare Register value */
  TIMx->CCR3 = OC_Config->Pulse;
 8003c98:	684a      	ldr	r2, [r1, #4]
 8003c9a:	63c2      	str	r2, [r0, #60]	@ 0x3c

  /* Write to TIMx CCER */
  TIMx->CCER = tmpccer;
 8003c9c:	6203      	str	r3, [r0, #32]
}
 8003c9e:	bc30      	pop	{r4, r5}
 8003ca0:	4770      	bx	lr
    tmpccer &= ~TIM_CCER_CC3NP;
 8003ca2:	f423 6300 	bic.w	r3, r3, #2048	@ 0x800
    tmpccer |= (OC_Config->OCNPolarity << 8U);
 8003ca6:	68ca      	ldr	r2, [r1, #12]
 8003ca8:	ea43 2302 	orr.w	r3, r3, r2, lsl #8
    tmpccer &= ~TIM_CCER_CC3NE;
 8003cac:	f423 6380 	bic.w	r3, r3, #1024	@ 0x400
    tmpcr2 &= ~TIM_CR2_OIS3N;
 8003cb0:	f424 5440 	bic.w	r4, r4, #12288	@ 0x3000
    tmpcr2 |= (OC_Config->OCIdleState << 4U);
 8003cb4:	694a      	ldr	r2, [r1, #20]
 8003cb6:	ea44 1402 	orr.w	r4, r4, r2, lsl #4
    tmpcr2 |= (OC_Config->OCNIdleState << 4U);
 8003cba:	698a      	ldr	r2, [r1, #24]
 8003cbc:	ea44 1402 	orr.w	r4, r4, r2, lsl #4
 8003cc0:	e7e8      	b.n	8003c94 <TIM_OC3_SetConfig+0x28>
 8003cc2:	bf00      	nop
 8003cc4:	40010000 	.word	0x40010000

08003cc8 <TIM_OC4_SetConfig>:
  * @param  TIMx to select the TIM peripheral
  * @param  OC_Config The output configuration structure
  * @retval None
  */
static void TIM_OC4_SetConfig(TIM_TypeDef *TIMx, const TIM_OC_InitTypeDef *OC_Config)
{
 8003cc8:	b430      	push	{r4, r5}
  uint32_t tmpccmrx;
  uint32_t tmpccer;
  uint32_t tmpcr2;

  /* Get the TIMx CCER register value */
  tmpccer = TIMx->CCER;
 8003cca:	6a03      	ldr	r3, [r0, #32]

  /* Disable the Channel 4: Reset the CC4E Bit */
  TIMx->CCER &= ~TIM_CCER_CC4E;
 8003ccc:	6a02      	ldr	r2, [r0, #32]
 8003cce:	f422 5280 	bic.w	r2, r2, #4096	@ 0x1000
 8003cd2:	6202      	str	r2, [r0, #32]

  /* Get the TIMx CR2 register value */
  tmpcr2 =  TIMx->CR2;
 8003cd4:	6844      	ldr	r4, [r0, #4]

  /* Get the TIMx CCMR2 register value */
  tmpccmrx = TIMx->CCMR2;
 8003cd6:	69c2      	ldr	r2, [r0, #28]

  /* Reset the Output Compare mode and Capture/Compare selection Bits */
  tmpccmrx &= ~TIM_CCMR2_OC4M;
  tmpccmrx &= ~TIM_CCMR2_CC4S;
 8003cd8:	f422 42e6 	bic.w	r2, r2, #29440	@ 0x7300

  /* Select the Output Compare Mode */
  tmpccmrx |= (OC_Config->OCMode << 8U);
 8003cdc:	680d      	ldr	r5, [r1, #0]
 8003cde:	ea42 2205 	orr.w	r2, r2, r5, lsl #8

  /* Reset the Output Polarity level */
  tmpccer &= ~TIM_CCER_CC4P;
 8003ce2:	f423 5300 	bic.w	r3, r3, #8192	@ 0x2000
  /* Set the Output Compare Polarity */
  tmpccer |= (OC_Config->OCPolarity << 12U);
 8003ce6:	688d      	ldr	r5, [r1, #8]
 8003ce8:	ea43 3305 	orr.w	r3, r3, r5, lsl #12

  if (IS_TIM_BREAK_INSTANCE(TIMx))
 8003cec:	4d07      	ldr	r5, [pc, #28]	@ (8003d0c <TIM_OC4_SetConfig+0x44>)
 8003cee:	42a8      	cmp	r0, r5
 8003cf0:	d006      	beq.n	8003d00 <TIM_OC4_SetConfig+0x38>
    /* Set the Output Idle state */
    tmpcr2 |= (OC_Config->OCIdleState << 6U);
  }

  /* Write to TIMx CR2 */
  TIMx->CR2 = tmpcr2;
 8003cf2:	6044      	str	r4, [r0, #4]

  /* Write to TIMx CCMR2 */
  TIMx->CCMR2 = tmpccmrx;
 8003cf4:	61c2      	str	r2, [r0, #28]

  /* Set the Capture Compare Register value */
  TIMx->CCR4 = OC_Config->Pulse;
 8003cf6:	684a      	ldr	r2, [r1, #4]
 8003cf8:	6402      	str	r2, [r0, #64]	@ 0x40

  /* Write to TIMx CCER */
  TIMx->CCER = tmpccer;
 8003cfa:	6203      	str	r3, [r0, #32]
}
 8003cfc:	bc30      	pop	{r4, r5}
 8003cfe:	4770      	bx	lr
    tmpcr2 &= ~TIM_CR2_OIS4;
 8003d00:	f424 4480 	bic.w	r4, r4, #16384	@ 0x4000
    tmpcr2 |= (OC_Config->OCIdleState << 6U);
 8003d04:	694d      	ldr	r5, [r1, #20]
 8003d06:	ea44 1485 	orr.w	r4, r4, r5, lsl #6
 8003d0a:	e7f2      	b.n	8003cf2 <TIM_OC4_SetConfig+0x2a>
 8003d0c:	40010000 	.word	0x40010000

08003d10 <TIM_TI1_ConfigInputStage>:
  * @param  TIM_ICFilter Specifies the Input Capture Filter.
  *          This parameter must be a value between 0x00 and 0x0F.
  * @retval None
  */
static void TIM_TI1_ConfigInputStage(TIM_TypeDef *TIMx, uint32_t TIM_ICPolarity, uint32_t TIM_ICFilter)
{
 8003d10:	b410      	push	{r4}
  uint32_t tmpccmr1;
  uint32_t tmpccer;

  /* Disable the Channel 1: Reset the CC1E Bit */
  tmpccer = TIMx->CCER;
 8003d12:	6a03      	ldr	r3, [r0, #32]
  TIMx->CCER &= ~TIM_CCER_CC1E;
 8003d14:	6a04      	ldr	r4, [r0, #32]
 8003d16:	f024 0401 	bic.w	r4, r4, #1
 8003d1a:	6204      	str	r4, [r0, #32]
  tmpccmr1 = TIMx->CCMR1;
 8003d1c:	6984      	ldr	r4, [r0, #24]

  /* Set the filter */
  tmpccmr1 &= ~TIM_CCMR1_IC1F;
 8003d1e:	f024 0cf0 	bic.w	ip, r4, #240	@ 0xf0
  tmpccmr1 |= (TIM_ICFilter << 4U);
 8003d22:	ea4c 1202 	orr.w	r2, ip, r2, lsl #4

  /* Select the Polarity and set the CC1E Bit */
  tmpccer &= ~(TIM_CCER_CC1P | TIM_CCER_CC1NP);
 8003d26:	f023 030a 	bic.w	r3, r3, #10
  tmpccer |= TIM_ICPolarity;
 8003d2a:	430b      	orrs	r3, r1

  /* Write to TIMx CCMR1 and CCER registers */
  TIMx->CCMR1 = tmpccmr1;
 8003d2c:	6182      	str	r2, [r0, #24]
  TIMx->CCER = tmpccer;
 8003d2e:	6203      	str	r3, [r0, #32]
}
 8003d30:	f85d 4b04 	ldr.w	r4, [sp], #4
 8003d34:	4770      	bx	lr

08003d36 <TIM_TI2_ConfigInputStage>:
  * @param  TIM_ICFilter Specifies the Input Capture Filter.
  *          This parameter must be a value between 0x00 and 0x0F.
  * @retval None
  */
static void TIM_TI2_ConfigInputStage(TIM_TypeDef *TIMx, uint32_t TIM_ICPolarity, uint32_t TIM_ICFilter)
{
 8003d36:	b410      	push	{r4}
  uint32_t tmpccmr1;
  uint32_t tmpccer;

  /* Disable the Channel 2: Reset the CC2E Bit */
  tmpccer = TIMx->CCER;
 8003d38:	6a03      	ldr	r3, [r0, #32]
  TIMx->CCER &= ~TIM_CCER_CC2E;
 8003d3a:	6a04      	ldr	r4, [r0, #32]
 8003d3c:	f024 0410 	bic.w	r4, r4, #16
 8003d40:	6204      	str	r4, [r0, #32]
  tmpccmr1 = TIMx->CCMR1;
 8003d42:	6984      	ldr	r4, [r0, #24]

  /* Set the filter */
  tmpccmr1 &= ~TIM_CCMR1_IC2F;
 8003d44:	f424 4c70 	bic.w	ip, r4, #61440	@ 0xf000
  tmpccmr1 |= (TIM_ICFilter << 12U);
 8003d48:	ea4c 3202 	orr.w	r2, ip, r2, lsl #12

  /* Select the Polarity and set the CC2E Bit */
  tmpccer &= ~(TIM_CCER_CC2P | TIM_CCER_CC2NP);
 8003d4c:	f023 03a0 	bic.w	r3, r3, #160	@ 0xa0
  tmpccer |= (TIM_ICPolarity << 4U);
 8003d50:	ea43 1301 	orr.w	r3, r3, r1, lsl #4

  /* Write to TIMx CCMR1 and CCER registers */
  TIMx->CCMR1 = tmpccmr1 ;
 8003d54:	6182      	str	r2, [r0, #24]
  TIMx->CCER = tmpccer;
 8003d56:	6203      	str	r3, [r0, #32]
}
 8003d58:	f85d 4b04 	ldr.w	r4, [sp], #4
 8003d5c:	4770      	bx	lr

08003d5e <TIM_ITRx_SetConfig>:
static void TIM_ITRx_SetConfig(TIM_TypeDef *TIMx, uint32_t InputTriggerSource)
{
  uint32_t tmpsmcr;

  /* Get the TIMx SMCR register value */
  tmpsmcr = TIMx->SMCR;
 8003d5e:	6883      	ldr	r3, [r0, #8]
  /* Reset the TS Bits */
  tmpsmcr &= ~TIM_SMCR_TS;
 8003d60:	f023 0370 	bic.w	r3, r3, #112	@ 0x70
  /* Set the Input Trigger source and the slave mode*/
  tmpsmcr |= (InputTriggerSource | TIM_SLAVEMODE_EXTERNAL1);
 8003d64:	430b      	orrs	r3, r1
 8003d66:	f043 0307 	orr.w	r3, r3, #7
  /* Write to TIMx SMCR */
  TIMx->SMCR = tmpsmcr;
 8003d6a:	6083      	str	r3, [r0, #8]
}
 8003d6c:	4770      	bx	lr

08003d6e <HAL_TIM_PWM_MspInit>:
}
 8003d6e:	4770      	bx	lr

08003d70 <TIM_Base_SetConfig>:
  tmpcr1 = TIMx->CR1;
 8003d70:	6803      	ldr	r3, [r0, #0]
  if (IS_TIM_COUNTER_MODE_SELECT_INSTANCE(TIMx))
 8003d72:	4a27      	ldr	r2, [pc, #156]	@ (8003e10 <TIM_Base_SetConfig+0xa0>)
 8003d74:	4290      	cmp	r0, r2
 8003d76:	d00e      	beq.n	8003d96 <TIM_Base_SetConfig+0x26>
 8003d78:	f1b0 4f80 	cmp.w	r0, #1073741824	@ 0x40000000
 8003d7c:	d00b      	beq.n	8003d96 <TIM_Base_SetConfig+0x26>
 8003d7e:	f5a2 427c 	sub.w	r2, r2, #64512	@ 0xfc00
 8003d82:	4290      	cmp	r0, r2
 8003d84:	d007      	beq.n	8003d96 <TIM_Base_SetConfig+0x26>
 8003d86:	f502 6280 	add.w	r2, r2, #1024	@ 0x400
 8003d8a:	4290      	cmp	r0, r2
 8003d8c:	d003      	beq.n	8003d96 <TIM_Base_SetConfig+0x26>
 8003d8e:	f502 6280 	add.w	r2, r2, #1024	@ 0x400
 8003d92:	4290      	cmp	r0, r2
 8003d94:	d103      	bne.n	8003d9e <TIM_Base_SetConfig+0x2e>
    tmpcr1 &= ~(TIM_CR1_DIR | TIM_CR1_CMS);
 8003d96:	f023 0370 	bic.w	r3, r3, #112	@ 0x70
    tmpcr1 |= Structure->CounterMode;
 8003d9a:	684a      	ldr	r2, [r1, #4]
 8003d9c:	4313      	orrs	r3, r2
  if (IS_TIM_CLOCK_DIVISION_INSTANCE(TIMx))
 8003d9e:	4a1c      	ldr	r2, [pc, #112]	@ (8003e10 <TIM_Base_SetConfig+0xa0>)
 8003da0:	4290      	cmp	r0, r2
 8003da2:	d01a      	beq.n	8003dda <TIM_Base_SetConfig+0x6a>
 8003da4:	f1b0 4f80 	cmp.w	r0, #1073741824	@ 0x40000000
 8003da8:	d017      	beq.n	8003dda <TIM_Base_SetConfig+0x6a>
 8003daa:	f5a2 427c 	sub.w	r2, r2, #64512	@ 0xfc00
 8003dae:	4290      	cmp	r0, r2
 8003db0:	d013      	beq.n	8003dda <TIM_Base_SetConfig+0x6a>
 8003db2:	f502 6280 	add.w	r2, r2, #1024	@ 0x400
 8003db6:	4290      	cmp	r0, r2
 8003db8:	d00f      	beq.n	8003dda <TIM_Base_SetConfig+0x6a>
 8003dba:	f502 6280 	add.w	r2, r2, #1024	@ 0x400
 8003dbe:	4290      	cmp	r0, r2
 8003dc0:	d00b      	beq.n	8003dda <TIM_Base_SetConfig+0x6a>
 8003dc2:	f502 329a 	add.w	r2, r2, #78848	@ 0x13400
 8003dc6:	4290      	cmp	r0, r2
 8003dc8:	d007      	beq.n	8003dda <TIM_Base_SetConfig+0x6a>
 8003dca:	f502 6280 	add.w	r2, r2, #1024	@ 0x400
 8003dce:	4290      	cmp	r0, r2
 8003dd0:	d003      	beq.n	8003dda <TIM_Base_SetConfig+0x6a>
 8003dd2:	f502 6280 	add.w	r2, r2, #1024	@ 0x400
 8003dd6:	4290      	cmp	r0, r2
 8003dd8:	d103      	bne.n	8003de2 <TIM_Base_SetConfig+0x72>
    tmpcr1 &= ~TIM_CR1_CKD;
 8003dda:	f423 7340 	bic.w	r3, r3, #768	@ 0x300
    tmpcr1 |= (uint32_t)Structure->ClockDivision;
 8003dde:	68ca      	ldr	r2, [r1, #12]
 8003de0:	4313      	orrs	r3, r2
  MODIFY_REG(tmpcr1, TIM_CR1_ARPE, Structure->AutoReloadPreload);
 8003de2:	f023 0380 	bic.w	r3, r3, #128	@ 0x80
 8003de6:	694a      	ldr	r2, [r1, #20]
 8003de8:	4313      	orrs	r3, r2
  TIMx->ARR = (uint32_t)Structure->Period ;
 8003dea:	688a      	ldr	r2, [r1, #8]
 8003dec:	62c2      	str	r2, [r0, #44]	@ 0x2c
  TIMx->PSC = Structure->Prescaler;
 8003dee:	680a      	ldr	r2, [r1, #0]
 8003df0:	6282      	str	r2, [r0, #40]	@ 0x28
  if (IS_TIM_REPETITION_COUNTER_INSTANCE(TIMx))
 8003df2:	4a07      	ldr	r2, [pc, #28]	@ (8003e10 <TIM_Base_SetConfig+0xa0>)
 8003df4:	4290      	cmp	r0, r2
 8003df6:	d007      	beq.n	8003e08 <TIM_Base_SetConfig+0x98>
  SET_BIT(TIMx->CR1, TIM_CR1_URS);
 8003df8:	6802      	ldr	r2, [r0, #0]
 8003dfa:	f042 0204 	orr.w	r2, r2, #4
 8003dfe:	6002      	str	r2, [r0, #0]
  TIMx->EGR = TIM_EGR_UG;
 8003e00:	2201      	movs	r2, #1
 8003e02:	6142      	str	r2, [r0, #20]
  TIMx->CR1 = tmpcr1;
 8003e04:	6003      	str	r3, [r0, #0]
}
 8003e06:	4770      	bx	lr
    TIMx->RCR = Structure->RepetitionCounter;
 8003e08:	690a      	ldr	r2, [r1, #16]
 8003e0a:	6302      	str	r2, [r0, #48]	@ 0x30
 8003e0c:	e7f4      	b.n	8003df8 <TIM_Base_SetConfig+0x88>
 8003e0e:	bf00      	nop
 8003e10:	40010000 	.word	0x40010000

08003e14 <HAL_TIM_Base_Init>:
  if (htim == NULL)
 8003e14:	b340      	cbz	r0, 8003e68 <HAL_TIM_Base_Init+0x54>
{
 8003e16:	b510      	push	{r4, lr}
 8003e18:	4604      	mov	r4, r0
  if (htim->State == HAL_TIM_STATE_RESET)
 8003e1a:	f890 303d 	ldrb.w	r3, [r0, #61]	@ 0x3d
 8003e1e:	b1f3      	cbz	r3, 8003e5e <HAL_TIM_Base_Init+0x4a>
  htim->State = HAL_TIM_STATE_BUSY;
 8003e20:	2302      	movs	r3, #2
 8003e22:	f884 303d 	strb.w	r3, [r4, #61]	@ 0x3d
  TIM_Base_SetConfig(htim->Instance, &htim->Init);
 8003e26:	4621      	mov	r1, r4
 8003e28:	f851 0b04 	ldr.w	r0, [r1], #4
 8003e2c:	f7ff ffa0 	bl	8003d70 <TIM_Base_SetConfig>
  htim->DMABurstState = HAL_DMA_BURST_STATE_READY;
 8003e30:	2301      	movs	r3, #1
 8003e32:	f884 3046 	strb.w	r3, [r4, #70]	@ 0x46
  TIM_CHANNEL_STATE_SET_ALL(htim, HAL_TIM_CHANNEL_STATE_READY);
 8003e36:	f884 303e 	strb.w	r3, [r4, #62]	@ 0x3e
 8003e3a:	f884 303f 	strb.w	r3, [r4, #63]	@ 0x3f
 8003e3e:	f884 3040 	strb.w	r3, [r4, #64]	@ 0x40
 8003e42:	f884 3041 	strb.w	r3, [r4, #65]	@ 0x41
  TIM_CHANNEL_N_STATE_SET_ALL(htim, HAL_TIM_CHANNEL_STATE_READY);
 8003e46:	f884 3042 	strb.w	r3, [r4, #66]	@ 0x42
 8003e4a:	f884 3043 	strb.w	r3, [r4, #67]	@ 0x43
 8003e4e:	f884 3044 	strb.w	r3, [r4, #68]	@ 0x44
 8003e52:	f884 3045 	strb.w	r3, [r4, #69]	@ 0x45
  htim->State = HAL_TIM_STATE_READY;
 8003e56:	f884 303d 	strb.w	r3, [r4, #61]	@ 0x3d
  return HAL_OK;
 8003e5a:	2000      	movs	r0, #0
}
 8003e5c:	bd10      	pop	{r4, pc}
    htim->Lock = HAL_UNLOCKED;
 8003e5e:	f880 303c 	strb.w	r3, [r0, #60]	@ 0x3c
    HAL_TIM_Base_MspInit(htim);
 8003e62:	f002 f965 	bl	8006130 <HAL_TIM_Base_MspInit>
 8003e66:	e7db      	b.n	8003e20 <HAL_TIM_Base_Init+0xc>
    return HAL_ERROR;
 8003e68:	2001      	movs	r0, #1
}
 8003e6a:	4770      	bx	lr

08003e6c <HAL_TIM_PWM_Init>:
  if (htim == NULL)
 8003e6c:	b340      	cbz	r0, 8003ec0 <HAL_TIM_PWM_Init+0x54>
{
 8003e6e:	b510      	push	{r4, lr}
 8003e70:	4604      	mov	r4, r0
  if (htim->State == HAL_TIM_STATE_RESET)
 8003e72:	f890 303d 	ldrb.w	r3, [r0, #61]	@ 0x3d
 8003e76:	b1f3      	cbz	r3, 8003eb6 <HAL_TIM_PWM_Init+0x4a>
  htim->State = HAL_TIM_STATE_BUSY;
 8003e78:	2302      	movs	r3, #2
 8003e7a:	f884 303d 	strb.w	r3, [r4, #61]	@ 0x3d
  TIM_Base_SetConfig(htim->Instance, &htim->Init);
 8003e7e:	4621      	mov	r1, r4
 8003e80:	f851 0b04 	ldr.w	r0, [r1], #4
 8003e84:	f7ff ff74 	bl	8003d70 <TIM_Base_SetConfig>
  htim->DMABurstState = HAL_DMA_BURST_STATE_READY;
 8003e88:	2301      	movs	r3, #1
 8003e8a:	f884 3046 	strb.w	r3, [r4, #70]	@ 0x46
  TIM_CHANNEL_STATE_SET_ALL(htim, HAL_TIM_CHANNEL_STATE_READY);
 8003e8e:	f884 303e 	strb.w	r3, [r4, #62]	@ 0x3e
 8003e92:	f884 303f 	strb.w	r3, [r4, #63]	@ 0x3f
 8003e96:	f884 3040 	strb.w	r3, [r4, #64]	@ 0x40
 8003e9a:	f884 3041 	strb.w	r3, [r4, #65]	@ 0x41
  TIM_CHANNEL_N_STATE_SET_ALL(htim, HAL_TIM_CHANNEL_STATE_READY);
 8003e9e:	f884 3042 	strb.w	r3, [r4, #66]	@ 0x42
 8003ea2:	f884 3043 	strb.w	r3, [r4, #67]	@ 0x43
 8003ea6:	f884 3044 	strb.w	r3, [r4, #68]	@ 0x44
 8003eaa:	f884 3045 	strb.w	r3, [r4, #69]	@ 0x45
  htim->State = HAL_TIM_STATE_READY;
 8003eae:	f884 303d 	strb.w	r3, [r4, #61]	@ 0x3d
  return HAL_OK;
 8003eb2:	2000      	movs	r0, #0
}
 8003eb4:	bd10      	pop	{r4, pc}
    htim->Lock = HAL_UNLOCKED;
 8003eb6:	f880 303c 	strb.w	r3, [r0, #60]	@ 0x3c
    HAL_TIM_PWM_MspInit(htim);
 8003eba:	f7ff ff58 	bl	8003d6e <HAL_TIM_PWM_MspInit>
 8003ebe:	e7db      	b.n	8003e78 <HAL_TIM_PWM_Init+0xc>
    return HAL_ERROR;
 8003ec0:	2001      	movs	r0, #1
}
 8003ec2:	4770      	bx	lr

08003ec4 <TIM_OC2_SetConfig>:
{
 8003ec4:	b430      	push	{r4, r5}
  tmpccer = TIMx->CCER;
 8003ec6:	6a03      	ldr	r3, [r0, #32]
  TIMx->CCER &= ~TIM_CCER_CC2E;
 8003ec8:	6a02      	ldr	r2, [r0, #32]
 8003eca:	f022 0210 	bic.w	r2, r2, #16
 8003ece:	6202      	str	r2, [r0, #32]
  tmpcr2 =  TIMx->CR2;
 8003ed0:	6844      	ldr	r4, [r0, #4]
  tmpccmrx = TIMx->CCMR1;
 8003ed2:	6982      	ldr	r2, [r0, #24]
  tmpccmrx &= ~TIM_CCMR1_CC2S;
 8003ed4:	f422 42e6 	bic.w	r2, r2, #29440	@ 0x7300
  tmpccmrx |= (OC_Config->OCMode << 8U);
 8003ed8:	680d      	ldr	r5, [r1, #0]
 8003eda:	ea42 2205 	orr.w	r2, r2, r5, lsl #8
  tmpccer &= ~TIM_CCER_CC2P;
 8003ede:	f023 0320 	bic.w	r3, r3, #32
  tmpccer |= (OC_Config->OCPolarity << 4U);
 8003ee2:	688d      	ldr	r5, [r1, #8]
 8003ee4:	ea43 1305 	orr.w	r3, r3, r5, lsl #4
  if (IS_TIM_CCXN_INSTANCE(TIMx, TIM_CHANNEL_2))
 8003ee8:	4d0c      	ldr	r5, [pc, #48]	@ (8003f1c <TIM_OC2_SetConfig+0x58>)
 8003eea:	42a8      	cmp	r0, r5
 8003eec:	d006      	beq.n	8003efc <TIM_OC2_SetConfig+0x38>
  TIMx->CR2 = tmpcr2;
 8003eee:	6044      	str	r4, [r0, #4]
  TIMx->CCMR1 = tmpccmrx;
 8003ef0:	6182      	str	r2, [r0, #24]
  TIMx->CCR2 = OC_Config->Pulse;
 8003ef2:	684a      	ldr	r2, [r1, #4]
 8003ef4:	6382      	str	r2, [r0, #56]	@ 0x38
  TIMx->CCER = tmpccer;
 8003ef6:	6203      	str	r3, [r0, #32]
}
 8003ef8:	bc30      	pop	{r4, r5}
 8003efa:	4770      	bx	lr
    tmpccer &= ~TIM_CCER_CC2NP;
 8003efc:	f023 0380 	bic.w	r3, r3, #128	@ 0x80
    tmpccer |= (OC_Config->OCNPolarity << 4U);
 8003f00:	68cd      	ldr	r5, [r1, #12]
 8003f02:	ea43 1305 	orr.w	r3, r3, r5, lsl #4
    tmpccer &= ~TIM_CCER_CC2NE;
 8003f06:	f023 0340 	bic.w	r3, r3, #64	@ 0x40
    tmpcr2 &= ~TIM_CR2_OIS2N;
 8003f0a:	f424 6440 	bic.w	r4, r4, #3072	@ 0xc00
    tmpcr2 |= (OC_Config->OCIdleState << 2U);
 8003f0e:	694d      	ldr	r5, [r1, #20]
 8003f10:	ea44 0485 	orr.w	r4, r4, r5, lsl #2
    tmpcr2 |= (OC_Config->OCNIdleState << 2U);
 8003f14:	698d      	ldr	r5, [r1, #24]
 8003f16:	ea44 0485 	orr.w	r4, r4, r5, lsl #2
 8003f1a:	e7e8      	b.n	8003eee <TIM_OC2_SetConfig+0x2a>
 8003f1c:	40010000 	.word	0x40010000

08003f20 <HAL_TIM_PWM_ConfigChannel>:
{
 8003f20:	b538      	push	{r3, r4, r5, lr}
  __HAL_LOCK(htim);
 8003f22:	f890 303c 	ldrb.w	r3, [r0, #60]	@ 0x3c
 8003f26:	2b01      	cmp	r3, #1
 8003f28:	d066      	beq.n	8003ff8 <HAL_TIM_PWM_ConfigChannel+0xd8>
 8003f2a:	4604      	mov	r4, r0
 8003f2c:	460d      	mov	r5, r1
 8003f2e:	2301      	movs	r3, #1
 8003f30:	f880 303c 	strb.w	r3, [r0, #60]	@ 0x3c
  switch (Channel)
 8003f34:	2a0c      	cmp	r2, #12
 8003f36:	d85a      	bhi.n	8003fee <HAL_TIM_PWM_ConfigChannel+0xce>
 8003f38:	e8df f002 	tbb	[pc, r2]
 8003f3c:	59595907 	.word	0x59595907
 8003f40:	5959591b 	.word	0x5959591b
 8003f44:	59595930 	.word	0x59595930
 8003f48:	44          	.byte	0x44
 8003f49:	00          	.byte	0x00
      TIM_OC1_SetConfig(htim->Instance, sConfig);
 8003f4a:	6800      	ldr	r0, [r0, #0]
 8003f4c:	f7ff fe64 	bl	8003c18 <TIM_OC1_SetConfig>
      htim->Instance->CCMR1 |= TIM_CCMR1_OC1PE;
 8003f50:	6822      	ldr	r2, [r4, #0]
 8003f52:	6993      	ldr	r3, [r2, #24]
 8003f54:	f043 0308 	orr.w	r3, r3, #8
 8003f58:	6193      	str	r3, [r2, #24]
      htim->Instance->CCMR1 &= ~TIM_CCMR1_OC1FE;
 8003f5a:	6822      	ldr	r2, [r4, #0]
 8003f5c:	6993      	ldr	r3, [r2, #24]
 8003f5e:	f023 0304 	bic.w	r3, r3, #4
 8003f62:	6193      	str	r3, [r2, #24]
      htim->Instance->CCMR1 |= sConfig->OCFastMode;
 8003f64:	6822      	ldr	r2, [r4, #0]
 8003f66:	6993      	ldr	r3, [r2, #24]
 8003f68:	6929      	ldr	r1, [r5, #16]
 8003f6a:	430b      	orrs	r3, r1
 8003f6c:	6193      	str	r3, [r2, #24]
  HAL_StatusTypeDef status = HAL_OK;
 8003f6e:	2000      	movs	r0, #0
      break;
 8003f70:	e03e      	b.n	8003ff0 <HAL_TIM_PWM_ConfigChannel+0xd0>
      TIM_OC2_SetConfig(htim->Instance, sConfig);
 8003f72:	6800      	ldr	r0, [r0, #0]
 8003f74:	f7ff ffa6 	bl	8003ec4 <TIM_OC2_SetConfig>
      htim->Instance->CCMR1 |= TIM_CCMR1_OC2PE;
 8003f78:	6822      	ldr	r2, [r4, #0]
 8003f7a:	6993      	ldr	r3, [r2, #24]
 8003f7c:	f443 6300 	orr.w	r3, r3, #2048	@ 0x800
 8003f80:	6193      	str	r3, [r2, #24]
      htim->Instance->CCMR1 &= ~TIM_CCMR1_OC2FE;
 8003f82:	6822      	ldr	r2, [r4, #0]
 8003f84:	6993      	ldr	r3, [r2, #24]
 8003f86:	f423 6380 	bic.w	r3, r3, #1024	@ 0x400
 8003f8a:	6193      	str	r3, [r2, #24]
      htim->Instance->CCMR1 |= sConfig->OCFastMode << 8U;
 8003f8c:	6822      	ldr	r2, [r4, #0]
 8003f8e:	6993      	ldr	r3, [r2, #24]
 8003f90:	6929      	ldr	r1, [r5, #16]
 8003f92:	ea43 2301 	orr.w	r3, r3, r1, lsl #8
 8003f96:	6193      	str	r3, [r2, #24]
  HAL_StatusTypeDef status = HAL_OK;
 8003f98:	2000      	movs	r0, #0
      break;
 8003f9a:	e029      	b.n	8003ff0 <HAL_TIM_PWM_ConfigChannel+0xd0>
      TIM_OC3_SetConfig(htim->Instance, sConfig);
 8003f9c:	6800      	ldr	r0, [r0, #0]
 8003f9e:	f7ff fe65 	bl	8003c6c <TIM_OC3_SetConfig>
      htim->Instance->CCMR2 |= TIM_CCMR2_OC3PE;
 8003fa2:	6822      	ldr	r2, [r4, #0]
 8003fa4:	69d3      	ldr	r3, [r2, #28]
 8003fa6:	f043 0308 	orr.w	r3, r3, #8
 8003faa:	61d3      	str	r3, [r2, #28]
      htim->Instance->CCMR2 &= ~TIM_CCMR2_OC3FE;
 8003fac:	6822      	ldr	r2, [r4, #0]
 8003fae:	69d3      	ldr	r3, [r2, #28]
 8003fb0:	f023 0304 	bic.w	r3, r3, #4
 8003fb4:	61d3      	str	r3, [r2, #28]
      htim->Instance->CCMR2 |= sConfig->OCFastMode;
 8003fb6:	6822      	ldr	r2, [r4, #0]
 8003fb8:	69d3      	ldr	r3, [r2, #28]
 8003fba:	6929      	ldr	r1, [r5, #16]
 8003fbc:	430b      	orrs	r3, r1
 8003fbe:	61d3      	str	r3, [r2, #28]
  HAL_StatusTypeDef status = HAL_OK;
 8003fc0:	2000      	movs	r0, #0
      break;
 8003fc2:	e015      	b.n	8003ff0 <HAL_TIM_PWM_ConfigChannel+0xd0>
      TIM_OC4_SetConfig(htim->Instance, sConfig);
 8003fc4:	6800      	ldr	r0, [r0, #0]
 8003fc6:	f7ff fe7f 	bl	8003cc8 <TIM_OC4_SetConfig>
      htim->Instance->CCMR2 |= TIM_CCMR2_OC4PE;
 8003fca:	6822      	ldr	r2, [r4, #0]
 8003fcc:	69d3      	ldr	r3, [r2, #28]
 8003fce:	f443 6300 	orr.w	r3, r3, #2048	@ 0x800
 8003fd2:	61d3      	str	r3, [r2, #28]
      htim->Instance->CCMR2 &= ~TIM_CCMR2_OC4FE;
 8003fd4:	6822      	ldr	r2, [r4, #0]
 8003fd6:	69d3      	ldr	r3, [r2, #28]
 8003fd8:	f423 6380 	bic.w	r3, r3, #1024	@ 0x400
 8003fdc:	61d3      	str	r3, [r2, #28]
      htim->Instance->CCMR2 |= sConfig->OCFastMode << 8U;
 8003fde:	6822      	ldr	r2, [r4, #0]
 8003fe0:	69d3      	ldr	r3, [r2, #28]
 8003fe2:	6929      	ldr	r1, [r5, #16]
 8003fe4:	ea43 2301 	orr.w	r3, r3, r1, lsl #8
 8003fe8:	61d3      	str	r3, [r2, #28]
  HAL_StatusTypeDef status = HAL_OK;
 8003fea:	2000      	movs	r0, #0
      break;
 8003fec:	e000      	b.n	8003ff0 <HAL_TIM_PWM_ConfigChannel+0xd0>
  switch (Channel)
 8003fee:	2001      	movs	r0, #1
  __HAL_UNLOCK(htim);
 8003ff0:	2300      	movs	r3, #0
 8003ff2:	f884 303c 	strb.w	r3, [r4, #60]	@ 0x3c
}
 8003ff6:	bd38      	pop	{r3, r4, r5, pc}
  __HAL_LOCK(htim);
 8003ff8:	2002      	movs	r0, #2
 8003ffa:	e7fc      	b.n	8003ff6 <HAL_TIM_PWM_ConfigChannel+0xd6>

08003ffc <TIM_ETR_SetConfig>:
  *          This parameter must be a value between 0x00 and 0x0F
  * @retval None
  */
void TIM_ETR_SetConfig(TIM_TypeDef *TIMx, uint32_t TIM_ExtTRGPrescaler,
                       uint32_t TIM_ExtTRGPolarity, uint32_t ExtTRGFilter)
{
 8003ffc:	b410      	push	{r4}
  uint32_t tmpsmcr;

  tmpsmcr = TIMx->SMCR;
 8003ffe:	6884      	ldr	r4, [r0, #8]

  /* Reset the ETR Bits */
  tmpsmcr &= ~(TIM_SMCR_ETF | TIM_SMCR_ETPS | TIM_SMCR_ECE | TIM_SMCR_ETP);
 8004000:	f424 4c7f 	bic.w	ip, r4, #65280	@ 0xff00

  /* Set the Prescaler, the Filter value and the Polarity */
  tmpsmcr |= (uint32_t)(TIM_ExtTRGPrescaler | (TIM_ExtTRGPolarity | (ExtTRGFilter << 8U)));
 8004004:	ea42 2203 	orr.w	r2, r2, r3, lsl #8
 8004008:	430a      	orrs	r2, r1
 800400a:	ea42 020c 	orr.w	r2, r2, ip

  /* Write to TIMx SMCR */
  TIMx->SMCR = tmpsmcr;
 800400e:	6082      	str	r2, [r0, #8]
}
 8004010:	f85d 4b04 	ldr.w	r4, [sp], #4
 8004014:	4770      	bx	lr

08004016 <HAL_TIM_ConfigClockSource>:
  __HAL_LOCK(htim);
 8004016:	f890 303c 	ldrb.w	r3, [r0, #60]	@ 0x3c
 800401a:	2b01      	cmp	r3, #1
 800401c:	d078      	beq.n	8004110 <HAL_TIM_ConfigClockSource+0xfa>
{
 800401e:	b510      	push	{r4, lr}
 8004020:	4604      	mov	r4, r0
  __HAL_LOCK(htim);
 8004022:	2301      	movs	r3, #1
 8004024:	f880 303c 	strb.w	r3, [r0, #60]	@ 0x3c
  htim->State = HAL_TIM_STATE_BUSY;
 8004028:	2302      	movs	r3, #2
 800402a:	f880 303d 	strb.w	r3, [r0, #61]	@ 0x3d
  tmpsmcr = htim->Instance->SMCR;
 800402e:	6802      	ldr	r2, [r0, #0]
 8004030:	6893      	ldr	r3, [r2, #8]
  tmpsmcr &= ~(TIM_SMCR_ETF | TIM_SMCR_ETPS | TIM_SMCR_ECE | TIM_SMCR_ETP);
 8004032:	f423 437f 	bic.w	r3, r3, #65280	@ 0xff00
 8004036:	f023 0377 	bic.w	r3, r3, #119	@ 0x77
  htim->Instance->SMCR = tmpsmcr;
 800403a:	6093      	str	r3, [r2, #8]
  switch (sClockSourceConfig->ClockSource)
 800403c:	680b      	ldr	r3, [r1, #0]
 800403e:	2b60      	cmp	r3, #96	@ 0x60
 8004040:	d04c      	beq.n	80040dc <HAL_TIM_ConfigClockSource+0xc6>
 8004042:	d823      	bhi.n	800408c <HAL_TIM_ConfigClockSource+0x76>
 8004044:	2b40      	cmp	r3, #64	@ 0x40
 8004046:	d054      	beq.n	80040f2 <HAL_TIM_ConfigClockSource+0xdc>
 8004048:	d811      	bhi.n	800406e <HAL_TIM_ConfigClockSource+0x58>
 800404a:	2b20      	cmp	r3, #32
 800404c:	d003      	beq.n	8004056 <HAL_TIM_ConfigClockSource+0x40>
 800404e:	d80a      	bhi.n	8004066 <HAL_TIM_ConfigClockSource+0x50>
 8004050:	b10b      	cbz	r3, 8004056 <HAL_TIM_ConfigClockSource+0x40>
 8004052:	2b10      	cmp	r3, #16
 8004054:	d105      	bne.n	8004062 <HAL_TIM_ConfigClockSource+0x4c>
      TIM_ITRx_SetConfig(htim->Instance, sClockSourceConfig->ClockSource);
 8004056:	4619      	mov	r1, r3
 8004058:	6820      	ldr	r0, [r4, #0]
 800405a:	f7ff fe80 	bl	8003d5e <TIM_ITRx_SetConfig>
  HAL_StatusTypeDef status = HAL_OK;
 800405e:	2000      	movs	r0, #0
      break;
 8004060:	e028      	b.n	80040b4 <HAL_TIM_ConfigClockSource+0x9e>
      status = HAL_ERROR;
 8004062:	2001      	movs	r0, #1
 8004064:	e026      	b.n	80040b4 <HAL_TIM_ConfigClockSource+0x9e>
  switch (sClockSourceConfig->ClockSource)
 8004066:	2b30      	cmp	r3, #48	@ 0x30
 8004068:	d0f5      	beq.n	8004056 <HAL_TIM_ConfigClockSource+0x40>
      status = HAL_ERROR;
 800406a:	2001      	movs	r0, #1
 800406c:	e022      	b.n	80040b4 <HAL_TIM_ConfigClockSource+0x9e>
  switch (sClockSourceConfig->ClockSource)
 800406e:	2b50      	cmp	r3, #80	@ 0x50
 8004070:	d10a      	bne.n	8004088 <HAL_TIM_ConfigClockSource+0x72>
      TIM_TI1_ConfigInputStage(htim->Instance,
 8004072:	68ca      	ldr	r2, [r1, #12]
 8004074:	6849      	ldr	r1, [r1, #4]
 8004076:	6800      	ldr	r0, [r0, #0]
 8004078:	f7ff fe4a 	bl	8003d10 <TIM_TI1_ConfigInputStage>
      TIM_ITRx_SetConfig(htim->Instance, TIM_CLOCKSOURCE_TI1);
 800407c:	2150      	movs	r1, #80	@ 0x50
 800407e:	6820      	ldr	r0, [r4, #0]
 8004080:	f7ff fe6d 	bl	8003d5e <TIM_ITRx_SetConfig>
  HAL_StatusTypeDef status = HAL_OK;
 8004084:	2000      	movs	r0, #0
      break;
 8004086:	e015      	b.n	80040b4 <HAL_TIM_ConfigClockSource+0x9e>
      status = HAL_ERROR;
 8004088:	2001      	movs	r0, #1
 800408a:	e013      	b.n	80040b4 <HAL_TIM_ConfigClockSource+0x9e>
  switch (sClockSourceConfig->ClockSource)
 800408c:	f5b3 5f80 	cmp.w	r3, #4096	@ 0x1000
 8004090:	d03a      	beq.n	8004108 <HAL_TIM_ConfigClockSource+0xf2>
 8004092:	f5b3 5f00 	cmp.w	r3, #8192	@ 0x2000
 8004096:	d014      	beq.n	80040c2 <HAL_TIM_ConfigClockSource+0xac>
 8004098:	2b70      	cmp	r3, #112	@ 0x70
 800409a:	d137      	bne.n	800410c <HAL_TIM_ConfigClockSource+0xf6>
      TIM_ETR_SetConfig(htim->Instance,
 800409c:	68cb      	ldr	r3, [r1, #12]
 800409e:	684a      	ldr	r2, [r1, #4]
 80040a0:	6889      	ldr	r1, [r1, #8]
 80040a2:	6800      	ldr	r0, [r0, #0]
 80040a4:	f7ff ffaa 	bl	8003ffc <TIM_ETR_SetConfig>
      tmpsmcr = htim->Instance->SMCR;
 80040a8:	6822      	ldr	r2, [r4, #0]
 80040aa:	6893      	ldr	r3, [r2, #8]
      tmpsmcr |= (TIM_SLAVEMODE_EXTERNAL1 | TIM_CLOCKSOURCE_ETRMODE1);
 80040ac:	f043 0377 	orr.w	r3, r3, #119	@ 0x77
      htim->Instance->SMCR = tmpsmcr;
 80040b0:	6093      	str	r3, [r2, #8]
  HAL_StatusTypeDef status = HAL_OK;
 80040b2:	2000      	movs	r0, #0
  htim->State = HAL_TIM_STATE_READY;
 80040b4:	2301      	movs	r3, #1
 80040b6:	f884 303d 	strb.w	r3, [r4, #61]	@ 0x3d
  __HAL_UNLOCK(htim);
 80040ba:	2300      	movs	r3, #0
 80040bc:	f884 303c 	strb.w	r3, [r4, #60]	@ 0x3c
}
 80040c0:	bd10      	pop	{r4, pc}
      TIM_ETR_SetConfig(htim->Instance,
 80040c2:	68cb      	ldr	r3, [r1, #12]
 80040c4:	684a      	ldr	r2, [r1, #4]
 80040c6:	6889      	ldr	r1, [r1, #8]
 80040c8:	6800      	ldr	r0, [r0, #0]
 80040ca:	f7ff ff97 	bl	8003ffc <TIM_ETR_SetConfig>
      htim->Instance->SMCR |= TIM_SMCR_ECE;
 80040ce:	6822      	ldr	r2, [r4, #0]
 80040d0:	6893      	ldr	r3, [r2, #8]
 80040d2:	f443 4380 	orr.w	r3, r3, #16384	@ 0x4000
 80040d6:	6093      	str	r3, [r2, #8]
  HAL_StatusTypeDef status = HAL_OK;
 80040d8:	2000      	movs	r0, #0
      break;
 80040da:	e7eb      	b.n	80040b4 <HAL_TIM_ConfigClockSource+0x9e>
      TIM_TI2_ConfigInputStage(htim->Instance,
 80040dc:	68ca      	ldr	r2, [r1, #12]
 80040de:	6849      	ldr	r1, [r1, #4]
 80040e0:	6800      	ldr	r0, [r0, #0]
 80040e2:	f7ff fe28 	bl	8003d36 <TIM_TI2_ConfigInputStage>
      TIM_ITRx_SetConfig(htim->Instance, TIM_CLOCKSOURCE_TI2);
 80040e6:	2160      	movs	r1, #96	@ 0x60
 80040e8:	6820      	ldr	r0, [r4, #0]
 80040ea:	f7ff fe38 	bl	8003d5e <TIM_ITRx_SetConfig>
  HAL_StatusTypeDef status = HAL_OK;
 80040ee:	2000      	movs	r0, #0
      break;
 80040f0:	e7e0      	b.n	80040b4 <HAL_TIM_ConfigClockSource+0x9e>
      TIM_TI1_ConfigInputStage(htim->Instance,
 80040f2:	68ca      	ldr	r2, [r1, #12]
 80040f4:	6849      	ldr	r1, [r1, #4]
 80040f6:	6800      	ldr	r0, [r0, #0]
 80040f8:	f7ff fe0a 	bl	8003d10 <TIM_TI1_ConfigInputStage>
      TIM_ITRx_SetConfig(htim->Instance, TIM_CLOCKSOURCE_TI1ED);
 80040fc:	2140      	movs	r1, #64	@ 0x40
 80040fe:	6820      	ldr	r0, [r4, #0]
 8004100:	f7ff fe2d 	bl	8003d5e <TIM_ITRx_SetConfig>
  HAL_StatusTypeDef status = HAL_OK;
 8004104:	2000      	movs	r0, #0
      break;
 8004106:	e7d5      	b.n	80040b4 <HAL_TIM_ConfigClockSource+0x9e>
  switch (sClockSourceConfig->ClockSource)
 8004108:	2000      	movs	r0, #0
 800410a:	e7d3      	b.n	80040b4 <HAL_TIM_ConfigClockSource+0x9e>
      status = HAL_ERROR;
 800410c:	2001      	movs	r0, #1
 800410e:	e7d1      	b.n	80040b4 <HAL_TIM_ConfigClockSource+0x9e>
  __HAL_LOCK(htim);
 8004110:	2002      	movs	r0, #2
}
 8004112:	4770      	bx	lr

08004114 <TIM_CCxChannelCmd>:

  /* Check the parameters */
  assert_param(IS_TIM_CC1_INSTANCE(TIMx));
  assert_param(IS_TIM_CHANNELS(Channel));

  tmp = TIM_CCER_CC1E << (Channel & 0x1FU); /* 0x1FU = 31 bits max shift */
 8004114:	f001 011f 	and.w	r1, r1, #31
 8004118:	f04f 0c01 	mov.w	ip, #1
 800411c:	fa0c fc01 	lsl.w	ip, ip, r1

  /* Reset the CCxE Bit */
  TIMx->CCER &= ~tmp;
 8004120:	6a03      	ldr	r3, [r0, #32]
 8004122:	ea23 030c 	bic.w	r3, r3, ip
 8004126:	6203      	str	r3, [r0, #32]

  /* Set or reset the CCxE Bit */
  TIMx->CCER |= (uint32_t)(ChannelState << (Channel & 0x1FU)); /* 0x1FU = 31 bits max shift */
 8004128:	6a03      	ldr	r3, [r0, #32]
 800412a:	408a      	lsls	r2, r1
 800412c:	4313      	orrs	r3, r2
 800412e:	6203      	str	r3, [r0, #32]
}
 8004130:	4770      	bx	lr
	...

08004134 <HAL_TIM_PWM_Start>:
{
 8004134:	b510      	push	{r4, lr}
 8004136:	4604      	mov	r4, r0
  if (TIM_CHANNEL_STATE_GET(htim, Channel) != HAL_TIM_CHANNEL_STATE_READY)
 8004138:	4608      	mov	r0, r1
 800413a:	bb89      	cbnz	r1, 80041a0 <HAL_TIM_PWM_Start+0x6c>
 800413c:	f894 303e 	ldrb.w	r3, [r4, #62]	@ 0x3e
 8004140:	3b01      	subs	r3, #1
 8004142:	bf18      	it	ne
 8004144:	2301      	movne	r3, #1
 8004146:	2b00      	cmp	r3, #0
 8004148:	d160      	bne.n	800420c <HAL_TIM_PWM_Start+0xd8>
  TIM_CHANNEL_STATE_SET(htim, Channel, HAL_TIM_CHANNEL_STATE_BUSY);
 800414a:	2800      	cmp	r0, #0
 800414c:	d13e      	bne.n	80041cc <HAL_TIM_PWM_Start+0x98>
 800414e:	2302      	movs	r3, #2
 8004150:	f884 303e 	strb.w	r3, [r4, #62]	@ 0x3e
  TIM_CCxChannelCmd(htim->Instance, Channel, TIM_CCx_ENABLE);
 8004154:	2201      	movs	r2, #1
 8004156:	4601      	mov	r1, r0
 8004158:	6820      	ldr	r0, [r4, #0]
 800415a:	f7ff ffdb 	bl	8004114 <TIM_CCxChannelCmd>
  if (IS_TIM_BREAK_INSTANCE(htim->Instance) != RESET)
 800415e:	6823      	ldr	r3, [r4, #0]
 8004160:	4a2c      	ldr	r2, [pc, #176]	@ (8004214 <HAL_TIM_PWM_Start+0xe0>)
 8004162:	4293      	cmp	r3, r2
 8004164:	d042      	beq.n	80041ec <HAL_TIM_PWM_Start+0xb8>
  if (IS_TIM_SLAVE_INSTANCE(htim->Instance))
 8004166:	6823      	ldr	r3, [r4, #0]
 8004168:	4a2a      	ldr	r2, [pc, #168]	@ (8004214 <HAL_TIM_PWM_Start+0xe0>)
 800416a:	4293      	cmp	r3, r2
 800416c:	d043      	beq.n	80041f6 <HAL_TIM_PWM_Start+0xc2>
 800416e:	f1b3 4f80 	cmp.w	r3, #1073741824	@ 0x40000000
 8004172:	d040      	beq.n	80041f6 <HAL_TIM_PWM_Start+0xc2>
 8004174:	f5a2 427c 	sub.w	r2, r2, #64512	@ 0xfc00
 8004178:	4293      	cmp	r3, r2
 800417a:	d03c      	beq.n	80041f6 <HAL_TIM_PWM_Start+0xc2>
 800417c:	f502 6280 	add.w	r2, r2, #1024	@ 0x400
 8004180:	4293      	cmp	r3, r2
 8004182:	d038      	beq.n	80041f6 <HAL_TIM_PWM_Start+0xc2>
 8004184:	f502 6280 	add.w	r2, r2, #1024	@ 0x400
 8004188:	4293      	cmp	r3, r2
 800418a:	d034      	beq.n	80041f6 <HAL_TIM_PWM_Start+0xc2>
 800418c:	f502 329a 	add.w	r2, r2, #78848	@ 0x13400
 8004190:	4293      	cmp	r3, r2
 8004192:	d030      	beq.n	80041f6 <HAL_TIM_PWM_Start+0xc2>
    __HAL_TIM_ENABLE(htim);
 8004194:	681a      	ldr	r2, [r3, #0]
 8004196:	f042 0201 	orr.w	r2, r2, #1
 800419a:	601a      	str	r2, [r3, #0]
  return HAL_OK;
 800419c:	2000      	movs	r0, #0
 800419e:	e034      	b.n	800420a <HAL_TIM_PWM_Start+0xd6>
  if (TIM_CHANNEL_STATE_GET(htim, Channel) != HAL_TIM_CHANNEL_STATE_READY)
 80041a0:	2904      	cmp	r1, #4
 80041a2:	d007      	beq.n	80041b4 <HAL_TIM_PWM_Start+0x80>
 80041a4:	2908      	cmp	r1, #8
 80041a6:	d00b      	beq.n	80041c0 <HAL_TIM_PWM_Start+0x8c>
 80041a8:	f894 3041 	ldrb.w	r3, [r4, #65]	@ 0x41
 80041ac:	3b01      	subs	r3, #1
 80041ae:	bf18      	it	ne
 80041b0:	2301      	movne	r3, #1
 80041b2:	e7c8      	b.n	8004146 <HAL_TIM_PWM_Start+0x12>
 80041b4:	f894 303f 	ldrb.w	r3, [r4, #63]	@ 0x3f
 80041b8:	3b01      	subs	r3, #1
 80041ba:	bf18      	it	ne
 80041bc:	2301      	movne	r3, #1
 80041be:	e7c2      	b.n	8004146 <HAL_TIM_PWM_Start+0x12>
 80041c0:	f894 3040 	ldrb.w	r3, [r4, #64]	@ 0x40
 80041c4:	3b01      	subs	r3, #1
 80041c6:	bf18      	it	ne
 80041c8:	2301      	movne	r3, #1
 80041ca:	e7bc      	b.n	8004146 <HAL_TIM_PWM_Start+0x12>
  TIM_CHANNEL_STATE_SET(htim, Channel, HAL_TIM_CHANNEL_STATE_BUSY);
 80041cc:	2804      	cmp	r0, #4
 80041ce:	d005      	beq.n	80041dc <HAL_TIM_PWM_Start+0xa8>
 80041d0:	2808      	cmp	r0, #8
 80041d2:	d007      	beq.n	80041e4 <HAL_TIM_PWM_Start+0xb0>
 80041d4:	2302      	movs	r3, #2
 80041d6:	f884 3041 	strb.w	r3, [r4, #65]	@ 0x41
 80041da:	e7bb      	b.n	8004154 <HAL_TIM_PWM_Start+0x20>
 80041dc:	2302      	movs	r3, #2
 80041de:	f884 303f 	strb.w	r3, [r4, #63]	@ 0x3f
 80041e2:	e7b7      	b.n	8004154 <HAL_TIM_PWM_Start+0x20>
 80041e4:	2302      	movs	r3, #2
 80041e6:	f884 3040 	strb.w	r3, [r4, #64]	@ 0x40
 80041ea:	e7b3      	b.n	8004154 <HAL_TIM_PWM_Start+0x20>
    __HAL_TIM_MOE_ENABLE(htim);
 80041ec:	6c5a      	ldr	r2, [r3, #68]	@ 0x44
 80041ee:	f442 4200 	orr.w	r2, r2, #32768	@ 0x8000
 80041f2:	645a      	str	r2, [r3, #68]	@ 0x44
 80041f4:	e7b7      	b.n	8004166 <HAL_TIM_PWM_Start+0x32>
    tmpsmcr = htim->Instance->SMCR & TIM_SMCR_SMS;
 80041f6:	689a      	ldr	r2, [r3, #8]
 80041f8:	f002 0207 	and.w	r2, r2, #7
    if (!IS_TIM_SLAVEMODE_TRIGGER_ENABLED(tmpsmcr))
 80041fc:	2a06      	cmp	r2, #6
 80041fe:	d007      	beq.n	8004210 <HAL_TIM_PWM_Start+0xdc>
      __HAL_TIM_ENABLE(htim);
 8004200:	681a      	ldr	r2, [r3, #0]
 8004202:	f042 0201 	orr.w	r2, r2, #1
 8004206:	601a      	str	r2, [r3, #0]
  return HAL_OK;
 8004208:	2000      	movs	r0, #0
}
 800420a:	bd10      	pop	{r4, pc}
    return HAL_ERROR;
 800420c:	2001      	movs	r0, #1
 800420e:	e7fc      	b.n	800420a <HAL_TIM_PWM_Start+0xd6>
  return HAL_OK;
 8004210:	2000      	movs	r0, #0
 8004212:	e7fa      	b.n	800420a <HAL_TIM_PWM_Start+0xd6>
 8004214:	40010000 	.word	0x40010000

08004218 <HAL_TIMEx_MasterConfigSynchronization>:
  assert_param(IS_TIM_MASTER_INSTANCE(htim->Instance));
  assert_param(IS_TIM_TRGO_SOURCE(sMasterConfig->MasterOutputTrigger));
  assert_param(IS_TIM_MSM_STATE(sMasterConfig->MasterSlaveMode));

  /* Check input state */
  __HAL_LOCK(htim);
 8004218:	f890 203c 	ldrb.w	r2, [r0, #60]	@ 0x3c
 800421c:	2a01      	cmp	r2, #1
 800421e:	d035      	beq.n	800428c <HAL_TIMEx_MasterConfigSynchronization+0x74>
{
 8004220:	b410      	push	{r4}
 8004222:	4603      	mov	r3, r0
  __HAL_LOCK(htim);
 8004224:	2201      	movs	r2, #1
 8004226:	f880 203c 	strb.w	r2, [r0, #60]	@ 0x3c

  /* Change the handler state */
  htim->State = HAL_TIM_STATE_BUSY;
 800422a:	2202      	movs	r2, #2
 800422c:	f880 203d 	strb.w	r2, [r0, #61]	@ 0x3d

  /* Get the TIMx CR2 register value */
  tmpcr2 = htim->Instance->CR2;
 8004230:	6802      	ldr	r2, [r0, #0]
 8004232:	6850      	ldr	r0, [r2, #4]

  /* Get the TIMx SMCR register value */
  tmpsmcr = htim->Instance->SMCR;
 8004234:	6894      	ldr	r4, [r2, #8]

  /* Reset the MMS Bits */
  tmpcr2 &= ~TIM_CR2_MMS;
 8004236:	f020 0c70 	bic.w	ip, r0, #112	@ 0x70
  /* Select the TRGO source */
  tmpcr2 |=  sMasterConfig->MasterOutputTrigger;
 800423a:	6808      	ldr	r0, [r1, #0]
 800423c:	ea40 000c 	orr.w	r0, r0, ip

  /* Update TIMx CR2 */
  htim->Instance->CR2 = tmpcr2;
 8004240:	6050      	str	r0, [r2, #4]

  if (IS_TIM_SLAVE_INSTANCE(htim->Instance))
 8004242:	681a      	ldr	r2, [r3, #0]
 8004244:	4812      	ldr	r0, [pc, #72]	@ (8004290 <HAL_TIMEx_MasterConfigSynchronization+0x78>)
 8004246:	4282      	cmp	r2, r0
 8004248:	d012      	beq.n	8004270 <HAL_TIMEx_MasterConfigSynchronization+0x58>
 800424a:	f1b2 4f80 	cmp.w	r2, #1073741824	@ 0x40000000
 800424e:	d00f      	beq.n	8004270 <HAL_TIMEx_MasterConfigSynchronization+0x58>
 8004250:	f5a0 407c 	sub.w	r0, r0, #64512	@ 0xfc00
 8004254:	4282      	cmp	r2, r0
 8004256:	d00b      	beq.n	8004270 <HAL_TIMEx_MasterConfigSynchronization+0x58>
 8004258:	f500 6080 	add.w	r0, r0, #1024	@ 0x400
 800425c:	4282      	cmp	r2, r0
 800425e:	d007      	beq.n	8004270 <HAL_TIMEx_MasterConfigSynchronization+0x58>
 8004260:	f500 6080 	add.w	r0, r0, #1024	@ 0x400
 8004264:	4282      	cmp	r2, r0
 8004266:	d003      	beq.n	8004270 <HAL_TIMEx_MasterConfigSynchronization+0x58>
 8004268:	f500 309a 	add.w	r0, r0, #78848	@ 0x13400
 800426c:	4282      	cmp	r2, r0
 800426e:	d104      	bne.n	800427a <HAL_TIMEx_MasterConfigSynchronization+0x62>
  {
    /* Reset the MSM Bit */
    tmpsmcr &= ~TIM_SMCR_MSM;
 8004270:	f024 0480 	bic.w	r4, r4, #128	@ 0x80
    /* Set master mode */
    tmpsmcr |= sMasterConfig->MasterSlaveMode;
 8004274:	6849      	ldr	r1, [r1, #4]
 8004276:	4321      	orrs	r1, r4

    /* Update TIMx SMCR */
    htim->Instance->SMCR = tmpsmcr;
 8004278:	6091      	str	r1, [r2, #8]
  }

  /* Change the htim state */
  htim->State = HAL_TIM_STATE_READY;
 800427a:	2201      	movs	r2, #1
 800427c:	f883 203d 	strb.w	r2, [r3, #61]	@ 0x3d

  __HAL_UNLOCK(htim);
 8004280:	2000      	movs	r0, #0
 8004282:	f883 003c 	strb.w	r0, [r3, #60]	@ 0x3c

  return HAL_OK;
}
 8004286:	f85d 4b04 	ldr.w	r4, [sp], #4
 800428a:	4770      	bx	lr
  __HAL_LOCK(htim);
 800428c:	2002      	movs	r0, #2
}
 800428e:	4770      	bx	lr
 8004290:	40010000 	.word	0x40010000

08004294 <HAL_TIMEx_ConfigBreakDeadTime>:
  *         interrupt can be enabled by calling the @ref __HAL_TIM_ENABLE_IT macro.
  * @retval HAL status
  */
HAL_StatusTypeDef HAL_TIMEx_ConfigBreakDeadTime(TIM_HandleTypeDef *htim,
                                                const TIM_BreakDeadTimeConfigTypeDef *sBreakDeadTimeConfig)
{
 8004294:	4602      	mov	r2, r0
  assert_param(IS_TIM_BREAK_STATE(sBreakDeadTimeConfig->BreakState));
  assert_param(IS_TIM_BREAK_POLARITY(sBreakDeadTimeConfig->BreakPolarity));
  assert_param(IS_TIM_AUTOMATIC_OUTPUT_STATE(sBreakDeadTimeConfig->AutomaticOutput));

  /* Check input state */
  __HAL_LOCK(htim);
 8004296:	f890 303c 	ldrb.w	r3, [r0, #60]	@ 0x3c
 800429a:	2b01      	cmp	r3, #1
 800429c:	d021      	beq.n	80042e2 <HAL_TIMEx_ConfigBreakDeadTime+0x4e>
 800429e:	2301      	movs	r3, #1
 80042a0:	f880 303c 	strb.w	r3, [r0, #60]	@ 0x3c

  /* Set the Lock level, the Break enable Bit and the Polarity, the OSSR State,
     the OSSI State, the dead time value and the Automatic Output Enable Bit */

  /* Set the BDTR bits */
  MODIFY_REG(tmpbdtr, TIM_BDTR_DTG, sBreakDeadTimeConfig->DeadTime);
 80042a4:	68cb      	ldr	r3, [r1, #12]
  MODIFY_REG(tmpbdtr, TIM_BDTR_LOCK, sBreakDeadTimeConfig->LockLevel);
 80042a6:	f423 7340 	bic.w	r3, r3, #768	@ 0x300
 80042aa:	6888      	ldr	r0, [r1, #8]
 80042ac:	4303      	orrs	r3, r0
  MODIFY_REG(tmpbdtr, TIM_BDTR_OSSI, sBreakDeadTimeConfig->OffStateIDLEMode);
 80042ae:	f423 6380 	bic.w	r3, r3, #1024	@ 0x400
 80042b2:	6848      	ldr	r0, [r1, #4]
 80042b4:	4303      	orrs	r3, r0
  MODIFY_REG(tmpbdtr, TIM_BDTR_OSSR, sBreakDeadTimeConfig->OffStateRunMode);
 80042b6:	f423 6300 	bic.w	r3, r3, #2048	@ 0x800
 80042ba:	6808      	ldr	r0, [r1, #0]
 80042bc:	4303      	orrs	r3, r0
  MODIFY_REG(tmpbdtr, TIM_BDTR_BKE, sBreakDeadTimeConfig->BreakState);
 80042be:	f423 5380 	bic.w	r3, r3, #4096	@ 0x1000
 80042c2:	6908      	ldr	r0, [r1, #16]
 80042c4:	4303      	orrs	r3, r0
  MODIFY_REG(tmpbdtr, TIM_BDTR_BKP, sBreakDeadTimeConfig->BreakPolarity);
 80042c6:	f423 5300 	bic.w	r3, r3, #8192	@ 0x2000
 80042ca:	6948      	ldr	r0, [r1, #20]
 80042cc:	4303      	orrs	r3, r0
  MODIFY_REG(tmpbdtr, TIM_BDTR_AOE, sBreakDeadTimeConfig->AutomaticOutput);
 80042ce:	f423 4380 	bic.w	r3, r3, #16384	@ 0x4000
 80042d2:	69c9      	ldr	r1, [r1, #28]
 80042d4:	430b      	orrs	r3, r1


  /* Set TIMx_BDTR */
  htim->Instance->BDTR = tmpbdtr;
 80042d6:	6811      	ldr	r1, [r2, #0]
 80042d8:	644b      	str	r3, [r1, #68]	@ 0x44

  __HAL_UNLOCK(htim);
 80042da:	2000      	movs	r0, #0
 80042dc:	f882 003c 	strb.w	r0, [r2, #60]	@ 0x3c

  return HAL_OK;
 80042e0:	4770      	bx	lr
  __HAL_LOCK(htim);
 80042e2:	2002      	movs	r0, #2
}
 80042e4:	4770      	bx	lr

080042e6 <UART_EndTxTransfer>:
  * @retval None
  */
static void UART_EndTxTransfer(UART_HandleTypeDef *huart)
{
  /* Disable TXEIE and TCIE interrupts */
  ATOMIC_CLEAR_BIT(huart->Instance->CR1, (USART_CR1_TXEIE | USART_CR1_TCIE));
 80042e6:	6802      	ldr	r2, [r0, #0]
   __ASM volatile ("ldrex %0, %1" : "=r" (result) : "Q" (*addr) );
 80042e8:	f102 030c 	add.w	r3, r2, #12
 80042ec:	e853 3f00 	ldrex	r3, [r3]
 80042f0:	f023 03c0 	bic.w	r3, r3, #192	@ 0xc0
   __ASM volatile ("strex %0, %2, %1" : "=&r" (result), "=Q" (*addr) : "r" (value) );
 80042f4:	320c      	adds	r2, #12
 80042f6:	e842 3100 	strex	r1, r3, [r2]
 80042fa:	2900      	cmp	r1, #0
 80042fc:	d1f3      	bne.n	80042e6 <UART_EndTxTransfer>

  /* At end of Tx process, restore huart->gState to Ready */
  huart->gState = HAL_UART_STATE_READY;
 80042fe:	2320      	movs	r3, #32
 8004300:	f880 3041 	strb.w	r3, [r0, #65]	@ 0x41
}
 8004304:	4770      	bx	lr

08004306 <UART_EndRxTransfer>:
  * @retval None
  */
static void UART_EndRxTransfer(UART_HandleTypeDef *huart)
{
  /* Disable RXNE, PE and ERR (Frame error, noise error, overrun error) interrupts */
  ATOMIC_CLEAR_BIT(huart->Instance->CR1, (USART_CR1_RXNEIE | USART_CR1_PEIE));
 8004306:	6802      	ldr	r2, [r0, #0]
   __ASM volatile ("ldrex %0, %1" : "=r" (result) : "Q" (*addr) );
 8004308:	f102 030c 	add.w	r3, r2, #12
 800430c:	e853 3f00 	ldrex	r3, [r3]
 8004310:	f423 7390 	bic.w	r3, r3, #288	@ 0x120
   __ASM volatile ("strex %0, %2, %1" : "=&r" (result), "=Q" (*addr) : "r" (value) );
 8004314:	320c      	adds	r2, #12
 8004316:	e842 3100 	strex	r1, r3, [r2]
 800431a:	2900      	cmp	r1, #0
 800431c:	d1f3      	bne.n	8004306 <UART_EndRxTransfer>
  ATOMIC_CLEAR_BIT(huart->Instance->CR3, USART_CR3_EIE);
 800431e:	6802      	ldr	r2, [r0, #0]
   __ASM volatile ("ldrex %0, %1" : "=r" (result) : "Q" (*addr) );
 8004320:	f102 0314 	add.w	r3, r2, #20
 8004324:	e853 3f00 	ldrex	r3, [r3]
 8004328:	f023 0301 	bic.w	r3, r3, #1
   __ASM volatile ("strex %0, %2, %1" : "=&r" (result), "=Q" (*addr) : "r" (value) );
 800432c:	3214      	adds	r2, #20
 800432e:	e842 3100 	strex	r1, r3, [r2]
 8004332:	2900      	cmp	r1, #0
 8004334:	d1f3      	bne.n	800431e <UART_EndRxTransfer+0x18>

  /* In case of reception waiting for IDLE event, disable also the IDLE IE interrupt source */
  if (huart->ReceptionType == HAL_UART_RECEPTION_TOIDLE)
 8004336:	6b03      	ldr	r3, [r0, #48]	@ 0x30
 8004338:	2b01      	cmp	r3, #1
 800433a:	d005      	beq.n	8004348 <UART_EndRxTransfer+0x42>
  {
    ATOMIC_CLEAR_BIT(huart->Instance->CR1, USART_CR1_IDLEIE);
  }

  /* At end of Rx process, restore huart->RxState to Ready */
  huart->RxState = HAL_UART_STATE_READY;
 800433c:	2320      	movs	r3, #32
 800433e:	f880 3042 	strb.w	r3, [r0, #66]	@ 0x42
  huart->ReceptionType = HAL_UART_RECEPTION_STANDARD;
 8004342:	2300      	movs	r3, #0
 8004344:	6303      	str	r3, [r0, #48]	@ 0x30
}
 8004346:	4770      	bx	lr
    ATOMIC_CLEAR_BIT(huart->Instance->CR1, USART_CR1_IDLEIE);
 8004348:	6802      	ldr	r2, [r0, #0]
   __ASM volatile ("ldrex %0, %1" : "=r" (result) : "Q" (*addr) );
 800434a:	f102 030c 	add.w	r3, r2, #12
 800434e:	e853 3f00 	ldrex	r3, [r3]
 8004352:	f023 0310 	bic.w	r3, r3, #16
   __ASM volatile ("strex %0, %2, %1" : "=&r" (result), "=Q" (*addr) : "r" (value) );
 8004356:	320c      	adds	r2, #12
 8004358:	e842 3100 	strex	r1, r3, [r2]
 800435c:	2900      	cmp	r1, #0
 800435e:	d1f3      	bne.n	8004348 <UART_EndRxTransfer+0x42>
 8004360:	e7ec      	b.n	800433c <UART_EndRxTransfer+0x36>

08004362 <UART_Transmit_IT>:
static HAL_StatusTypeDef UART_Transmit_IT(UART_HandleTypeDef *huart)
{
  const uint16_t *tmp;

  /* Check that a Tx process is ongoing */
  if (huart->gState == HAL_UART_STATE_BUSY_TX)
 8004362:	f890 3041 	ldrb.w	r3, [r0, #65]	@ 0x41
 8004366:	2b21      	cmp	r3, #33	@ 0x21
 8004368:	d001      	beq.n	800436e <UART_Transmit_IT+0xc>
    }
    return HAL_OK;
  }
  else
  {
    return HAL_BUSY;
 800436a:	2002      	movs	r0, #2
  }
}
 800436c:	4770      	bx	lr
    if ((huart->Init.WordLength == UART_WORDLENGTH_9B) && (huart->Init.Parity == UART_PARITY_NONE))
 800436e:	6883      	ldr	r3, [r0, #8]
 8004370:	f5b3 5f80 	cmp.w	r3, #4096	@ 0x1000
 8004374:	d017      	beq.n	80043a6 <UART_Transmit_IT+0x44>
      huart->Instance->DR = (uint8_t)(*huart->pTxBuffPtr++ & (uint8_t)0x00FF);
 8004376:	6a03      	ldr	r3, [r0, #32]
 8004378:	1c5a      	adds	r2, r3, #1
 800437a:	6202      	str	r2, [r0, #32]
 800437c:	781a      	ldrb	r2, [r3, #0]
 800437e:	6803      	ldr	r3, [r0, #0]
 8004380:	605a      	str	r2, [r3, #4]
    if (--huart->TxXferCount == 0U)
 8004382:	8cc3      	ldrh	r3, [r0, #38]	@ 0x26
 8004384:	b29b      	uxth	r3, r3
 8004386:	3b01      	subs	r3, #1
 8004388:	b29b      	uxth	r3, r3
 800438a:	84c3      	strh	r3, [r0, #38]	@ 0x26
 800438c:	b94b      	cbnz	r3, 80043a2 <UART_Transmit_IT+0x40>
      __HAL_UART_DISABLE_IT(huart, UART_IT_TXE);
 800438e:	6802      	ldr	r2, [r0, #0]
 8004390:	68d3      	ldr	r3, [r2, #12]
 8004392:	f023 0380 	bic.w	r3, r3, #128	@ 0x80
 8004396:	60d3      	str	r3, [r2, #12]
      __HAL_UART_ENABLE_IT(huart, UART_IT_TC);
 8004398:	6802      	ldr	r2, [r0, #0]
 800439a:	68d3      	ldr	r3, [r2, #12]
 800439c:	f043 0340 	orr.w	r3, r3, #64	@ 0x40
 80043a0:	60d3      	str	r3, [r2, #12]
    return HAL_OK;
 80043a2:	2000      	movs	r0, #0
 80043a4:	4770      	bx	lr
    if ((huart->Init.WordLength == UART_WORDLENGTH_9B) && (huart->Init.Parity == UART_PARITY_NONE))
 80043a6:	6903      	ldr	r3, [r0, #16]
 80043a8:	2b00      	cmp	r3, #0
 80043aa:	d1e4      	bne.n	8004376 <UART_Transmit_IT+0x14>
      tmp = (const uint16_t *) huart->pTxBuffPtr;
 80043ac:	6a03      	ldr	r3, [r0, #32]
      huart->Instance->DR = (uint16_t)(*tmp & (uint16_t)0x01FF);
 80043ae:	881b      	ldrh	r3, [r3, #0]
 80043b0:	6802      	ldr	r2, [r0, #0]
 80043b2:	f3c3 0308 	ubfx	r3, r3, #0, #9
 80043b6:	6053      	str	r3, [r2, #4]
      huart->pTxBuffPtr += 2U;
 80043b8:	6a03      	ldr	r3, [r0, #32]
 80043ba:	3302      	adds	r3, #2
 80043bc:	6203      	str	r3, [r0, #32]
 80043be:	e7e0      	b.n	8004382 <UART_Transmit_IT+0x20>

080043c0 <UART_SetConfig>:
  * @param  huart  Pointer to a UART_HandleTypeDef structure that contains
  *                the configuration information for the specified UART module.
  * @retval None
  */
static void UART_SetConfig(UART_HandleTypeDef *huart)
{
 80043c0:	b510      	push	{r4, lr}
 80043c2:	4604      	mov	r4, r0
  assert_param(IS_UART_MODE(huart->Init.Mode));

  /*-------------------------- USART CR2 Configuration -----------------------*/
  /* Configure the UART Stop Bits: Set STOP[13:12] bits
     according to huart->Init.StopBits value */
  MODIFY_REG(huart->Instance->CR2, USART_CR2_STOP, huart->Init.StopBits);
 80043c4:	6802      	ldr	r2, [r0, #0]
 80043c6:	6913      	ldr	r3, [r2, #16]
 80043c8:	f423 5340 	bic.w	r3, r3, #12288	@ 0x3000
 80043cc:	68c1      	ldr	r1, [r0, #12]
 80043ce:	430b      	orrs	r3, r1
 80043d0:	6113      	str	r3, [r2, #16]
     Set the M bits according to huart->Init.WordLength value
     Set PCE and PS bits according to huart->Init.Parity value
     Set TE and RE bits according to huart->Init.Mode value
     Set OVER8 bit according to huart->Init.OverSampling value */

  tmpreg = (uint32_t)huart->Init.WordLength | huart->Init.Parity | huart->Init.Mode | huart->Init.OverSampling;
 80043d2:	6883      	ldr	r3, [r0, #8]
 80043d4:	6902      	ldr	r2, [r0, #16]
 80043d6:	431a      	orrs	r2, r3
 80043d8:	6943      	ldr	r3, [r0, #20]
 80043da:	431a      	orrs	r2, r3
 80043dc:	69c3      	ldr	r3, [r0, #28]
 80043de:	431a      	orrs	r2, r3
  MODIFY_REG(huart->Instance->CR1,
 80043e0:	6801      	ldr	r1, [r0, #0]
 80043e2:	68cb      	ldr	r3, [r1, #12]
 80043e4:	f423 4316 	bic.w	r3, r3, #38400	@ 0x9600
 80043e8:	f023 030c 	bic.w	r3, r3, #12
 80043ec:	4313      	orrs	r3, r2
 80043ee:	60cb      	str	r3, [r1, #12]
             (uint32_t)(USART_CR1_M | USART_CR1_PCE | USART_CR1_PS | USART_CR1_TE | USART_CR1_RE | USART_CR1_OVER8),
             tmpreg);

  /*-------------------------- USART CR3 Configuration -----------------------*/
  /* Configure the UART HFC: Set CTSE and RTSE bits according to huart->Init.HwFlowCtl value */
  MODIFY_REG(huart->Instance->CR3, (USART_CR3_RTSE | USART_CR3_CTSE), huart->Init.HwFlowCtl);
 80043f0:	6802      	ldr	r2, [r0, #0]
 80043f2:	6953      	ldr	r3, [r2, #20]
 80043f4:	f423 7340 	bic.w	r3, r3, #768	@ 0x300
 80043f8:	6981      	ldr	r1, [r0, #24]
 80043fa:	430b      	orrs	r3, r1
 80043fc:	6153      	str	r3, [r2, #20]
    if ((huart->Instance == USART1) || (huart->Instance == USART6) || (huart->Instance == UART9) || (huart->Instance == UART10))
    {
      pclk = HAL_RCC_GetPCLK2Freq();
    }
#elif defined(USART6)
    if ((huart->Instance == USART1) || (huart->Instance == USART6))
 80043fe:	6803      	ldr	r3, [r0, #0]
 8004400:	4a31      	ldr	r2, [pc, #196]	@ (80044c8 <UART_SetConfig+0x108>)
 8004402:	4293      	cmp	r3, r2
 8004404:	d006      	beq.n	8004414 <UART_SetConfig+0x54>
 8004406:	f502 6280 	add.w	r2, r2, #1024	@ 0x400
 800440a:	4293      	cmp	r3, r2
 800440c:	d002      	beq.n	8004414 <UART_SetConfig+0x54>
      pclk = HAL_RCC_GetPCLK2Freq();
    }
#endif /* USART6 */
    else
    {
      pclk = HAL_RCC_GetPCLK1Freq();
 800440e:	f7ff fbe3 	bl	8003bd8 <HAL_RCC_GetPCLK1Freq>
 8004412:	e001      	b.n	8004418 <UART_SetConfig+0x58>
      pclk = HAL_RCC_GetPCLK2Freq();
 8004414:	f7ff fbf0 	bl	8003bf8 <HAL_RCC_GetPCLK2Freq>
    }
  /*-------------------------- USART BRR Configuration ---------------------*/
  if (huart->Init.OverSampling == UART_OVERSAMPLING_8)
 8004418:	69e3      	ldr	r3, [r4, #28]
 800441a:	f5b3 4f00 	cmp.w	r3, #32768	@ 0x8000
 800441e:	d029      	beq.n	8004474 <UART_SetConfig+0xb4>
  {
    huart->Instance->BRR = UART_BRR_SAMPLING8(pclk, huart->Init.BaudRate);
  }
  else
  {
    huart->Instance->BRR = UART_BRR_SAMPLING16(pclk, huart->Init.BaudRate);
 8004420:	2100      	movs	r1, #0
 8004422:	1803      	adds	r3, r0, r0
 8004424:	4149      	adcs	r1, r1
 8004426:	181b      	adds	r3, r3, r0
 8004428:	f141 0100 	adc.w	r1, r1, #0
 800442c:	00c9      	lsls	r1, r1, #3
 800442e:	ea41 7153 	orr.w	r1, r1, r3, lsr #29
 8004432:	00db      	lsls	r3, r3, #3
 8004434:	1818      	adds	r0, r3, r0
 8004436:	6863      	ldr	r3, [r4, #4]
 8004438:	ea4f 0283 	mov.w	r2, r3, lsl #2
 800443c:	ea4f 7393 	mov.w	r3, r3, lsr #30
 8004440:	f141 0100 	adc.w	r1, r1, #0
 8004444:	f7fb fefc 	bl	8000240 <__aeabi_uldivmod>
 8004448:	4a20      	ldr	r2, [pc, #128]	@ (80044cc <UART_SetConfig+0x10c>)
 800444a:	fba2 3100 	umull	r3, r1, r2, r0
 800444e:	0949      	lsrs	r1, r1, #5
 8004450:	2364      	movs	r3, #100	@ 0x64
 8004452:	fb03 0311 	mls	r3, r3, r1, r0
 8004456:	011b      	lsls	r3, r3, #4
 8004458:	3332      	adds	r3, #50	@ 0x32
 800445a:	fba2 2303 	umull	r2, r3, r2, r3
 800445e:	095b      	lsrs	r3, r3, #5
 8004460:	f003 02f0 	and.w	r2, r3, #240	@ 0xf0
 8004464:	eb02 1201 	add.w	r2, r2, r1, lsl #4
 8004468:	f003 030f 	and.w	r3, r3, #15
 800446c:	6821      	ldr	r1, [r4, #0]
 800446e:	4413      	add	r3, r2
 8004470:	608b      	str	r3, [r1, #8]
  }
}
 8004472:	bd10      	pop	{r4, pc}
    huart->Instance->BRR = UART_BRR_SAMPLING8(pclk, huart->Init.BaudRate);
 8004474:	2300      	movs	r3, #0
 8004476:	1802      	adds	r2, r0, r0
 8004478:	eb43 0103 	adc.w	r1, r3, r3
 800447c:	1812      	adds	r2, r2, r0
 800447e:	f141 0100 	adc.w	r1, r1, #0
 8004482:	00c9      	lsls	r1, r1, #3
 8004484:	ea41 7152 	orr.w	r1, r1, r2, lsr #29
 8004488:	00d2      	lsls	r2, r2, #3
 800448a:	1810      	adds	r0, r2, r0
 800448c:	f141 0100 	adc.w	r1, r1, #0
 8004490:	6862      	ldr	r2, [r4, #4]
 8004492:	1892      	adds	r2, r2, r2
 8004494:	415b      	adcs	r3, r3
 8004496:	f7fb fed3 	bl	8000240 <__aeabi_uldivmod>
 800449a:	4a0c      	ldr	r2, [pc, #48]	@ (80044cc <UART_SetConfig+0x10c>)
 800449c:	fba2 3100 	umull	r3, r1, r2, r0
 80044a0:	0949      	lsrs	r1, r1, #5
 80044a2:	2364      	movs	r3, #100	@ 0x64
 80044a4:	fb03 0311 	mls	r3, r3, r1, r0
 80044a8:	00db      	lsls	r3, r3, #3
 80044aa:	3332      	adds	r3, #50	@ 0x32
 80044ac:	fba2 2303 	umull	r2, r3, r2, r3
 80044b0:	095b      	lsrs	r3, r3, #5
 80044b2:	005a      	lsls	r2, r3, #1
 80044b4:	f402 72f8 	and.w	r2, r2, #496	@ 0x1f0
 80044b8:	eb02 1201 	add.w	r2, r2, r1, lsl #4
 80044bc:	f003 0307 	and.w	r3, r3, #7
 80044c0:	6821      	ldr	r1, [r4, #0]
 80044c2:	4413      	add	r3, r2
 80044c4:	608b      	str	r3, [r1, #8]
 80044c6:	e7d4      	b.n	8004472 <UART_SetConfig+0xb2>
 80044c8:	40011000 	.word	0x40011000
 80044cc:	51eb851f 	.word	0x51eb851f

080044d0 <HAL_UART_Init>:
  if (huart == NULL)
 80044d0:	b360      	cbz	r0, 800452c <HAL_UART_Init+0x5c>
{
 80044d2:	b510      	push	{r4, lr}
 80044d4:	4604      	mov	r4, r0
  if (huart->gState == HAL_UART_STATE_RESET)
 80044d6:	f890 3041 	ldrb.w	r3, [r0, #65]	@ 0x41
 80044da:	b313      	cbz	r3, 8004522 <HAL_UART_Init+0x52>
  huart->gState = HAL_UART_STATE_BUSY;
 80044dc:	2324      	movs	r3, #36	@ 0x24
 80044de:	f884 3041 	strb.w	r3, [r4, #65]	@ 0x41
  __HAL_UART_DISABLE(huart);
 80044e2:	6822      	ldr	r2, [r4, #0]
 80044e4:	68d3      	ldr	r3, [r2, #12]
 80044e6:	f423 5300 	bic.w	r3, r3, #8192	@ 0x2000
 80044ea:	60d3      	str	r3, [r2, #12]
  UART_SetConfig(huart);
 80044ec:	4620      	mov	r0, r4
 80044ee:	f7ff ff67 	bl	80043c0 <UART_SetConfig>
  CLEAR_BIT(huart->Instance->CR2, (USART_CR2_LINEN | USART_CR2_CLKEN));
 80044f2:	6822      	ldr	r2, [r4, #0]
 80044f4:	6913      	ldr	r3, [r2, #16]
 80044f6:	f423 4390 	bic.w	r3, r3, #18432	@ 0x4800
 80044fa:	6113      	str	r3, [r2, #16]
  CLEAR_BIT(huart->Instance->CR3, (USART_CR3_SCEN | USART_CR3_HDSEL | USART_CR3_IREN));
 80044fc:	6822      	ldr	r2, [r4, #0]
 80044fe:	6953      	ldr	r3, [r2, #20]
 8004500:	f023 032a 	bic.w	r3, r3, #42	@ 0x2a
 8004504:	6153      	str	r3, [r2, #20]
  __HAL_UART_ENABLE(huart);
 8004506:	6822      	ldr	r2, [r4, #0]
 8004508:	68d3      	ldr	r3, [r2, #12]
 800450a:	f443 5300 	orr.w	r3, r3, #8192	@ 0x2000
 800450e:	60d3      	str	r3, [r2, #12]
  huart->ErrorCode = HAL_UART_ERROR_NONE;
 8004510:	2000      	movs	r0, #0
 8004512:	6460      	str	r0, [r4, #68]	@ 0x44
  huart->gState = HAL_UART_STATE_READY;
 8004514:	2320      	movs	r3, #32
 8004516:	f884 3041 	strb.w	r3, [r4, #65]	@ 0x41
  huart->RxState = HAL_UART_STATE_READY;
 800451a:	f884 3042 	strb.w	r3, [r4, #66]	@ 0x42
  huart->RxEventType = HAL_UART_RXEVENT_TC;
 800451e:	6360      	str	r0, [r4, #52]	@ 0x34
}
 8004520:	bd10      	pop	{r4, pc}
    huart->Lock = HAL_UNLOCKED;
 8004522:	f880 3040 	strb.w	r3, [r0, #64]	@ 0x40
    HAL_UART_MspInit(huart);
 8004526:	f002 f9b7 	bl	8006898 <HAL_UART_MspInit>
 800452a:	e7d7      	b.n	80044dc <HAL_UART_Init+0xc>
    return HAL_ERROR;
 800452c:	2001      	movs	r0, #1
}
 800452e:	4770      	bx	lr

08004530 <HAL_UART_TxCpltCallback>:
}
 8004530:	4770      	bx	lr

08004532 <UART_EndTransmit_IT>:
{
 8004532:	b508      	push	{r3, lr}
  __HAL_UART_DISABLE_IT(huart, UART_IT_TC);
 8004534:	6801      	ldr	r1, [r0, #0]
 8004536:	68ca      	ldr	r2, [r1, #12]
 8004538:	f022 0240 	bic.w	r2, r2, #64	@ 0x40
 800453c:	60ca      	str	r2, [r1, #12]
  huart->gState = HAL_UART_STATE_READY;
 800453e:	2220      	movs	r2, #32
 8004540:	f880 2041 	strb.w	r2, [r0, #65]	@ 0x41
  HAL_UART_TxCpltCallback(huart);
 8004544:	f7ff fff4 	bl	8004530 <HAL_UART_TxCpltCallback>
}
 8004548:	2000      	movs	r0, #0
 800454a:	bd08      	pop	{r3, pc}

0800454c <HAL_UART_RxCpltCallback>:
}
 800454c:	4770      	bx	lr

0800454e <HAL_UART_RxHalfCpltCallback>:
}
 800454e:	4770      	bx	lr

08004550 <HAL_UART_ErrorCallback>:
}
 8004550:	4770      	bx	lr

08004552 <UART_DMAError>:
{
 8004552:	b510      	push	{r4, lr}
  UART_HandleTypeDef *huart = (UART_HandleTypeDef *)((DMA_HandleTypeDef *)hdma)->Parent;
 8004554:	6b84      	ldr	r4, [r0, #56]	@ 0x38
  dmarequest = HAL_IS_BIT_SET(huart->Instance->CR3, USART_CR3_DMAT);
 8004556:	6823      	ldr	r3, [r4, #0]
 8004558:	695b      	ldr	r3, [r3, #20]
  if ((huart->gState == HAL_UART_STATE_BUSY_TX) && dmarequest)
 800455a:	f894 2041 	ldrb.w	r2, [r4, #65]	@ 0x41
 800455e:	2a21      	cmp	r2, #33	@ 0x21
 8004560:	d00f      	beq.n	8004582 <UART_DMAError+0x30>
  dmarequest = HAL_IS_BIT_SET(huart->Instance->CR3, USART_CR3_DMAR);
 8004562:	6823      	ldr	r3, [r4, #0]
 8004564:	695b      	ldr	r3, [r3, #20]
 8004566:	f003 0340 	and.w	r3, r3, #64	@ 0x40
  if ((huart->RxState == HAL_UART_STATE_BUSY_RX) && dmarequest)
 800456a:	f894 2042 	ldrb.w	r2, [r4, #66]	@ 0x42
 800456e:	2a22      	cmp	r2, #34	@ 0x22
 8004570:	d011      	beq.n	8004596 <UART_DMAError+0x44>
  huart->ErrorCode |= HAL_UART_ERROR_DMA;
 8004572:	6c63      	ldr	r3, [r4, #68]	@ 0x44
 8004574:	f043 0310 	orr.w	r3, r3, #16
 8004578:	6463      	str	r3, [r4, #68]	@ 0x44
  HAL_UART_ErrorCallback(huart);
 800457a:	4620      	mov	r0, r4
 800457c:	f7ff ffe8 	bl	8004550 <HAL_UART_ErrorCallback>
}
 8004580:	bd10      	pop	{r4, pc}
 8004582:	f003 0380 	and.w	r3, r3, #128	@ 0x80
  if ((huart->gState == HAL_UART_STATE_BUSY_TX) && dmarequest)
 8004586:	2b00      	cmp	r3, #0
 8004588:	d0eb      	beq.n	8004562 <UART_DMAError+0x10>
    huart->TxXferCount = 0x00U;
 800458a:	2300      	movs	r3, #0
 800458c:	84e3      	strh	r3, [r4, #38]	@ 0x26
    UART_EndTxTransfer(huart);
 800458e:	4620      	mov	r0, r4
 8004590:	f7ff fea9 	bl	80042e6 <UART_EndTxTransfer>
 8004594:	e7e5      	b.n	8004562 <UART_DMAError+0x10>
  if ((huart->RxState == HAL_UART_STATE_BUSY_RX) && dmarequest)
 8004596:	2b00      	cmp	r3, #0
 8004598:	d0eb      	beq.n	8004572 <UART_DMAError+0x20>
    huart->RxXferCount = 0x00U;
 800459a:	2300      	movs	r3, #0
 800459c:	85e3      	strh	r3, [r4, #46]	@ 0x2e
    UART_EndRxTransfer(huart);
 800459e:	4620      	mov	r0, r4
 80045a0:	f7ff feb1 	bl	8004306 <UART_EndRxTransfer>
 80045a4:	e7e5      	b.n	8004572 <UART_DMAError+0x20>

080045a6 <UART_DMAAbortOnError>:
{
 80045a6:	b508      	push	{r3, lr}
  UART_HandleTypeDef *huart = (UART_HandleTypeDef *)((DMA_HandleTypeDef *)hdma)->Parent;
 80045a8:	6b80      	ldr	r0, [r0, #56]	@ 0x38
  huart->RxXferCount = 0x00U;
 80045aa:	2300      	movs	r3, #0
 80045ac:	85c3      	strh	r3, [r0, #46]	@ 0x2e
  HAL_UART_ErrorCallback(huart);
 80045ae:	f7ff ffcf 	bl	8004550 <HAL_UART_ErrorCallback>
}
 80045b2:	bd08      	pop	{r3, pc}

080045b4 <UART_Receive_IT>:
  if (huart->RxState == HAL_UART_STATE_BUSY_RX)
 80045b4:	f890 3042 	ldrb.w	r3, [r0, #66]	@ 0x42
 80045b8:	2b22      	cmp	r3, #34	@ 0x22
 80045ba:	d169      	bne.n	8004690 <UART_Receive_IT+0xdc>
    if ((huart->Init.WordLength == UART_WORDLENGTH_9B) && (huart->Init.Parity == UART_PARITY_NONE))
 80045bc:	6883      	ldr	r3, [r0, #8]
 80045be:	f5b3 5f80 	cmp.w	r3, #4096	@ 0x1000
 80045c2:	d04f      	beq.n	8004664 <UART_Receive_IT+0xb0>
      pdata8bits = (uint8_t *) huart->pRxBuffPtr;
 80045c4:	6a82      	ldr	r2, [r0, #40]	@ 0x28
      if ((huart->Init.WordLength == UART_WORDLENGTH_9B) || ((huart->Init.WordLength == UART_WORDLENGTH_8B) && (huart->Init.Parity == UART_PARITY_NONE)))
 80045c6:	f5b3 5f80 	cmp.w	r3, #4096	@ 0x1000
 80045ca:	d004      	beq.n	80045d6 <UART_Receive_IT+0x22>
 80045cc:	2b00      	cmp	r3, #0
 80045ce:	d156      	bne.n	800467e <UART_Receive_IT+0xca>
 80045d0:	6903      	ldr	r3, [r0, #16]
 80045d2:	2b00      	cmp	r3, #0
 80045d4:	d153      	bne.n	800467e <UART_Receive_IT+0xca>
        *pdata8bits = (uint8_t)(huart->Instance->DR & (uint8_t)0x00FF);
 80045d6:	6803      	ldr	r3, [r0, #0]
 80045d8:	685b      	ldr	r3, [r3, #4]
 80045da:	7013      	strb	r3, [r2, #0]
      huart->pRxBuffPtr += 1U;
 80045dc:	6a83      	ldr	r3, [r0, #40]	@ 0x28
 80045de:	3301      	adds	r3, #1
 80045e0:	6283      	str	r3, [r0, #40]	@ 0x28
    if (--huart->RxXferCount == 0U)
 80045e2:	8dc3      	ldrh	r3, [r0, #46]	@ 0x2e
 80045e4:	b29b      	uxth	r3, r3
 80045e6:	3b01      	subs	r3, #1
 80045e8:	b29b      	uxth	r3, r3
 80045ea:	85c3      	strh	r3, [r0, #46]	@ 0x2e
 80045ec:	2b00      	cmp	r3, #0
 80045ee:	d151      	bne.n	8004694 <UART_Receive_IT+0xe0>
{
 80045f0:	b500      	push	{lr}
 80045f2:	b083      	sub	sp, #12
      __HAL_UART_DISABLE_IT(huart, UART_IT_RXNE);
 80045f4:	6802      	ldr	r2, [r0, #0]
 80045f6:	68d3      	ldr	r3, [r2, #12]
 80045f8:	f023 0320 	bic.w	r3, r3, #32
 80045fc:	60d3      	str	r3, [r2, #12]
      __HAL_UART_DISABLE_IT(huart, UART_IT_PE);
 80045fe:	6802      	ldr	r2, [r0, #0]
 8004600:	68d3      	ldr	r3, [r2, #12]
 8004602:	f423 7380 	bic.w	r3, r3, #256	@ 0x100
 8004606:	60d3      	str	r3, [r2, #12]
      __HAL_UART_DISABLE_IT(huart, UART_IT_ERR);
 8004608:	6802      	ldr	r2, [r0, #0]
 800460a:	6953      	ldr	r3, [r2, #20]
 800460c:	f023 0301 	bic.w	r3, r3, #1
 8004610:	6153      	str	r3, [r2, #20]
      huart->RxState = HAL_UART_STATE_READY;
 8004612:	2320      	movs	r3, #32
 8004614:	f880 3042 	strb.w	r3, [r0, #66]	@ 0x42
      huart->RxEventType = HAL_UART_RXEVENT_TC;
 8004618:	2300      	movs	r3, #0
 800461a:	6343      	str	r3, [r0, #52]	@ 0x34
      if (huart->ReceptionType == HAL_UART_RECEPTION_TOIDLE)
 800461c:	6b03      	ldr	r3, [r0, #48]	@ 0x30
 800461e:	2b01      	cmp	r3, #1
 8004620:	d133      	bne.n	800468a <UART_Receive_IT+0xd6>
        huart->ReceptionType = HAL_UART_RECEPTION_STANDARD;
 8004622:	2300      	movs	r3, #0
 8004624:	6303      	str	r3, [r0, #48]	@ 0x30
        ATOMIC_CLEAR_BIT(huart->Instance->CR1, USART_CR1_IDLEIE);
 8004626:	6802      	ldr	r2, [r0, #0]
   __ASM volatile ("ldrex %0, %1" : "=r" (result) : "Q" (*addr) );
 8004628:	f102 030c 	add.w	r3, r2, #12
 800462c:	e853 3f00 	ldrex	r3, [r3]
 8004630:	f023 0310 	bic.w	r3, r3, #16
   __ASM volatile ("strex %0, %2, %1" : "=&r" (result), "=Q" (*addr) : "r" (value) );
 8004634:	320c      	adds	r2, #12
 8004636:	e842 3100 	strex	r1, r3, [r2]
 800463a:	2900      	cmp	r1, #0
 800463c:	d1f3      	bne.n	8004626 <UART_Receive_IT+0x72>
        if (__HAL_UART_GET_FLAG(huart, UART_FLAG_IDLE))
 800463e:	6803      	ldr	r3, [r0, #0]
 8004640:	681a      	ldr	r2, [r3, #0]
 8004642:	f012 0f10 	tst.w	r2, #16
 8004646:	d006      	beq.n	8004656 <UART_Receive_IT+0xa2>
          __HAL_UART_CLEAR_IDLEFLAG(huart);
 8004648:	2200      	movs	r2, #0
 800464a:	9201      	str	r2, [sp, #4]
 800464c:	681a      	ldr	r2, [r3, #0]
 800464e:	9201      	str	r2, [sp, #4]
 8004650:	685b      	ldr	r3, [r3, #4]
 8004652:	9301      	str	r3, [sp, #4]
 8004654:	9b01      	ldr	r3, [sp, #4]
        HAL_UARTEx_RxEventCallback(huart, huart->RxXferSize);
 8004656:	8d81      	ldrh	r1, [r0, #44]	@ 0x2c
 8004658:	f7fc fa8c 	bl	8000b74 <HAL_UARTEx_RxEventCallback>
      return HAL_OK;
 800465c:	2000      	movs	r0, #0
}
 800465e:	b003      	add	sp, #12
 8004660:	f85d fb04 	ldr.w	pc, [sp], #4
    if ((huart->Init.WordLength == UART_WORDLENGTH_9B) && (huart->Init.Parity == UART_PARITY_NONE))
 8004664:	6902      	ldr	r2, [r0, #16]
 8004666:	2a00      	cmp	r2, #0
 8004668:	d1ac      	bne.n	80045c4 <UART_Receive_IT+0x10>
      pdata16bits = (uint16_t *) huart->pRxBuffPtr;
 800466a:	6a82      	ldr	r2, [r0, #40]	@ 0x28
      *pdata16bits = (uint16_t)(huart->Instance->DR & (uint16_t)0x01FF);
 800466c:	6803      	ldr	r3, [r0, #0]
 800466e:	685b      	ldr	r3, [r3, #4]
 8004670:	f3c3 0308 	ubfx	r3, r3, #0, #9
 8004674:	8013      	strh	r3, [r2, #0]
      huart->pRxBuffPtr += 2U;
 8004676:	6a83      	ldr	r3, [r0, #40]	@ 0x28
 8004678:	3302      	adds	r3, #2
 800467a:	6283      	str	r3, [r0, #40]	@ 0x28
 800467c:	e7b1      	b.n	80045e2 <UART_Receive_IT+0x2e>
        *pdata8bits = (uint8_t)(huart->Instance->DR & (uint8_t)0x007F);
 800467e:	6803      	ldr	r3, [r0, #0]
 8004680:	685b      	ldr	r3, [r3, #4]
 8004682:	f003 037f 	and.w	r3, r3, #127	@ 0x7f
 8004686:	7013      	strb	r3, [r2, #0]
 8004688:	e7a8      	b.n	80045dc <UART_Receive_IT+0x28>
        HAL_UART_RxCpltCallback(huart);
 800468a:	f7ff ff5f 	bl	800454c <HAL_UART_RxCpltCallback>
 800468e:	e7e5      	b.n	800465c <UART_Receive_IT+0xa8>
    return HAL_BUSY;
 8004690:	2002      	movs	r0, #2
 8004692:	4770      	bx	lr
    return HAL_OK;
 8004694:	2000      	movs	r0, #0
}
 8004696:	4770      	bx	lr

08004698 <HAL_UART_IRQHandler>:
{
 8004698:	b510      	push	{r4, lr}
 800469a:	b082      	sub	sp, #8
 800469c:	4604      	mov	r4, r0
  uint32_t isrflags   = READ_REG(huart->Instance->SR);
 800469e:	6802      	ldr	r2, [r0, #0]
 80046a0:	6813      	ldr	r3, [r2, #0]
  uint32_t cr1its     = READ_REG(huart->Instance->CR1);
 80046a2:	68d0      	ldr	r0, [r2, #12]
  uint32_t cr3its     = READ_REG(huart->Instance->CR3);
 80046a4:	6951      	ldr	r1, [r2, #20]
  if (errorflags == RESET)
 80046a6:	f013 0f0f 	tst.w	r3, #15
 80046aa:	d109      	bne.n	80046c0 <HAL_UART_IRQHandler+0x28>
    if (((isrflags & USART_SR_RXNE) != RESET) && ((cr1its & USART_CR1_RXNEIE) != RESET))
 80046ac:	f013 0f20 	tst.w	r3, #32
 80046b0:	d00c      	beq.n	80046cc <HAL_UART_IRQHandler+0x34>
 80046b2:	f010 0f20 	tst.w	r0, #32
 80046b6:	d009      	beq.n	80046cc <HAL_UART_IRQHandler+0x34>
      UART_Receive_IT(huart);
 80046b8:	4620      	mov	r0, r4
 80046ba:	f7ff ff7b 	bl	80045b4 <UART_Receive_IT>
      return;
 80046be:	e016      	b.n	80046ee <HAL_UART_IRQHandler+0x56>
  if ((errorflags != RESET) && (((cr3its & USART_CR3_EIE) != RESET)
 80046c0:	f011 0101 	ands.w	r1, r1, #1
 80046c4:	d115      	bne.n	80046f2 <HAL_UART_IRQHandler+0x5a>
                                || ((cr1its & (USART_CR1_RXNEIE | USART_CR1_PEIE)) != RESET)))
 80046c6:	f410 7f90 	tst.w	r0, #288	@ 0x120
 80046ca:	d112      	bne.n	80046f2 <HAL_UART_IRQHandler+0x5a>
  if ((huart->ReceptionType == HAL_UART_RECEPTION_TOIDLE)
 80046cc:	6b21      	ldr	r1, [r4, #48]	@ 0x30
 80046ce:	2901      	cmp	r1, #1
 80046d0:	d079      	beq.n	80047c6 <HAL_UART_IRQHandler+0x12e>
  if (((isrflags & USART_SR_TXE) != RESET) && ((cr1its & USART_CR1_TXEIE) != RESET))
 80046d2:	f013 0f80 	tst.w	r3, #128	@ 0x80
 80046d6:	d003      	beq.n	80046e0 <HAL_UART_IRQHandler+0x48>
 80046d8:	f010 0f80 	tst.w	r0, #128	@ 0x80
 80046dc:	f040 8121 	bne.w	8004922 <HAL_UART_IRQHandler+0x28a>
  if (((isrflags & USART_SR_TC) != RESET) && ((cr1its & USART_CR1_TCIE) != RESET))
 80046e0:	f013 0f40 	tst.w	r3, #64	@ 0x40
 80046e4:	d003      	beq.n	80046ee <HAL_UART_IRQHandler+0x56>
 80046e6:	f010 0f40 	tst.w	r0, #64	@ 0x40
 80046ea:	f040 811e 	bne.w	800492a <HAL_UART_IRQHandler+0x292>
}
 80046ee:	b002      	add	sp, #8
 80046f0:	bd10      	pop	{r4, pc}
    if (((isrflags & USART_SR_PE) != RESET) && ((cr1its & USART_CR1_PEIE) != RESET))
 80046f2:	f013 0f01 	tst.w	r3, #1
 80046f6:	d006      	beq.n	8004706 <HAL_UART_IRQHandler+0x6e>
 80046f8:	f410 7f80 	tst.w	r0, #256	@ 0x100
 80046fc:	d003      	beq.n	8004706 <HAL_UART_IRQHandler+0x6e>
      huart->ErrorCode |= HAL_UART_ERROR_PE;
 80046fe:	6c62      	ldr	r2, [r4, #68]	@ 0x44
 8004700:	f042 0201 	orr.w	r2, r2, #1
 8004704:	6462      	str	r2, [r4, #68]	@ 0x44
    if (((isrflags & USART_SR_NE) != RESET) && ((cr3its & USART_CR3_EIE) != RESET))
 8004706:	f013 0f04 	tst.w	r3, #4
 800470a:	d004      	beq.n	8004716 <HAL_UART_IRQHandler+0x7e>
 800470c:	b119      	cbz	r1, 8004716 <HAL_UART_IRQHandler+0x7e>
      huart->ErrorCode |= HAL_UART_ERROR_NE;
 800470e:	6c62      	ldr	r2, [r4, #68]	@ 0x44
 8004710:	f042 0202 	orr.w	r2, r2, #2
 8004714:	6462      	str	r2, [r4, #68]	@ 0x44
    if (((isrflags & USART_SR_FE) != RESET) && ((cr3its & USART_CR3_EIE) != RESET))
 8004716:	f013 0f02 	tst.w	r3, #2
 800471a:	d004      	beq.n	8004726 <HAL_UART_IRQHandler+0x8e>
 800471c:	b119      	cbz	r1, 8004726 <HAL_UART_IRQHandler+0x8e>
      huart->ErrorCode |= HAL_UART_ERROR_FE;
 800471e:	6c62      	ldr	r2, [r4, #68]	@ 0x44
 8004720:	f042 0204 	orr.w	r2, r2, #4
 8004724:	6462      	str	r2, [r4, #68]	@ 0x44
    if (((isrflags & USART_SR_ORE) != RESET) && (((cr1its & USART_CR1_RXNEIE) != RESET)
 8004726:	f013 0f08 	tst.w	r3, #8
 800472a:	d007      	beq.n	800473c <HAL_UART_IRQHandler+0xa4>
 800472c:	f010 0f20 	tst.w	r0, #32
 8004730:	d100      	bne.n	8004734 <HAL_UART_IRQHandler+0x9c>
                                                 || ((cr3its & USART_CR3_EIE) != RESET)))
 8004732:	b119      	cbz	r1, 800473c <HAL_UART_IRQHandler+0xa4>
      huart->ErrorCode |= HAL_UART_ERROR_ORE;
 8004734:	6c62      	ldr	r2, [r4, #68]	@ 0x44
 8004736:	f042 0208 	orr.w	r2, r2, #8
 800473a:	6462      	str	r2, [r4, #68]	@ 0x44
    if (huart->ErrorCode != HAL_UART_ERROR_NONE)
 800473c:	6c62      	ldr	r2, [r4, #68]	@ 0x44
 800473e:	2a00      	cmp	r2, #0
 8004740:	d0d5      	beq.n	80046ee <HAL_UART_IRQHandler+0x56>
      if (((isrflags & USART_SR_RXNE) != RESET) && ((cr1its & USART_CR1_RXNEIE) != RESET))
 8004742:	f013 0f20 	tst.w	r3, #32
 8004746:	d002      	beq.n	800474e <HAL_UART_IRQHandler+0xb6>
 8004748:	f010 0f20 	tst.w	r0, #32
 800474c:	d129      	bne.n	80047a2 <HAL_UART_IRQHandler+0x10a>
      dmarequest = HAL_IS_BIT_SET(huart->Instance->CR3, USART_CR3_DMAR);
 800474e:	6823      	ldr	r3, [r4, #0]
 8004750:	695b      	ldr	r3, [r3, #20]
 8004752:	f003 0340 	and.w	r3, r3, #64	@ 0x40
      if (((huart->ErrorCode & HAL_UART_ERROR_ORE) != RESET) || dmarequest)
 8004756:	6c62      	ldr	r2, [r4, #68]	@ 0x44
 8004758:	f012 0f08 	tst.w	r2, #8
 800475c:	d100      	bne.n	8004760 <HAL_UART_IRQHandler+0xc8>
 800475e:	b363      	cbz	r3, 80047ba <HAL_UART_IRQHandler+0x122>
        UART_EndRxTransfer(huart);
 8004760:	4620      	mov	r0, r4
 8004762:	f7ff fdd0 	bl	8004306 <UART_EndRxTransfer>
        if (HAL_IS_BIT_SET(huart->Instance->CR3, USART_CR3_DMAR))
 8004766:	6823      	ldr	r3, [r4, #0]
 8004768:	695b      	ldr	r3, [r3, #20]
 800476a:	f013 0f40 	tst.w	r3, #64	@ 0x40
 800476e:	d020      	beq.n	80047b2 <HAL_UART_IRQHandler+0x11a>
          ATOMIC_CLEAR_BIT(huart->Instance->CR3, USART_CR3_DMAR);
 8004770:	6822      	ldr	r2, [r4, #0]
   __ASM volatile ("ldrex %0, %1" : "=r" (result) : "Q" (*addr) );
 8004772:	f102 0314 	add.w	r3, r2, #20
 8004776:	e853 3f00 	ldrex	r3, [r3]
 800477a:	f023 0340 	bic.w	r3, r3, #64	@ 0x40
   __ASM volatile ("strex %0, %2, %1" : "=&r" (result), "=Q" (*addr) : "r" (value) );
 800477e:	3214      	adds	r2, #20
 8004780:	e842 3100 	strex	r1, r3, [r2]
 8004784:	2900      	cmp	r1, #0
 8004786:	d1f3      	bne.n	8004770 <HAL_UART_IRQHandler+0xd8>
          if (huart->hdmarx != NULL)
 8004788:	6be3      	ldr	r3, [r4, #60]	@ 0x3c
 800478a:	b173      	cbz	r3, 80047aa <HAL_UART_IRQHandler+0x112>
            huart->hdmarx->XferAbortCallback = UART_DMAAbortOnError;
 800478c:	4a69      	ldr	r2, [pc, #420]	@ (8004934 <HAL_UART_IRQHandler+0x29c>)
 800478e:	651a      	str	r2, [r3, #80]	@ 0x50
            if (HAL_DMA_Abort_IT(huart->hdmarx) != HAL_OK)
 8004790:	6be0      	ldr	r0, [r4, #60]	@ 0x3c
 8004792:	f7fd fdea 	bl	800236a <HAL_DMA_Abort_IT>
 8004796:	2800      	cmp	r0, #0
 8004798:	d0a9      	beq.n	80046ee <HAL_UART_IRQHandler+0x56>
              huart->hdmarx->XferAbortCallback(huart->hdmarx);
 800479a:	6be0      	ldr	r0, [r4, #60]	@ 0x3c
 800479c:	6d03      	ldr	r3, [r0, #80]	@ 0x50
 800479e:	4798      	blx	r3
 80047a0:	e7a5      	b.n	80046ee <HAL_UART_IRQHandler+0x56>
        UART_Receive_IT(huart);
 80047a2:	4620      	mov	r0, r4
 80047a4:	f7ff ff06 	bl	80045b4 <UART_Receive_IT>
 80047a8:	e7d1      	b.n	800474e <HAL_UART_IRQHandler+0xb6>
            HAL_UART_ErrorCallback(huart);
 80047aa:	4620      	mov	r0, r4
 80047ac:	f7ff fed0 	bl	8004550 <HAL_UART_ErrorCallback>
 80047b0:	e79d      	b.n	80046ee <HAL_UART_IRQHandler+0x56>
          HAL_UART_ErrorCallback(huart);
 80047b2:	4620      	mov	r0, r4
 80047b4:	f7ff fecc 	bl	8004550 <HAL_UART_ErrorCallback>
 80047b8:	e799      	b.n	80046ee <HAL_UART_IRQHandler+0x56>
        HAL_UART_ErrorCallback(huart);
 80047ba:	4620      	mov	r0, r4
 80047bc:	f7ff fec8 	bl	8004550 <HAL_UART_ErrorCallback>
        huart->ErrorCode = HAL_UART_ERROR_NONE;
 80047c0:	2300      	movs	r3, #0
 80047c2:	6463      	str	r3, [r4, #68]	@ 0x44
    return;
 80047c4:	e793      	b.n	80046ee <HAL_UART_IRQHandler+0x56>
      && ((isrflags & USART_SR_IDLE) != 0U)
 80047c6:	f013 0f10 	tst.w	r3, #16
 80047ca:	d082      	beq.n	80046d2 <HAL_UART_IRQHandler+0x3a>
      && ((cr1its & USART_CR1_IDLEIE) != 0U))
 80047cc:	f010 0f10 	tst.w	r0, #16
 80047d0:	f43f af7f 	beq.w	80046d2 <HAL_UART_IRQHandler+0x3a>
    __HAL_UART_CLEAR_IDLEFLAG(huart);
 80047d4:	2300      	movs	r3, #0
 80047d6:	9301      	str	r3, [sp, #4]
 80047d8:	6813      	ldr	r3, [r2, #0]
 80047da:	9301      	str	r3, [sp, #4]
 80047dc:	6853      	ldr	r3, [r2, #4]
 80047de:	9301      	str	r3, [sp, #4]
 80047e0:	9b01      	ldr	r3, [sp, #4]
    if (HAL_IS_BIT_SET(huart->Instance->CR3, USART_CR3_DMAR))
 80047e2:	6953      	ldr	r3, [r2, #20]
 80047e4:	f013 0f40 	tst.w	r3, #64	@ 0x40
 80047e8:	d05f      	beq.n	80048aa <HAL_UART_IRQHandler+0x212>
      uint16_t nb_remaining_rx_data = (uint16_t) __HAL_DMA_GET_COUNTER(huart->hdmarx);
 80047ea:	6be2      	ldr	r2, [r4, #60]	@ 0x3c
 80047ec:	6813      	ldr	r3, [r2, #0]
 80047ee:	685b      	ldr	r3, [r3, #4]
 80047f0:	b29b      	uxth	r3, r3
      if ((nb_remaining_rx_data > 0U)
 80047f2:	2b00      	cmp	r3, #0
 80047f4:	d04a      	beq.n	800488c <HAL_UART_IRQHandler+0x1f4>
          && (nb_remaining_rx_data < huart->RxXferSize))
 80047f6:	8da1      	ldrh	r1, [r4, #44]	@ 0x2c
 80047f8:	4299      	cmp	r1, r3
 80047fa:	d947      	bls.n	800488c <HAL_UART_IRQHandler+0x1f4>
        huart->RxXferCount = nb_remaining_rx_data;
 80047fc:	85e3      	strh	r3, [r4, #46]	@ 0x2e
        if (huart->hdmarx->Init.Mode != DMA_CIRCULAR)
 80047fe:	69d3      	ldr	r3, [r2, #28]
 8004800:	f5b3 7f80 	cmp.w	r3, #256	@ 0x100
 8004804:	d037      	beq.n	8004876 <HAL_UART_IRQHandler+0x1de>
          ATOMIC_CLEAR_BIT(huart->Instance->CR1, USART_CR1_PEIE);
 8004806:	6822      	ldr	r2, [r4, #0]
   __ASM volatile ("ldrex %0, %1" : "=r" (result) : "Q" (*addr) );
 8004808:	f102 030c 	add.w	r3, r2, #12
 800480c:	e853 3f00 	ldrex	r3, [r3]
 8004810:	f423 7380 	bic.w	r3, r3, #256	@ 0x100
   __ASM volatile ("strex %0, %2, %1" : "=&r" (result), "=Q" (*addr) : "r" (value) );
 8004814:	320c      	adds	r2, #12
 8004816:	e842 3100 	strex	r1, r3, [r2]
 800481a:	2900      	cmp	r1, #0
 800481c:	d1f3      	bne.n	8004806 <HAL_UART_IRQHandler+0x16e>
          ATOMIC_CLEAR_BIT(huart->Instance->CR3, USART_CR3_EIE);
 800481e:	6822      	ldr	r2, [r4, #0]
   __ASM volatile ("ldrex %0, %1" : "=r" (result) : "Q" (*addr) );
 8004820:	f102 0314 	add.w	r3, r2, #20
 8004824:	e853 3f00 	ldrex	r3, [r3]
 8004828:	f023 0301 	bic.w	r3, r3, #1
   __ASM volatile ("strex %0, %2, %1" : "=&r" (result), "=Q" (*addr) : "r" (value) );
 800482c:	3214      	adds	r2, #20
 800482e:	e842 3100 	strex	r1, r3, [r2]
 8004832:	2900      	cmp	r1, #0
 8004834:	d1f3      	bne.n	800481e <HAL_UART_IRQHandler+0x186>
          ATOMIC_CLEAR_BIT(huart->Instance->CR3, USART_CR3_DMAR);
 8004836:	6822      	ldr	r2, [r4, #0]
   __ASM volatile ("ldrex %0, %1" : "=r" (result) : "Q" (*addr) );
 8004838:	f102 0314 	add.w	r3, r2, #20
 800483c:	e853 3f00 	ldrex	r3, [r3]
 8004840:	f023 0340 	bic.w	r3, r3, #64	@ 0x40
   __ASM volatile ("strex %0, %2, %1" : "=&r" (result), "=Q" (*addr) : "r" (value) );
 8004844:	3214      	adds	r2, #20
 8004846:	e842 3100 	strex	r1, r3, [r2]
 800484a:	2900      	cmp	r1, #0
 800484c:	d1f3      	bne.n	8004836 <HAL_UART_IRQHandler+0x19e>
          huart->RxState = HAL_UART_STATE_READY;
 800484e:	2320      	movs	r3, #32
 8004850:	f884 3042 	strb.w	r3, [r4, #66]	@ 0x42
          huart->ReceptionType = HAL_UART_RECEPTION_STANDARD;
 8004854:	2300      	movs	r3, #0
 8004856:	6323      	str	r3, [r4, #48]	@ 0x30
          ATOMIC_CLEAR_BIT(huart->Instance->CR1, USART_CR1_IDLEIE);
 8004858:	6822      	ldr	r2, [r4, #0]
   __ASM volatile ("ldrex %0, %1" : "=r" (result) : "Q" (*addr) );
 800485a:	f102 030c 	add.w	r3, r2, #12
 800485e:	e853 3f00 	ldrex	r3, [r3]
 8004862:	f023 0310 	bic.w	r3, r3, #16
   __ASM volatile ("strex %0, %2, %1" : "=&r" (result), "=Q" (*addr) : "r" (value) );
 8004866:	320c      	adds	r2, #12
 8004868:	e842 3100 	strex	r1, r3, [r2]
 800486c:	2900      	cmp	r1, #0
 800486e:	d1f3      	bne.n	8004858 <HAL_UART_IRQHandler+0x1c0>
          (void)HAL_DMA_Abort(huart->hdmarx);
 8004870:	6be0      	ldr	r0, [r4, #60]	@ 0x3c
 8004872:	f7fd fd31 	bl	80022d8 <HAL_DMA_Abort>
        huart->RxEventType = HAL_UART_RXEVENT_IDLE;
 8004876:	2302      	movs	r3, #2
 8004878:	6363      	str	r3, [r4, #52]	@ 0x34
        HAL_UARTEx_RxEventCallback(huart, (huart->RxXferSize - huart->RxXferCount));
 800487a:	8da1      	ldrh	r1, [r4, #44]	@ 0x2c
 800487c:	8de3      	ldrh	r3, [r4, #46]	@ 0x2e
 800487e:	b29b      	uxth	r3, r3
 8004880:	1ac9      	subs	r1, r1, r3
 8004882:	b289      	uxth	r1, r1
 8004884:	4620      	mov	r0, r4
 8004886:	f7fc f975 	bl	8000b74 <HAL_UARTEx_RxEventCallback>
 800488a:	e730      	b.n	80046ee <HAL_UART_IRQHandler+0x56>
        if (nb_remaining_rx_data == huart->RxXferSize)
 800488c:	8da1      	ldrh	r1, [r4, #44]	@ 0x2c
 800488e:	4299      	cmp	r1, r3
 8004890:	f47f af2d 	bne.w	80046ee <HAL_UART_IRQHandler+0x56>
          if (huart->hdmarx->Init.Mode == DMA_CIRCULAR)
 8004894:	69d3      	ldr	r3, [r2, #28]
 8004896:	f5b3 7f80 	cmp.w	r3, #256	@ 0x100
 800489a:	f47f af28 	bne.w	80046ee <HAL_UART_IRQHandler+0x56>
            huart->RxEventType = HAL_UART_RXEVENT_IDLE;
 800489e:	2302      	movs	r3, #2
 80048a0:	6363      	str	r3, [r4, #52]	@ 0x34
            HAL_UARTEx_RxEventCallback(huart, huart->RxXferSize);
 80048a2:	4620      	mov	r0, r4
 80048a4:	f7fc f966 	bl	8000b74 <HAL_UARTEx_RxEventCallback>
      return;
 80048a8:	e721      	b.n	80046ee <HAL_UART_IRQHandler+0x56>
      uint16_t nb_rx_data = huart->RxXferSize - huart->RxXferCount;
 80048aa:	8da1      	ldrh	r1, [r4, #44]	@ 0x2c
 80048ac:	8de3      	ldrh	r3, [r4, #46]	@ 0x2e
 80048ae:	b29b      	uxth	r3, r3
 80048b0:	1ac9      	subs	r1, r1, r3
 80048b2:	b289      	uxth	r1, r1
      if ((huart->RxXferCount > 0U)
 80048b4:	8de3      	ldrh	r3, [r4, #46]	@ 0x2e
 80048b6:	b29b      	uxth	r3, r3
 80048b8:	2b00      	cmp	r3, #0
 80048ba:	f43f af18 	beq.w	80046ee <HAL_UART_IRQHandler+0x56>
          && (nb_rx_data > 0U))
 80048be:	2900      	cmp	r1, #0
 80048c0:	f43f af15 	beq.w	80046ee <HAL_UART_IRQHandler+0x56>
        ATOMIC_CLEAR_BIT(huart->Instance->CR1, (USART_CR1_RXNEIE | USART_CR1_PEIE));
 80048c4:	6822      	ldr	r2, [r4, #0]
   __ASM volatile ("ldrex %0, %1" : "=r" (result) : "Q" (*addr) );
 80048c6:	f102 030c 	add.w	r3, r2, #12
 80048ca:	e853 3f00 	ldrex	r3, [r3]
 80048ce:	f423 7390 	bic.w	r3, r3, #288	@ 0x120
   __ASM volatile ("strex %0, %2, %1" : "=&r" (result), "=Q" (*addr) : "r" (value) );
 80048d2:	320c      	adds	r2, #12
 80048d4:	e842 3000 	strex	r0, r3, [r2]
 80048d8:	2800      	cmp	r0, #0
 80048da:	d1f3      	bne.n	80048c4 <HAL_UART_IRQHandler+0x22c>
        ATOMIC_CLEAR_BIT(huart->Instance->CR3, USART_CR3_EIE);
 80048dc:	6822      	ldr	r2, [r4, #0]
   __ASM volatile ("ldrex %0, %1" : "=r" (result) : "Q" (*addr) );
 80048de:	f102 0314 	add.w	r3, r2, #20
 80048e2:	e853 3f00 	ldrex	r3, [r3]
 80048e6:	f023 0301 	bic.w	r3, r3, #1
   __ASM volatile ("strex %0, %2, %1" : "=&r" (result), "=Q" (*addr) : "r" (value) );
 80048ea:	3214      	adds	r2, #20
 80048ec:	e842 3000 	strex	r0, r3, [r2]
 80048f0:	2800      	cmp	r0, #0
 80048f2:	d1f3      	bne.n	80048dc <HAL_UART_IRQHandler+0x244>
        huart->RxState = HAL_UART_STATE_READY;
 80048f4:	2320      	movs	r3, #32
 80048f6:	f884 3042 	strb.w	r3, [r4, #66]	@ 0x42
        huart->ReceptionType = HAL_UART_RECEPTION_STANDARD;
 80048fa:	2300      	movs	r3, #0
 80048fc:	6323      	str	r3, [r4, #48]	@ 0x30
        ATOMIC_CLEAR_BIT(huart->Instance->CR1, USART_CR1_IDLEIE);
 80048fe:	6822      	ldr	r2, [r4, #0]
   __ASM volatile ("ldrex %0, %1" : "=r" (result) : "Q" (*addr) );
 8004900:	f102 030c 	add.w	r3, r2, #12
 8004904:	e853 3f00 	ldrex	r3, [r3]
 8004908:	f023 0310 	bic.w	r3, r3, #16
   __ASM volatile ("strex %0, %2, %1" : "=&r" (result), "=Q" (*addr) : "r" (value) );
 800490c:	320c      	adds	r2, #12
 800490e:	e842 3000 	strex	r0, r3, [r2]
 8004912:	2800      	cmp	r0, #0
 8004914:	d1f3      	bne.n	80048fe <HAL_UART_IRQHandler+0x266>
        huart->RxEventType = HAL_UART_RXEVENT_IDLE;
 8004916:	2302      	movs	r3, #2
 8004918:	6363      	str	r3, [r4, #52]	@ 0x34
        HAL_UARTEx_RxEventCallback(huart, nb_rx_data);
 800491a:	4620      	mov	r0, r4
 800491c:	f7fc f92a 	bl	8000b74 <HAL_UARTEx_RxEventCallback>
      return;
 8004920:	e6e5      	b.n	80046ee <HAL_UART_IRQHandler+0x56>
    UART_Transmit_IT(huart);
 8004922:	4620      	mov	r0, r4
 8004924:	f7ff fd1d 	bl	8004362 <UART_Transmit_IT>
    return;
 8004928:	e6e1      	b.n	80046ee <HAL_UART_IRQHandler+0x56>
    UART_EndTransmit_IT(huart);
 800492a:	4620      	mov	r0, r4
 800492c:	f7ff fe01 	bl	8004532 <UART_EndTransmit_IT>
    return;
 8004930:	e6dd      	b.n	80046ee <HAL_UART_IRQHandler+0x56>
 8004932:	bf00      	nop
 8004934:	080045a7 	.word	0x080045a7

08004938 <UART_DMARxHalfCplt>:
{
 8004938:	b508      	push	{r3, lr}
  UART_HandleTypeDef *huart = (UART_HandleTypeDef *)((DMA_HandleTypeDef *)hdma)->Parent;
 800493a:	6b80      	ldr	r0, [r0, #56]	@ 0x38
  huart->RxEventType = HAL_UART_RXEVENT_HT;
 800493c:	2301      	movs	r3, #1
 800493e:	6343      	str	r3, [r0, #52]	@ 0x34
  if (huart->ReceptionType == HAL_UART_RECEPTION_TOIDLE)
 8004940:	6b03      	ldr	r3, [r0, #48]	@ 0x30
 8004942:	2b01      	cmp	r3, #1
 8004944:	d002      	beq.n	800494c <UART_DMARxHalfCplt+0x14>
    HAL_UART_RxHalfCpltCallback(huart);
 8004946:	f7ff fe02 	bl	800454e <HAL_UART_RxHalfCpltCallback>
}
 800494a:	bd08      	pop	{r3, pc}
    HAL_UARTEx_RxEventCallback(huart, huart->RxXferSize / 2U);
 800494c:	8d81      	ldrh	r1, [r0, #44]	@ 0x2c
 800494e:	0849      	lsrs	r1, r1, #1
 8004950:	f7fc f910 	bl	8000b74 <HAL_UARTEx_RxEventCallback>
 8004954:	e7f9      	b.n	800494a <UART_DMARxHalfCplt+0x12>

08004956 <UART_DMAReceiveCplt>:
{
 8004956:	b508      	push	{r3, lr}
 8004958:	4603      	mov	r3, r0
  UART_HandleTypeDef *huart = (UART_HandleTypeDef *)((DMA_HandleTypeDef *)hdma)->Parent;
 800495a:	6b80      	ldr	r0, [r0, #56]	@ 0x38
  if ((hdma->Instance->CR & DMA_SxCR_CIRC) == 0U)
 800495c:	681b      	ldr	r3, [r3, #0]
 800495e:	681b      	ldr	r3, [r3, #0]
 8004960:	f413 7f80 	tst.w	r3, #256	@ 0x100
 8004964:	d12b      	bne.n	80049be <UART_DMAReceiveCplt+0x68>
    huart->RxXferCount = 0U;
 8004966:	2300      	movs	r3, #0
 8004968:	85c3      	strh	r3, [r0, #46]	@ 0x2e
    ATOMIC_CLEAR_BIT(huart->Instance->CR1, USART_CR1_PEIE);
 800496a:	6802      	ldr	r2, [r0, #0]
   __ASM volatile ("ldrex %0, %1" : "=r" (result) : "Q" (*addr) );
 800496c:	f102 030c 	add.w	r3, r2, #12
 8004970:	e853 3f00 	ldrex	r3, [r3]
 8004974:	f423 7380 	bic.w	r3, r3, #256	@ 0x100
   __ASM volatile ("strex %0, %2, %1" : "=&r" (result), "=Q" (*addr) : "r" (value) );
 8004978:	320c      	adds	r2, #12
 800497a:	e842 3100 	strex	r1, r3, [r2]
 800497e:	2900      	cmp	r1, #0
 8004980:	d1f3      	bne.n	800496a <UART_DMAReceiveCplt+0x14>
    ATOMIC_CLEAR_BIT(huart->Instance->CR3, USART_CR3_EIE);
 8004982:	6802      	ldr	r2, [r0, #0]
   __ASM volatile ("ldrex %0, %1" : "=r" (result) : "Q" (*addr) );
 8004984:	f102 0314 	add.w	r3, r2, #20
 8004988:	e853 3f00 	ldrex	r3, [r3]
 800498c:	f023 0301 	bic.w	r3, r3, #1
   __ASM volatile ("strex %0, %2, %1" : "=&r" (result), "=Q" (*addr) : "r" (value) );
 8004990:	3214      	adds	r2, #20
 8004992:	e842 3100 	strex	r1, r3, [r2]
 8004996:	2900      	cmp	r1, #0
 8004998:	d1f3      	bne.n	8004982 <UART_DMAReceiveCplt+0x2c>
    ATOMIC_CLEAR_BIT(huart->Instance->CR3, USART_CR3_DMAR);
 800499a:	6802      	ldr	r2, [r0, #0]
   __ASM volatile ("ldrex %0, %1" : "=r" (result) : "Q" (*addr) );
 800499c:	f102 0314 	add.w	r3, r2, #20
 80049a0:	e853 3f00 	ldrex	r3, [r3]
 80049a4:	f023 0340 	bic.w	r3, r3, #64	@ 0x40
   __ASM volatile ("strex %0, %2, %1" : "=&r" (result), "=Q" (*addr) : "r" (value) );
 80049a8:	3214      	adds	r2, #20
 80049aa:	e842 3100 	strex	r1, r3, [r2]
 80049ae:	2900      	cmp	r1, #0
 80049b0:	d1f3      	bne.n	800499a <UART_DMAReceiveCplt+0x44>
    huart->RxState = HAL_UART_STATE_READY;
 80049b2:	2320      	movs	r3, #32
 80049b4:	f880 3042 	strb.w	r3, [r0, #66]	@ 0x42
    if (huart->ReceptionType == HAL_UART_RECEPTION_TOIDLE)
 80049b8:	6b03      	ldr	r3, [r0, #48]	@ 0x30
 80049ba:	2b01      	cmp	r3, #1
 80049bc:	d007      	beq.n	80049ce <UART_DMAReceiveCplt+0x78>
  huart->RxEventType = HAL_UART_RXEVENT_TC;
 80049be:	2300      	movs	r3, #0
 80049c0:	6343      	str	r3, [r0, #52]	@ 0x34
  if (huart->ReceptionType == HAL_UART_RECEPTION_TOIDLE)
 80049c2:	6b03      	ldr	r3, [r0, #48]	@ 0x30
 80049c4:	2b01      	cmp	r3, #1
 80049c6:	d00f      	beq.n	80049e8 <UART_DMAReceiveCplt+0x92>
    HAL_UART_RxCpltCallback(huart);
 80049c8:	f7ff fdc0 	bl	800454c <HAL_UART_RxCpltCallback>
}
 80049cc:	bd08      	pop	{r3, pc}
      ATOMIC_CLEAR_BIT(huart->Instance->CR1, USART_CR1_IDLEIE);
 80049ce:	6802      	ldr	r2, [r0, #0]
   __ASM volatile ("ldrex %0, %1" : "=r" (result) : "Q" (*addr) );
 80049d0:	f102 030c 	add.w	r3, r2, #12
 80049d4:	e853 3f00 	ldrex	r3, [r3]
 80049d8:	f023 0310 	bic.w	r3, r3, #16
   __ASM volatile ("strex %0, %2, %1" : "=&r" (result), "=Q" (*addr) : "r" (value) );
 80049dc:	320c      	adds	r2, #12
 80049de:	e842 3100 	strex	r1, r3, [r2]
 80049e2:	2900      	cmp	r1, #0
 80049e4:	d1f3      	bne.n	80049ce <UART_DMAReceiveCplt+0x78>
 80049e6:	e7ea      	b.n	80049be <UART_DMAReceiveCplt+0x68>
    HAL_UARTEx_RxEventCallback(huart, huart->RxXferSize);
 80049e8:	8d81      	ldrh	r1, [r0, #44]	@ 0x2c
 80049ea:	f7fc f8c3 	bl	8000b74 <HAL_UARTEx_RxEventCallback>
 80049ee:	e7ed      	b.n	80049cc <UART_DMAReceiveCplt+0x76>

080049f0 <UART_Start_Receive_DMA>:
{
 80049f0:	b530      	push	{r4, r5, lr}
 80049f2:	b083      	sub	sp, #12
 80049f4:	4604      	mov	r4, r0
 80049f6:	4613      	mov	r3, r2
  huart->pRxBuffPtr = pData;
 80049f8:	6281      	str	r1, [r0, #40]	@ 0x28
  huart->RxXferSize = Size;
 80049fa:	8582      	strh	r2, [r0, #44]	@ 0x2c
  huart->ErrorCode = HAL_UART_ERROR_NONE;
 80049fc:	2200      	movs	r2, #0
 80049fe:	6442      	str	r2, [r0, #68]	@ 0x44
  huart->RxState = HAL_UART_STATE_BUSY_RX;
 8004a00:	2022      	movs	r0, #34	@ 0x22
 8004a02:	f884 0042 	strb.w	r0, [r4, #66]	@ 0x42
  huart->hdmarx->XferCpltCallback = UART_DMAReceiveCplt;
 8004a06:	6be0      	ldr	r0, [r4, #60]	@ 0x3c
 8004a08:	4d24      	ldr	r5, [pc, #144]	@ (8004a9c <UART_Start_Receive_DMA+0xac>)
 8004a0a:	63c5      	str	r5, [r0, #60]	@ 0x3c
  huart->hdmarx->XferHalfCpltCallback = UART_DMARxHalfCplt;
 8004a0c:	6be0      	ldr	r0, [r4, #60]	@ 0x3c
 8004a0e:	4d24      	ldr	r5, [pc, #144]	@ (8004aa0 <UART_Start_Receive_DMA+0xb0>)
 8004a10:	6405      	str	r5, [r0, #64]	@ 0x40
  huart->hdmarx->XferErrorCallback = UART_DMAError;
 8004a12:	6be0      	ldr	r0, [r4, #60]	@ 0x3c
 8004a14:	4d23      	ldr	r5, [pc, #140]	@ (8004aa4 <UART_Start_Receive_DMA+0xb4>)
 8004a16:	64c5      	str	r5, [r0, #76]	@ 0x4c
  huart->hdmarx->XferAbortCallback = NULL;
 8004a18:	6be0      	ldr	r0, [r4, #60]	@ 0x3c
 8004a1a:	6502      	str	r2, [r0, #80]	@ 0x50
  if (HAL_DMA_Start_IT(huart->hdmarx, (uint32_t)&huart->Instance->DR, *(uint32_t *)tmp, Size) != HAL_OK)
 8004a1c:	6820      	ldr	r0, [r4, #0]
 8004a1e:	460a      	mov	r2, r1
 8004a20:	1d01      	adds	r1, r0, #4
 8004a22:	6be0      	ldr	r0, [r4, #60]	@ 0x3c
 8004a24:	f7fd fc24 	bl	8002270 <HAL_DMA_Start_IT>
 8004a28:	2800      	cmp	r0, #0
 8004a2a:	d12f      	bne.n	8004a8c <UART_Start_Receive_DMA+0x9c>
  __HAL_UART_CLEAR_OREFLAG(huart);
 8004a2c:	2300      	movs	r3, #0
 8004a2e:	9301      	str	r3, [sp, #4]
 8004a30:	6823      	ldr	r3, [r4, #0]
 8004a32:	681a      	ldr	r2, [r3, #0]
 8004a34:	9201      	str	r2, [sp, #4]
 8004a36:	685b      	ldr	r3, [r3, #4]
 8004a38:	9301      	str	r3, [sp, #4]
 8004a3a:	9b01      	ldr	r3, [sp, #4]
  if (huart->Init.Parity != UART_PARITY_NONE)
 8004a3c:	6923      	ldr	r3, [r4, #16]
 8004a3e:	b15b      	cbz	r3, 8004a58 <UART_Start_Receive_DMA+0x68>
    ATOMIC_SET_BIT(huart->Instance->CR1, USART_CR1_PEIE);
 8004a40:	6822      	ldr	r2, [r4, #0]
   __ASM volatile ("ldrex %0, %1" : "=r" (result) : "Q" (*addr) );
 8004a42:	f102 030c 	add.w	r3, r2, #12
 8004a46:	e853 3f00 	ldrex	r3, [r3]
 8004a4a:	f443 7380 	orr.w	r3, r3, #256	@ 0x100
   __ASM volatile ("strex %0, %2, %1" : "=&r" (result), "=Q" (*addr) : "r" (value) );
 8004a4e:	320c      	adds	r2, #12
 8004a50:	e842 3100 	strex	r1, r3, [r2]
 8004a54:	2900      	cmp	r1, #0
 8004a56:	d1f3      	bne.n	8004a40 <UART_Start_Receive_DMA+0x50>
  ATOMIC_SET_BIT(huart->Instance->CR3, USART_CR3_EIE);
 8004a58:	6822      	ldr	r2, [r4, #0]
   __ASM volatile ("ldrex %0, %1" : "=r" (result) : "Q" (*addr) );
 8004a5a:	f102 0314 	add.w	r3, r2, #20
 8004a5e:	e853 3f00 	ldrex	r3, [r3]
 8004a62:	f043 0301 	orr.w	r3, r3, #1
   __ASM volatile ("strex %0, %2, %1" : "=&r" (result), "=Q" (*addr) : "r" (value) );
 8004a66:	3214      	adds	r2, #20
 8004a68:	e842 3100 	strex	r1, r3, [r2]
 8004a6c:	2900      	cmp	r1, #0
 8004a6e:	d1f3      	bne.n	8004a58 <UART_Start_Receive_DMA+0x68>
  ATOMIC_SET_BIT(huart->Instance->CR3, USART_CR3_DMAR);
 8004a70:	6822      	ldr	r2, [r4, #0]
   __ASM volatile ("ldrex %0, %1" : "=r" (result) : "Q" (*addr) );
 8004a72:	f102 0314 	add.w	r3, r2, #20
 8004a76:	e853 3f00 	ldrex	r3, [r3]
 8004a7a:	f043 0340 	orr.w	r3, r3, #64	@ 0x40
   __ASM volatile ("strex %0, %2, %1" : "=&r" (result), "=Q" (*addr) : "r" (value) );
 8004a7e:	3214      	adds	r2, #20
 8004a80:	e842 3100 	strex	r1, r3, [r2]
 8004a84:	2900      	cmp	r1, #0
 8004a86:	d1f3      	bne.n	8004a70 <UART_Start_Receive_DMA+0x80>
}
 8004a88:	b003      	add	sp, #12
 8004a8a:	bd30      	pop	{r4, r5, pc}
    huart->ErrorCode = HAL_UART_ERROR_DMA;
 8004a8c:	2310      	movs	r3, #16
 8004a8e:	6463      	str	r3, [r4, #68]	@ 0x44
    huart->RxState = HAL_UART_STATE_READY;
 8004a90:	2320      	movs	r3, #32
 8004a92:	f884 3042 	strb.w	r3, [r4, #66]	@ 0x42
    return HAL_ERROR;
 8004a96:	2001      	movs	r0, #1
 8004a98:	e7f6      	b.n	8004a88 <UART_Start_Receive_DMA+0x98>
 8004a9a:	bf00      	nop
 8004a9c:	08004957 	.word	0x08004957
 8004aa0:	08004939 	.word	0x08004939
 8004aa4:	08004553 	.word	0x08004553

08004aa8 <HAL_UARTEx_ReceiveToIdle_DMA>:
  if (huart->RxState == HAL_UART_STATE_READY)
 8004aa8:	f890 3042 	ldrb.w	r3, [r0, #66]	@ 0x42
 8004aac:	2b20      	cmp	r3, #32
 8004aae:	d127      	bne.n	8004b00 <HAL_UARTEx_ReceiveToIdle_DMA+0x58>
{
 8004ab0:	b510      	push	{r4, lr}
 8004ab2:	b082      	sub	sp, #8
 8004ab4:	4604      	mov	r4, r0
    if ((pData == NULL) || (Size == 0U))
 8004ab6:	b329      	cbz	r1, 8004b04 <HAL_UARTEx_ReceiveToIdle_DMA+0x5c>
 8004ab8:	b912      	cbnz	r2, 8004ac0 <HAL_UARTEx_ReceiveToIdle_DMA+0x18>
      return HAL_ERROR;
 8004aba:	2001      	movs	r0, #1
}
 8004abc:	b002      	add	sp, #8
 8004abe:	bd10      	pop	{r4, pc}
    huart->ReceptionType = HAL_UART_RECEPTION_TOIDLE;
 8004ac0:	2301      	movs	r3, #1
 8004ac2:	6303      	str	r3, [r0, #48]	@ 0x30
    huart->RxEventType = HAL_UART_RXEVENT_TC;
 8004ac4:	2300      	movs	r3, #0
 8004ac6:	6343      	str	r3, [r0, #52]	@ 0x34
    status =  UART_Start_Receive_DMA(huart, pData, Size);
 8004ac8:	f7ff ff92 	bl	80049f0 <UART_Start_Receive_DMA>
    if (huart->ReceptionType == HAL_UART_RECEPTION_TOIDLE)
 8004acc:	6b23      	ldr	r3, [r4, #48]	@ 0x30
 8004ace:	2b01      	cmp	r3, #1
 8004ad0:	d001      	beq.n	8004ad6 <HAL_UARTEx_ReceiveToIdle_DMA+0x2e>
      status = HAL_ERROR;
 8004ad2:	2001      	movs	r0, #1
    return status;
 8004ad4:	e7f2      	b.n	8004abc <HAL_UARTEx_ReceiveToIdle_DMA+0x14>
      __HAL_UART_CLEAR_IDLEFLAG(huart);
 8004ad6:	2300      	movs	r3, #0
 8004ad8:	9301      	str	r3, [sp, #4]
 8004ada:	6823      	ldr	r3, [r4, #0]
 8004adc:	681a      	ldr	r2, [r3, #0]
 8004ade:	9201      	str	r2, [sp, #4]
 8004ae0:	685b      	ldr	r3, [r3, #4]
 8004ae2:	9301      	str	r3, [sp, #4]
 8004ae4:	9b01      	ldr	r3, [sp, #4]
      ATOMIC_SET_BIT(huart->Instance->CR1, USART_CR1_IDLEIE);
 8004ae6:	6822      	ldr	r2, [r4, #0]
   __ASM volatile ("ldrex %0, %1" : "=r" (result) : "Q" (*addr) );
 8004ae8:	f102 030c 	add.w	r3, r2, #12
 8004aec:	e853 3f00 	ldrex	r3, [r3]
 8004af0:	f043 0310 	orr.w	r3, r3, #16
   __ASM volatile ("strex %0, %2, %1" : "=&r" (result), "=Q" (*addr) : "r" (value) );
 8004af4:	320c      	adds	r2, #12
 8004af6:	e842 3100 	strex	r1, r3, [r2]
 8004afa:	2900      	cmp	r1, #0
 8004afc:	d1f3      	bne.n	8004ae6 <HAL_UARTEx_ReceiveToIdle_DMA+0x3e>
 8004afe:	e7dd      	b.n	8004abc <HAL_UARTEx_ReceiveToIdle_DMA+0x14>
    return HAL_BUSY;
 8004b00:	2002      	movs	r0, #2
}
 8004b02:	4770      	bx	lr
      return HAL_ERROR;
 8004b04:	2001      	movs	r0, #1
 8004b06:	e7d9      	b.n	8004abc <HAL_UARTEx_ReceiveToIdle_DMA+0x14>

08004b08 <NMI_Handler>:
{
  /* USER CODE BEGIN NonMaskableInt_IRQn 0 */

  /* USER CODE END NonMaskableInt_IRQn 0 */
  /* USER CODE BEGIN NonMaskableInt_IRQn 1 */
   while (1)
 8004b08:	e7fe      	b.n	8004b08 <NMI_Handler>

08004b0a <HardFault_Handler>:
void HardFault_Handler(void)
{
  /* USER CODE BEGIN HardFault_IRQn 0 */

  /* USER CODE END HardFault_IRQn 0 */
  while (1)
 8004b0a:	e7fe      	b.n	8004b0a <HardFault_Handler>

08004b0c <MemManage_Handler>:
void MemManage_Handler(void)
{
  /* USER CODE BEGIN MemoryManagement_IRQn 0 */

  /* USER CODE END MemoryManagement_IRQn 0 */
  while (1)
 8004b0c:	e7fe      	b.n	8004b0c <MemManage_Handler>

08004b0e <BusFault_Handler>:
void BusFault_Handler(void)
{
  /* USER CODE BEGIN BusFault_IRQn 0 */

  /* USER CODE END BusFault_IRQn 0 */
  while (1)
 8004b0e:	e7fe      	b.n	8004b0e <BusFault_Handler>

08004b10 <UsageFault_Handler>:
void UsageFault_Handler(void)
{
  /* USER CODE BEGIN UsageFault_IRQn 0 */

  /* USER CODE END UsageFault_IRQn 0 */
  while (1)
 8004b10:	e7fe      	b.n	8004b10 <UsageFault_Handler>

08004b12 <DebugMon_Handler>:

  /* USER CODE END DebugMonitor_IRQn 0 */
  /* USER CODE BEGIN DebugMonitor_IRQn 1 */

  /* USER CODE END DebugMonitor_IRQn 1 */
}
 8004b12:	4770      	bx	lr

08004b14 <SysTick_Handler>:

/**
  * @brief This function handles System tick timer.
  */
void SysTick_Handler(void)
{
 8004b14:	b508      	push	{r3, lr}
  /* USER CODE BEGIN SysTick_IRQn 0 */

  /* USER CODE END SysTick_IRQn 0 */
  /* Explicitly clear COUNTFLAG to avoid timing jitter in CMSIS-RTOS V2 */
#if (configUSE_TICKLESS_IDLE == 0)
  (void)SysTick->CTRL;
 8004b16:	f04f 23e0 	mov.w	r3, #3758153728	@ 0xe000e000
 8004b1a:	691b      	ldr	r3, [r3, #16]
#endif
HAL_IncTick();
 8004b1c:	f7fd f888 	bl	8001c30 <HAL_IncTick>
#if (INCLUDE_xTaskGetSchedulerState == 1 )
  if (xTaskGetSchedulerState() != taskSCHEDULER_NOT_STARTED)
 8004b20:	f001 faae 	bl	8006080 <xTaskGetSchedulerState>
 8004b24:	2801      	cmp	r0, #1
 8004b26:	d100      	bne.n	8004b2a <SysTick_Handler+0x16>
  }
#endif /* INCLUDE_xTaskGetSchedulerState */
  /* USER CODE BEGIN SysTick_IRQn 1 */

  /* USER CODE END SysTick_IRQn 1 */
}
 8004b28:	bd08      	pop	{r3, pc}
  xPortSysTickHandler();
 8004b2a:	f7fc fbbb 	bl	80012a4 <xPortSysTickHandler>
}
 8004b2e:	e7fb      	b.n	8004b28 <SysTick_Handler+0x14>

08004b30 <USART1_IRQHandler>:

/**
  * @brief This function handles USART1 global interrupt.
  */
void USART1_IRQHandler(void)
{
 8004b30:	b508      	push	{r3, lr}
  /* USER CODE BEGIN USART1_IRQn 0 */

  /* USER CODE END USART1_IRQn 0 */
  HAL_UART_IRQHandler(&huart1);
 8004b32:	4802      	ldr	r0, [pc, #8]	@ (8004b3c <USART1_IRQHandler+0xc>)
 8004b34:	f7ff fdb0 	bl	8004698 <HAL_UART_IRQHandler>
  /* USER CODE BEGIN USART1_IRQn 1 */

  /* USER CODE END USART1_IRQn 1 */
}
 8004b38:	bd08      	pop	{r3, pc}
 8004b3a:	bf00      	nop
 8004b3c:	20004e04 	.word	0x20004e04

08004b40 <DMA2_Stream2_IRQHandler>:

/**
  * @brief This function handles DMA2 stream2 global interrupt.
  */
void DMA2_Stream2_IRQHandler(void)
{
 8004b40:	b508      	push	{r3, lr}
  /* USER CODE BEGIN DMA2_Stream2_IRQn 0 */

  /* USER CODE END DMA2_Stream2_IRQn 0 */
  HAL_DMA_IRQHandler(&hdma_usart1_rx);
 8004b42:	4802      	ldr	r0, [pc, #8]	@ (8004b4c <DMA2_Stream2_IRQHandler+0xc>)
 8004b44:	f7fd fc24 	bl	8002390 <HAL_DMA_IRQHandler>
  /* USER CODE BEGIN DMA2_Stream2_IRQn 1 */

  /* USER CODE END DMA2_Stream2_IRQn 1 */
}
 8004b48:	bd08      	pop	{r3, pc}
 8004b4a:	bf00      	nop
 8004b4c:	20004d5c 	.word	0x20004d5c

08004b50 <OTG_FS_IRQHandler>:

/**
  * @brief This function handles USB On The Go FS global interrupt.
  */
void OTG_FS_IRQHandler(void)
{
 8004b50:	b508      	push	{r3, lr}
  /* USER CODE BEGIN OTG_FS_IRQn 0 */

  /* USER CODE END OTG_FS_IRQn 0 */
  HAL_PCD_IRQHandler(&hpcd_USB_OTG_FS);
 8004b52:	4802      	ldr	r0, [pc, #8]	@ (8004b5c <OTG_FS_IRQHandler+0xc>)
 8004b54:	f7fe fa2f 	bl	8002fb6 <HAL_PCD_IRQHandler>
  /* USER CODE BEGIN OTG_FS_IRQn 1 */

  /* USER CODE END OTG_FS_IRQn 1 */
}
 8004b58:	bd08      	pop	{r3, pc}
 8004b5a:	bf00      	nop
 8004b5c:	20006348 	.word	0x20006348

08004b60 <USB_CoreReset>:
  * @brief  Reset the USB Core (needed after USB clock settings change)
  * @param  USBx  Selected device
  * @retval HAL status
  */
static HAL_StatusTypeDef USB_CoreReset(USB_OTG_GlobalTypeDef *USBx)
{
 8004b60:	b082      	sub	sp, #8
  __IO uint32_t count = 0U;
 8004b62:	2300      	movs	r3, #0
 8004b64:	9301      	str	r3, [sp, #4]

  /* Wait for AHB master IDLE state. */
  do
  {
    count++;
 8004b66:	9b01      	ldr	r3, [sp, #4]
 8004b68:	3301      	adds	r3, #1
 8004b6a:	9301      	str	r3, [sp, #4]

    if (count > HAL_USB_TIMEOUT)
 8004b6c:	9b01      	ldr	r3, [sp, #4]
 8004b6e:	f1b3 6f70 	cmp.w	r3, #251658240	@ 0xf000000
 8004b72:	d81c      	bhi.n	8004bae <USB_CoreReset+0x4e>
    {
      return HAL_TIMEOUT;
    }
  } while ((USBx->GRSTCTL & USB_OTG_GRSTCTL_AHBIDL) == 0U);
 8004b74:	6903      	ldr	r3, [r0, #16]
 8004b76:	2b00      	cmp	r3, #0
 8004b78:	daf5      	bge.n	8004b66 <USB_CoreReset+0x6>

  count = 10U;
 8004b7a:	230a      	movs	r3, #10
 8004b7c:	9301      	str	r3, [sp, #4]

  /* few cycles before setting core reset */
  while (count > 0U)
 8004b7e:	e002      	b.n	8004b86 <USB_CoreReset+0x26>
  {
    count--;
 8004b80:	9b01      	ldr	r3, [sp, #4]
 8004b82:	3b01      	subs	r3, #1
 8004b84:	9301      	str	r3, [sp, #4]
  while (count > 0U)
 8004b86:	9b01      	ldr	r3, [sp, #4]
 8004b88:	2b00      	cmp	r3, #0
 8004b8a:	d1f9      	bne.n	8004b80 <USB_CoreReset+0x20>
  }

  /* Core Soft Reset */
  USBx->GRSTCTL |= USB_OTG_GRSTCTL_CSRST;
 8004b8c:	6903      	ldr	r3, [r0, #16]
 8004b8e:	f043 0301 	orr.w	r3, r3, #1
 8004b92:	6103      	str	r3, [r0, #16]

  do
  {
    count++;
 8004b94:	9b01      	ldr	r3, [sp, #4]
 8004b96:	3301      	adds	r3, #1
 8004b98:	9301      	str	r3, [sp, #4]

    if (count > HAL_USB_TIMEOUT)
 8004b9a:	9b01      	ldr	r3, [sp, #4]
 8004b9c:	f1b3 6f70 	cmp.w	r3, #251658240	@ 0xf000000
 8004ba0:	d808      	bhi.n	8004bb4 <USB_CoreReset+0x54>
    {
      return HAL_TIMEOUT;
    }
  } while ((USBx->GRSTCTL & USB_OTG_GRSTCTL_CSRST) == USB_OTG_GRSTCTL_CSRST);
 8004ba2:	6903      	ldr	r3, [r0, #16]
 8004ba4:	f013 0f01 	tst.w	r3, #1
 8004ba8:	d1f4      	bne.n	8004b94 <USB_CoreReset+0x34>

  return HAL_OK;
 8004baa:	2000      	movs	r0, #0
 8004bac:	e000      	b.n	8004bb0 <USB_CoreReset+0x50>
      return HAL_TIMEOUT;
 8004bae:	2003      	movs	r0, #3
}
 8004bb0:	b002      	add	sp, #8
 8004bb2:	4770      	bx	lr
      return HAL_TIMEOUT;
 8004bb4:	2003      	movs	r0, #3
 8004bb6:	e7fb      	b.n	8004bb0 <USB_CoreReset+0x50>

08004bb8 <USB_CoreInit>:
{
 8004bb8:	b084      	sub	sp, #16
 8004bba:	b510      	push	{r4, lr}
 8004bbc:	4604      	mov	r4, r0
 8004bbe:	a803      	add	r0, sp, #12
 8004bc0:	e880 000e 	stmia.w	r0, {r1, r2, r3}
  if (cfg.phy_itface == USB_OTG_ULPI_PHY)
 8004bc4:	f89d 3011 	ldrb.w	r3, [sp, #17]
 8004bc8:	2b01      	cmp	r3, #1
 8004bca:	d121      	bne.n	8004c10 <USB_CoreInit+0x58>
    USBx->GCCFG &= ~(USB_OTG_GCCFG_PWRDWN);
 8004bcc:	6ba3      	ldr	r3, [r4, #56]	@ 0x38
 8004bce:	f423 3380 	bic.w	r3, r3, #65536	@ 0x10000
 8004bd2:	63a3      	str	r3, [r4, #56]	@ 0x38
    USBx->GUSBCFG &= ~(USB_OTG_GUSBCFG_TSDPS | USB_OTG_GUSBCFG_ULPIFSLS | USB_OTG_GUSBCFG_PHYSEL);
 8004bd4:	68e3      	ldr	r3, [r4, #12]
 8004bd6:	f423 0384 	bic.w	r3, r3, #4325376	@ 0x420000
 8004bda:	f023 0340 	bic.w	r3, r3, #64	@ 0x40
 8004bde:	60e3      	str	r3, [r4, #12]
    USBx->GUSBCFG &= ~(USB_OTG_GUSBCFG_ULPIEVBUSD | USB_OTG_GUSBCFG_ULPIEVBUSI);
 8004be0:	68e3      	ldr	r3, [r4, #12]
 8004be2:	f423 1340 	bic.w	r3, r3, #3145728	@ 0x300000
 8004be6:	60e3      	str	r3, [r4, #12]
    if (cfg.use_external_vbus == 1U)
 8004be8:	f89d 3018 	ldrb.w	r3, [sp, #24]
 8004bec:	2b01      	cmp	r3, #1
 8004bee:	d00a      	beq.n	8004c06 <USB_CoreInit+0x4e>
    ret = USB_CoreReset(USBx);
 8004bf0:	4620      	mov	r0, r4
 8004bf2:	f7ff ffb5 	bl	8004b60 <USB_CoreReset>
  if (cfg.dma_enable == 1U)
 8004bf6:	f89d 300e 	ldrb.w	r3, [sp, #14]
 8004bfa:	2b01      	cmp	r3, #1
 8004bfc:	d01c      	beq.n	8004c38 <USB_CoreInit+0x80>
}
 8004bfe:	e8bd 4010 	ldmia.w	sp!, {r4, lr}
 8004c02:	b004      	add	sp, #16
 8004c04:	4770      	bx	lr
      USBx->GUSBCFG |= USB_OTG_GUSBCFG_ULPIEVBUSD;
 8004c06:	68e3      	ldr	r3, [r4, #12]
 8004c08:	f443 1380 	orr.w	r3, r3, #1048576	@ 0x100000
 8004c0c:	60e3      	str	r3, [r4, #12]
 8004c0e:	e7ef      	b.n	8004bf0 <USB_CoreInit+0x38>
    USBx->GUSBCFG |= USB_OTG_GUSBCFG_PHYSEL;
 8004c10:	68e3      	ldr	r3, [r4, #12]
 8004c12:	f043 0340 	orr.w	r3, r3, #64	@ 0x40
 8004c16:	60e3      	str	r3, [r4, #12]
    ret = USB_CoreReset(USBx);
 8004c18:	4620      	mov	r0, r4
 8004c1a:	f7ff ffa1 	bl	8004b60 <USB_CoreReset>
    if (cfg.battery_charging_enable == 0U)
 8004c1e:	f89d 3015 	ldrb.w	r3, [sp, #21]
 8004c22:	b923      	cbnz	r3, 8004c2e <USB_CoreInit+0x76>
      USBx->GCCFG |= USB_OTG_GCCFG_PWRDWN;
 8004c24:	6ba3      	ldr	r3, [r4, #56]	@ 0x38
 8004c26:	f443 3380 	orr.w	r3, r3, #65536	@ 0x10000
 8004c2a:	63a3      	str	r3, [r4, #56]	@ 0x38
 8004c2c:	e7e3      	b.n	8004bf6 <USB_CoreInit+0x3e>
      USBx->GCCFG &= ~(USB_OTG_GCCFG_PWRDWN);
 8004c2e:	6ba3      	ldr	r3, [r4, #56]	@ 0x38
 8004c30:	f423 3380 	bic.w	r3, r3, #65536	@ 0x10000
 8004c34:	63a3      	str	r3, [r4, #56]	@ 0x38
 8004c36:	e7de      	b.n	8004bf6 <USB_CoreInit+0x3e>
    USBx->GAHBCFG |= USB_OTG_GAHBCFG_HBSTLEN_2;
 8004c38:	68a3      	ldr	r3, [r4, #8]
 8004c3a:	f043 0306 	orr.w	r3, r3, #6
 8004c3e:	60a3      	str	r3, [r4, #8]
    USBx->GAHBCFG |= USB_OTG_GAHBCFG_DMAEN;
 8004c40:	68a3      	ldr	r3, [r4, #8]
 8004c42:	f043 0320 	orr.w	r3, r3, #32
 8004c46:	60a3      	str	r3, [r4, #8]
 8004c48:	e7d9      	b.n	8004bfe <USB_CoreInit+0x46>
	...

08004c4c <USB_SetTurnaroundTime>:
  if (speed == USBD_FS_SPEED)
 8004c4c:	2a02      	cmp	r2, #2
 8004c4e:	d00a      	beq.n	8004c66 <USB_SetTurnaroundTime+0x1a>
    UsbTrd = USBD_HS_TRDT_VALUE;
 8004c50:	2209      	movs	r2, #9
  USBx->GUSBCFG &= ~USB_OTG_GUSBCFG_TRDT;
 8004c52:	68c3      	ldr	r3, [r0, #12]
 8004c54:	f423 5370 	bic.w	r3, r3, #15360	@ 0x3c00
 8004c58:	60c3      	str	r3, [r0, #12]
  USBx->GUSBCFG |= (uint32_t)((UsbTrd << 10) & USB_OTG_GUSBCFG_TRDT);
 8004c5a:	68c3      	ldr	r3, [r0, #12]
 8004c5c:	ea43 2382 	orr.w	r3, r3, r2, lsl #10
 8004c60:	60c3      	str	r3, [r0, #12]
}
 8004c62:	2000      	movs	r0, #0
 8004c64:	4770      	bx	lr
    if ((hclk >= 14200000U) && (hclk < 15000000U))
 8004c66:	4b23      	ldr	r3, [pc, #140]	@ (8004cf4 <USB_SetTurnaroundTime+0xa8>)
 8004c68:	440b      	add	r3, r1
 8004c6a:	4a23      	ldr	r2, [pc, #140]	@ (8004cf8 <USB_SetTurnaroundTime+0xac>)
 8004c6c:	4293      	cmp	r3, r2
 8004c6e:	d92f      	bls.n	8004cd0 <USB_SetTurnaroundTime+0x84>
    else if ((hclk >= 15000000U) && (hclk < 16000000U))
 8004c70:	4b22      	ldr	r3, [pc, #136]	@ (8004cfc <USB_SetTurnaroundTime+0xb0>)
 8004c72:	440b      	add	r3, r1
 8004c74:	4a22      	ldr	r2, [pc, #136]	@ (8004d00 <USB_SetTurnaroundTime+0xb4>)
 8004c76:	4293      	cmp	r3, r2
 8004c78:	d92c      	bls.n	8004cd4 <USB_SetTurnaroundTime+0x88>
    else if ((hclk >= 16000000U) && (hclk < 17200000U))
 8004c7a:	f5a1 0374 	sub.w	r3, r1, #15990784	@ 0xf40000
 8004c7e:	f5a3 5310 	sub.w	r3, r3, #9216	@ 0x2400
 8004c82:	4a20      	ldr	r2, [pc, #128]	@ (8004d04 <USB_SetTurnaroundTime+0xb8>)
 8004c84:	4293      	cmp	r3, r2
 8004c86:	d927      	bls.n	8004cd8 <USB_SetTurnaroundTime+0x8c>
    else if ((hclk >= 17200000U) && (hclk < 18500000U))
 8004c88:	f1a1 7383 	sub.w	r3, r1, #17170432	@ 0x1060000
 8004c8c:	f5a3 43e7 	sub.w	r3, r3, #29568	@ 0x7380
 8004c90:	4a1d      	ldr	r2, [pc, #116]	@ (8004d08 <USB_SetTurnaroundTime+0xbc>)
 8004c92:	4293      	cmp	r3, r2
 8004c94:	d322      	bcc.n	8004cdc <USB_SetTurnaroundTime+0x90>
    else if ((hclk >= 18500000U) && (hclk < 20000000U))
 8004c96:	4b1d      	ldr	r3, [pc, #116]	@ (8004d0c <USB_SetTurnaroundTime+0xc0>)
 8004c98:	440b      	add	r3, r1
 8004c9a:	4a1d      	ldr	r2, [pc, #116]	@ (8004d10 <USB_SetTurnaroundTime+0xc4>)
 8004c9c:	4293      	cmp	r3, r2
 8004c9e:	d91f      	bls.n	8004ce0 <USB_SetTurnaroundTime+0x94>
    else if ((hclk >= 20000000U) && (hclk < 21800000U))
 8004ca0:	4b1c      	ldr	r3, [pc, #112]	@ (8004d14 <USB_SetTurnaroundTime+0xc8>)
 8004ca2:	440b      	add	r3, r1
 8004ca4:	4a1c      	ldr	r2, [pc, #112]	@ (8004d18 <USB_SetTurnaroundTime+0xcc>)
 8004ca6:	4293      	cmp	r3, r2
 8004ca8:	d31c      	bcc.n	8004ce4 <USB_SetTurnaroundTime+0x98>
    else if ((hclk >= 21800000U) && (hclk < 24000000U))
 8004caa:	4b1c      	ldr	r3, [pc, #112]	@ (8004d1c <USB_SetTurnaroundTime+0xd0>)
 8004cac:	440b      	add	r3, r1
 8004cae:	4a1c      	ldr	r2, [pc, #112]	@ (8004d20 <USB_SetTurnaroundTime+0xd4>)
 8004cb0:	4293      	cmp	r3, r2
 8004cb2:	d319      	bcc.n	8004ce8 <USB_SetTurnaroundTime+0x9c>
    else if ((hclk >= 24000000U) && (hclk < 27700000U))
 8004cb4:	f1a1 73b7 	sub.w	r3, r1, #23986176	@ 0x16e0000
 8004cb8:	f5a3 5358 	sub.w	r3, r3, #13824	@ 0x3600
 8004cbc:	4a19      	ldr	r2, [pc, #100]	@ (8004d24 <USB_SetTurnaroundTime+0xd8>)
 8004cbe:	4293      	cmp	r3, r2
 8004cc0:	d314      	bcc.n	8004cec <USB_SetTurnaroundTime+0xa0>
    else if ((hclk >= 27700000U) && (hclk < 32000000U))
 8004cc2:	4b19      	ldr	r3, [pc, #100]	@ (8004d28 <USB_SetTurnaroundTime+0xdc>)
 8004cc4:	440b      	add	r3, r1
 8004cc6:	4a19      	ldr	r2, [pc, #100]	@ (8004d2c <USB_SetTurnaroundTime+0xe0>)
 8004cc8:	4293      	cmp	r3, r2
 8004cca:	d211      	bcs.n	8004cf0 <USB_SetTurnaroundTime+0xa4>
      UsbTrd = 0x7U;
 8004ccc:	2207      	movs	r2, #7
 8004cce:	e7c0      	b.n	8004c52 <USB_SetTurnaroundTime+0x6>
      UsbTrd = 0xFU;
 8004cd0:	220f      	movs	r2, #15
 8004cd2:	e7be      	b.n	8004c52 <USB_SetTurnaroundTime+0x6>
      UsbTrd = 0xEU;
 8004cd4:	220e      	movs	r2, #14
 8004cd6:	e7bc      	b.n	8004c52 <USB_SetTurnaroundTime+0x6>
      UsbTrd = 0xDU;
 8004cd8:	220d      	movs	r2, #13
 8004cda:	e7ba      	b.n	8004c52 <USB_SetTurnaroundTime+0x6>
      UsbTrd = 0xCU;
 8004cdc:	220c      	movs	r2, #12
 8004cde:	e7b8      	b.n	8004c52 <USB_SetTurnaroundTime+0x6>
      UsbTrd = 0xBU;
 8004ce0:	220b      	movs	r2, #11
 8004ce2:	e7b6      	b.n	8004c52 <USB_SetTurnaroundTime+0x6>
      UsbTrd = 0xAU;
 8004ce4:	220a      	movs	r2, #10
 8004ce6:	e7b4      	b.n	8004c52 <USB_SetTurnaroundTime+0x6>
      UsbTrd = 0x9U;
 8004ce8:	2209      	movs	r2, #9
 8004cea:	e7b2      	b.n	8004c52 <USB_SetTurnaroundTime+0x6>
      UsbTrd = 0x8U;
 8004cec:	2208      	movs	r2, #8
 8004cee:	e7b0      	b.n	8004c52 <USB_SetTurnaroundTime+0x6>
      UsbTrd = 0x6U;
 8004cf0:	2206      	movs	r2, #6
 8004cf2:	e7ae      	b.n	8004c52 <USB_SetTurnaroundTime+0x6>
 8004cf4:	ff275340 	.word	0xff275340
 8004cf8:	000c34ff 	.word	0x000c34ff
 8004cfc:	ff1b1e40 	.word	0xff1b1e40
 8004d00:	000f423f 	.word	0x000f423f
 8004d04:	00124f7f 	.word	0x00124f7f
 8004d08:	0013d620 	.word	0x0013d620
 8004d0c:	fee5b660 	.word	0xfee5b660
 8004d10:	0016e35f 	.word	0x0016e35f
 8004d14:	feced300 	.word	0xfeced300
 8004d18:	001b7740 	.word	0x001b7740
 8004d1c:	feb35bc0 	.word	0xfeb35bc0
 8004d20:	002191c0 	.word	0x002191c0
 8004d24:	00387520 	.word	0x00387520
 8004d28:	fe5954e0 	.word	0xfe5954e0
 8004d2c:	00419ce0 	.word	0x00419ce0

08004d30 <USB_EnableGlobalInt>:
  USBx->GAHBCFG |= USB_OTG_GAHBCFG_GINT;
 8004d30:	6883      	ldr	r3, [r0, #8]
 8004d32:	f043 0301 	orr.w	r3, r3, #1
 8004d36:	6083      	str	r3, [r0, #8]
}
 8004d38:	2000      	movs	r0, #0
 8004d3a:	4770      	bx	lr

08004d3c <USB_DisableGlobalInt>:
  USBx->GAHBCFG &= ~USB_OTG_GAHBCFG_GINT;
 8004d3c:	6883      	ldr	r3, [r0, #8]
 8004d3e:	f023 0301 	bic.w	r3, r3, #1
 8004d42:	6083      	str	r3, [r0, #8]
}
 8004d44:	2000      	movs	r0, #0
 8004d46:	4770      	bx	lr

08004d48 <USB_FlushTxFifo>:
{
 8004d48:	b082      	sub	sp, #8
  __IO uint32_t count = 0U;
 8004d4a:	2300      	movs	r3, #0
 8004d4c:	9301      	str	r3, [sp, #4]
    count++;
 8004d4e:	9b01      	ldr	r3, [sp, #4]
 8004d50:	3301      	adds	r3, #1
 8004d52:	9301      	str	r3, [sp, #4]
    if (count > HAL_USB_TIMEOUT)
 8004d54:	9b01      	ldr	r3, [sp, #4]
 8004d56:	f1b3 6f70 	cmp.w	r3, #251658240	@ 0xf000000
 8004d5a:	d815      	bhi.n	8004d88 <USB_FlushTxFifo+0x40>
  } while ((USBx->GRSTCTL & USB_OTG_GRSTCTL_AHBIDL) == 0U);
 8004d5c:	6903      	ldr	r3, [r0, #16]
 8004d5e:	2b00      	cmp	r3, #0
 8004d60:	daf5      	bge.n	8004d4e <USB_FlushTxFifo+0x6>
  count = 0U;
 8004d62:	2300      	movs	r3, #0
 8004d64:	9301      	str	r3, [sp, #4]
  USBx->GRSTCTL = (USB_OTG_GRSTCTL_TXFFLSH | (num << 6));
 8004d66:	0189      	lsls	r1, r1, #6
 8004d68:	f041 0120 	orr.w	r1, r1, #32
 8004d6c:	6101      	str	r1, [r0, #16]
    count++;
 8004d6e:	9b01      	ldr	r3, [sp, #4]
 8004d70:	3301      	adds	r3, #1
 8004d72:	9301      	str	r3, [sp, #4]
    if (count > HAL_USB_TIMEOUT)
 8004d74:	9b01      	ldr	r3, [sp, #4]
 8004d76:	f1b3 6f70 	cmp.w	r3, #251658240	@ 0xf000000
 8004d7a:	d808      	bhi.n	8004d8e <USB_FlushTxFifo+0x46>
  } while ((USBx->GRSTCTL & USB_OTG_GRSTCTL_TXFFLSH) == USB_OTG_GRSTCTL_TXFFLSH);
 8004d7c:	6903      	ldr	r3, [r0, #16]
 8004d7e:	f013 0f20 	tst.w	r3, #32
 8004d82:	d1f4      	bne.n	8004d6e <USB_FlushTxFifo+0x26>
  return HAL_OK;
 8004d84:	2000      	movs	r0, #0
 8004d86:	e000      	b.n	8004d8a <USB_FlushTxFifo+0x42>
      return HAL_TIMEOUT;
 8004d88:	2003      	movs	r0, #3
}
 8004d8a:	b002      	add	sp, #8
 8004d8c:	4770      	bx	lr
      return HAL_TIMEOUT;
 8004d8e:	2003      	movs	r0, #3
 8004d90:	e7fb      	b.n	8004d8a <USB_FlushTxFifo+0x42>

08004d92 <USB_FlushRxFifo>:
{
 8004d92:	b082      	sub	sp, #8
  __IO uint32_t count = 0U;
 8004d94:	2300      	movs	r3, #0
 8004d96:	9301      	str	r3, [sp, #4]
    count++;
 8004d98:	9b01      	ldr	r3, [sp, #4]
 8004d9a:	3301      	adds	r3, #1
 8004d9c:	9301      	str	r3, [sp, #4]
    if (count > HAL_USB_TIMEOUT)
 8004d9e:	9b01      	ldr	r3, [sp, #4]
 8004da0:	f1b3 6f70 	cmp.w	r3, #251658240	@ 0xf000000
 8004da4:	d813      	bhi.n	8004dce <USB_FlushRxFifo+0x3c>
  } while ((USBx->GRSTCTL & USB_OTG_GRSTCTL_AHBIDL) == 0U);
 8004da6:	6903      	ldr	r3, [r0, #16]
 8004da8:	2b00      	cmp	r3, #0
 8004daa:	daf5      	bge.n	8004d98 <USB_FlushRxFifo+0x6>
  count = 0U;
 8004dac:	2300      	movs	r3, #0
 8004dae:	9301      	str	r3, [sp, #4]
  USBx->GRSTCTL = USB_OTG_GRSTCTL_RXFFLSH;
 8004db0:	2310      	movs	r3, #16
 8004db2:	6103      	str	r3, [r0, #16]
    count++;
 8004db4:	9b01      	ldr	r3, [sp, #4]
 8004db6:	3301      	adds	r3, #1
 8004db8:	9301      	str	r3, [sp, #4]
    if (count > HAL_USB_TIMEOUT)
 8004dba:	9b01      	ldr	r3, [sp, #4]
 8004dbc:	f1b3 6f70 	cmp.w	r3, #251658240	@ 0xf000000
 8004dc0:	d808      	bhi.n	8004dd4 <USB_FlushRxFifo+0x42>
  } while ((USBx->GRSTCTL & USB_OTG_GRSTCTL_RXFFLSH) == USB_OTG_GRSTCTL_RXFFLSH);
 8004dc2:	6903      	ldr	r3, [r0, #16]
 8004dc4:	f013 0f10 	tst.w	r3, #16
 8004dc8:	d1f4      	bne.n	8004db4 <USB_FlushRxFifo+0x22>
  return HAL_OK;
 8004dca:	2000      	movs	r0, #0
 8004dcc:	e000      	b.n	8004dd0 <USB_FlushRxFifo+0x3e>
      return HAL_TIMEOUT;
 8004dce:	2003      	movs	r0, #3
}
 8004dd0:	b002      	add	sp, #8
 8004dd2:	4770      	bx	lr
      return HAL_TIMEOUT;
 8004dd4:	2003      	movs	r0, #3
 8004dd6:	e7fb      	b.n	8004dd0 <USB_FlushRxFifo+0x3e>

08004dd8 <USB_SetDevSpeed>:
  USBx_DEVICE->DCFG |= speed;
 8004dd8:	f8d0 3800 	ldr.w	r3, [r0, #2048]	@ 0x800
 8004ddc:	4319      	orrs	r1, r3
 8004dde:	f8c0 1800 	str.w	r1, [r0, #2048]	@ 0x800
}
 8004de2:	2000      	movs	r0, #0
 8004de4:	4770      	bx	lr
	...

08004de8 <USB_DevInit>:
{
 8004de8:	b084      	sub	sp, #16
 8004dea:	b5f8      	push	{r3, r4, r5, r6, r7, lr}
 8004dec:	4604      	mov	r4, r0
 8004dee:	a807      	add	r0, sp, #28
 8004df0:	e880 000e 	stmia.w	r0, {r1, r2, r3}
  for (i = 0U; i < 15U; i++)
 8004df4:	2300      	movs	r3, #0
 8004df6:	e006      	b.n	8004e06 <USB_DevInit+0x1e>
    USBx->DIEPTXF[i] = 0U;
 8004df8:	f103 0240 	add.w	r2, r3, #64	@ 0x40
 8004dfc:	eb04 0282 	add.w	r2, r4, r2, lsl #2
 8004e00:	2100      	movs	r1, #0
 8004e02:	6051      	str	r1, [r2, #4]
  for (i = 0U; i < 15U; i++)
 8004e04:	3301      	adds	r3, #1
 8004e06:	2b0e      	cmp	r3, #14
 8004e08:	d9f6      	bls.n	8004df8 <USB_DevInit+0x10>
  if (cfg.vbus_sensing_enable == 0U)
 8004e0a:	f89d 6026 	ldrb.w	r6, [sp, #38]	@ 0x26
 8004e0e:	bb06      	cbnz	r6, 8004e52 <USB_DevInit+0x6a>
    USBx_DEVICE->DCTL |= USB_OTG_DCTL_SDIS;
 8004e10:	f8d4 3804 	ldr.w	r3, [r4, #2052]	@ 0x804
 8004e14:	f043 0302 	orr.w	r3, r3, #2
 8004e18:	f8c4 3804 	str.w	r3, [r4, #2052]	@ 0x804
    USBx->GCCFG |= USB_OTG_GCCFG_NOVBUSSENS;
 8004e1c:	6ba3      	ldr	r3, [r4, #56]	@ 0x38
 8004e1e:	f443 1300 	orr.w	r3, r3, #2097152	@ 0x200000
 8004e22:	63a3      	str	r3, [r4, #56]	@ 0x38
    USBx->GCCFG &= ~USB_OTG_GCCFG_VBUSBSEN;
 8004e24:	6ba3      	ldr	r3, [r4, #56]	@ 0x38
 8004e26:	f423 2300 	bic.w	r3, r3, #524288	@ 0x80000
 8004e2a:	63a3      	str	r3, [r4, #56]	@ 0x38
    USBx->GCCFG &= ~USB_OTG_GCCFG_VBUSASEN;
 8004e2c:	6ba3      	ldr	r3, [r4, #56]	@ 0x38
 8004e2e:	f423 2380 	bic.w	r3, r3, #262144	@ 0x40000
 8004e32:	63a3      	str	r3, [r4, #56]	@ 0x38
  USBx_PCGCCTL = 0U;
 8004e34:	2300      	movs	r3, #0
 8004e36:	f8c4 3e00 	str.w	r3, [r4, #3584]	@ 0xe00
  if (cfg.phy_itface == USB_OTG_ULPI_PHY)
 8004e3a:	f89d 3021 	ldrb.w	r3, [sp, #33]	@ 0x21
 8004e3e:	2b01      	cmp	r3, #1
 8004e40:	d115      	bne.n	8004e6e <USB_DevInit+0x86>
    if (cfg.speed == USBD_HS_SPEED)
 8004e42:	f89d 301f 	ldrb.w	r3, [sp, #31]
 8004e46:	b96b      	cbnz	r3, 8004e64 <USB_DevInit+0x7c>
      (void)USB_SetDevSpeed(USBx, USB_OTG_SPEED_HIGH);
 8004e48:	2100      	movs	r1, #0
 8004e4a:	4620      	mov	r0, r4
 8004e4c:	f7ff ffc4 	bl	8004dd8 <USB_SetDevSpeed>
 8004e50:	e011      	b.n	8004e76 <USB_DevInit+0x8e>
    USBx->GCCFG &= ~USB_OTG_GCCFG_NOVBUSSENS;
 8004e52:	6ba3      	ldr	r3, [r4, #56]	@ 0x38
 8004e54:	f423 1300 	bic.w	r3, r3, #2097152	@ 0x200000
 8004e58:	63a3      	str	r3, [r4, #56]	@ 0x38
    USBx->GCCFG |= USB_OTG_GCCFG_VBUSBSEN;
 8004e5a:	6ba3      	ldr	r3, [r4, #56]	@ 0x38
 8004e5c:	f443 2300 	orr.w	r3, r3, #524288	@ 0x80000
 8004e60:	63a3      	str	r3, [r4, #56]	@ 0x38
 8004e62:	e7e7      	b.n	8004e34 <USB_DevInit+0x4c>
      (void)USB_SetDevSpeed(USBx, USB_OTG_SPEED_HIGH_IN_FULL);
 8004e64:	2101      	movs	r1, #1
 8004e66:	4620      	mov	r0, r4
 8004e68:	f7ff ffb6 	bl	8004dd8 <USB_SetDevSpeed>
 8004e6c:	e003      	b.n	8004e76 <USB_DevInit+0x8e>
    (void)USB_SetDevSpeed(USBx, USB_OTG_SPEED_FULL);
 8004e6e:	2103      	movs	r1, #3
 8004e70:	4620      	mov	r0, r4
 8004e72:	f7ff ffb1 	bl	8004dd8 <USB_SetDevSpeed>
  if (USB_FlushTxFifo(USBx, 0x10U) != HAL_OK) /* all Tx FIFOs */
 8004e76:	2110      	movs	r1, #16
 8004e78:	4620      	mov	r0, r4
 8004e7a:	f7ff ff65 	bl	8004d48 <USB_FlushTxFifo>
 8004e7e:	4605      	mov	r5, r0
 8004e80:	b100      	cbz	r0, 8004e84 <USB_DevInit+0x9c>
    ret = HAL_ERROR;
 8004e82:	2501      	movs	r5, #1
  if (USB_FlushRxFifo(USBx) != HAL_OK)
 8004e84:	4620      	mov	r0, r4
 8004e86:	f7ff ff84 	bl	8004d92 <USB_FlushRxFifo>
 8004e8a:	b100      	cbz	r0, 8004e8e <USB_DevInit+0xa6>
    ret = HAL_ERROR;
 8004e8c:	2501      	movs	r5, #1
  USBx_DEVICE->DIEPMSK = 0U;
 8004e8e:	f504 6c00 	add.w	ip, r4, #2048	@ 0x800
 8004e92:	2300      	movs	r3, #0
 8004e94:	f8cc 3010 	str.w	r3, [ip, #16]
  USBx_DEVICE->DOEPMSK = 0U;
 8004e98:	f8cc 3014 	str.w	r3, [ip, #20]
  USBx_DEVICE->DAINTMSK = 0U;
 8004e9c:	f8cc 301c 	str.w	r3, [ip, #28]
  for (i = 0U; i < cfg.dev_endpoints; i++)
 8004ea0:	e00d      	b.n	8004ebe <USB_DevInit+0xd6>
        USBx_INEP(i)->DIEPCTL = USB_OTG_DIEPCTL_EPDIS | USB_OTG_DIEPCTL_SNAK;
 8004ea2:	f04f 4090 	mov.w	r0, #1207959552	@ 0x48000000
 8004ea6:	f8c2 0900 	str.w	r0, [r2, #2304]	@ 0x900
 8004eaa:	e002      	b.n	8004eb2 <USB_DevInit+0xca>
      USBx_INEP(i)->DIEPCTL = 0U;
 8004eac:	2000      	movs	r0, #0
 8004eae:	f8c2 0900 	str.w	r0, [r2, #2304]	@ 0x900
    USBx_INEP(i)->DIEPTSIZ = 0U;
 8004eb2:	2200      	movs	r2, #0
 8004eb4:	610a      	str	r2, [r1, #16]
    USBx_INEP(i)->DIEPINT  = 0xFB7FU;
 8004eb6:	f64f 327f 	movw	r2, #64383	@ 0xfb7f
 8004eba:	608a      	str	r2, [r1, #8]
  for (i = 0U; i < cfg.dev_endpoints; i++)
 8004ebc:	3301      	adds	r3, #1
 8004ebe:	f89d 101c 	ldrb.w	r1, [sp, #28]
 8004ec2:	4299      	cmp	r1, r3
 8004ec4:	d90e      	bls.n	8004ee4 <USB_DevInit+0xfc>
    if ((USBx_INEP(i)->DIEPCTL & USB_OTG_DIEPCTL_EPENA) == USB_OTG_DIEPCTL_EPENA)
 8004ec6:	eb04 1243 	add.w	r2, r4, r3, lsl #5
 8004eca:	f502 6110 	add.w	r1, r2, #2304	@ 0x900
 8004ece:	f8d2 0900 	ldr.w	r0, [r2, #2304]	@ 0x900
 8004ed2:	2800      	cmp	r0, #0
 8004ed4:	daea      	bge.n	8004eac <USB_DevInit+0xc4>
      if (i == 0U)
 8004ed6:	2b00      	cmp	r3, #0
 8004ed8:	d1e3      	bne.n	8004ea2 <USB_DevInit+0xba>
        USBx_INEP(i)->DIEPCTL = USB_OTG_DIEPCTL_SNAK;
 8004eda:	f04f 6000 	mov.w	r0, #134217728	@ 0x8000000
 8004ede:	f8c2 0900 	str.w	r0, [r2, #2304]	@ 0x900
 8004ee2:	e7e6      	b.n	8004eb2 <USB_DevInit+0xca>
  for (i = 0U; i < cfg.dev_endpoints; i++)
 8004ee4:	2300      	movs	r3, #0
 8004ee6:	e00a      	b.n	8004efe <USB_DevInit+0x116>
      if (i == 0U)
 8004ee8:	b1bb      	cbz	r3, 8004f1a <USB_DevInit+0x132>
        USBx_OUTEP(i)->DOEPCTL = USB_OTG_DOEPCTL_EPDIS | USB_OTG_DOEPCTL_SNAK;
 8004eea:	f04f 4790 	mov.w	r7, #1207959552	@ 0x48000000
 8004eee:	f8c2 7b00 	str.w	r7, [r2, #2816]	@ 0xb00
    USBx_OUTEP(i)->DOEPTSIZ = 0U;
 8004ef2:	2200      	movs	r2, #0
 8004ef4:	6102      	str	r2, [r0, #16]
    USBx_OUTEP(i)->DOEPINT  = 0xFB7FU;
 8004ef6:	f64f 327f 	movw	r2, #64383	@ 0xfb7f
 8004efa:	6082      	str	r2, [r0, #8]
  for (i = 0U; i < cfg.dev_endpoints; i++)
 8004efc:	3301      	adds	r3, #1
 8004efe:	4299      	cmp	r1, r3
 8004f00:	d910      	bls.n	8004f24 <USB_DevInit+0x13c>
    if ((USBx_OUTEP(i)->DOEPCTL & USB_OTG_DOEPCTL_EPENA) == USB_OTG_DOEPCTL_EPENA)
 8004f02:	eb04 1243 	add.w	r2, r4, r3, lsl #5
 8004f06:	f502 6030 	add.w	r0, r2, #2816	@ 0xb00
 8004f0a:	f8d2 7b00 	ldr.w	r7, [r2, #2816]	@ 0xb00
 8004f0e:	2f00      	cmp	r7, #0
 8004f10:	dbea      	blt.n	8004ee8 <USB_DevInit+0x100>
      USBx_OUTEP(i)->DOEPCTL = 0U;
 8004f12:	2700      	movs	r7, #0
 8004f14:	f8c2 7b00 	str.w	r7, [r2, #2816]	@ 0xb00
 8004f18:	e7eb      	b.n	8004ef2 <USB_DevInit+0x10a>
        USBx_OUTEP(i)->DOEPCTL = USB_OTG_DOEPCTL_SNAK;
 8004f1a:	f04f 6700 	mov.w	r7, #134217728	@ 0x8000000
 8004f1e:	f8c2 7b00 	str.w	r7, [r2, #2816]	@ 0xb00
 8004f22:	e7e6      	b.n	8004ef2 <USB_DevInit+0x10a>
  USBx_DEVICE->DIEPMSK &= ~(USB_OTG_DIEPMSK_TXFURM);
 8004f24:	f8dc 3010 	ldr.w	r3, [ip, #16]
 8004f28:	f423 7380 	bic.w	r3, r3, #256	@ 0x100
 8004f2c:	f8cc 3010 	str.w	r3, [ip, #16]
  USBx->GINTMSK = 0U;
 8004f30:	2300      	movs	r3, #0
 8004f32:	61a3      	str	r3, [r4, #24]
  USBx->GINTSTS = 0xBFFFFFFFU;
 8004f34:	f06f 4380 	mvn.w	r3, #1073741824	@ 0x40000000
 8004f38:	6163      	str	r3, [r4, #20]
  if (cfg.dma_enable == 0U)
 8004f3a:	f89d 301e 	ldrb.w	r3, [sp, #30]
 8004f3e:	b91b      	cbnz	r3, 8004f48 <USB_DevInit+0x160>
    USBx->GINTMSK |= USB_OTG_GINTMSK_RXFLVLM;
 8004f40:	69a3      	ldr	r3, [r4, #24]
 8004f42:	f043 0310 	orr.w	r3, r3, #16
 8004f46:	61a3      	str	r3, [r4, #24]
  USBx->GINTMSK |= USB_OTG_GINTMSK_USBSUSPM | USB_OTG_GINTMSK_USBRST |
 8004f48:	69a2      	ldr	r2, [r4, #24]
 8004f4a:	4b0c      	ldr	r3, [pc, #48]	@ (8004f7c <USB_DevInit+0x194>)
 8004f4c:	4313      	orrs	r3, r2
 8004f4e:	61a3      	str	r3, [r4, #24]
  if (cfg.Sof_enable != 0U)
 8004f50:	f89d 3022 	ldrb.w	r3, [sp, #34]	@ 0x22
 8004f54:	b11b      	cbz	r3, 8004f5e <USB_DevInit+0x176>
    USBx->GINTMSK |= USB_OTG_GINTMSK_SOFM;
 8004f56:	69a3      	ldr	r3, [r4, #24]
 8004f58:	f043 0308 	orr.w	r3, r3, #8
 8004f5c:	61a3      	str	r3, [r4, #24]
  if (cfg.vbus_sensing_enable == 1U)
 8004f5e:	2e01      	cmp	r6, #1
 8004f60:	d004      	beq.n	8004f6c <USB_DevInit+0x184>
}
 8004f62:	4628      	mov	r0, r5
 8004f64:	e8bd 40f8 	ldmia.w	sp!, {r3, r4, r5, r6, r7, lr}
 8004f68:	b004      	add	sp, #16
 8004f6a:	4770      	bx	lr
    USBx->GINTMSK |= (USB_OTG_GINTMSK_SRQIM | USB_OTG_GINTMSK_OTGINT);
 8004f6c:	69a3      	ldr	r3, [r4, #24]
 8004f6e:	f043 4380 	orr.w	r3, r3, #1073741824	@ 0x40000000
 8004f72:	f043 0304 	orr.w	r3, r3, #4
 8004f76:	61a3      	str	r3, [r4, #24]
 8004f78:	e7f3      	b.n	8004f62 <USB_DevInit+0x17a>
 8004f7a:	bf00      	nop
 8004f7c:	803c3800 	.word	0x803c3800

08004f80 <USB_GetDevSpeed>:
  uint32_t DevEnumSpeed = USBx_DEVICE->DSTS & USB_OTG_DSTS_ENUMSPD;
 8004f80:	f8d0 3808 	ldr.w	r3, [r0, #2056]	@ 0x808
 8004f84:	f003 0306 	and.w	r3, r3, #6
  if (DevEnumSpeed == DSTS_ENUMSPD_HS_PHY_30MHZ_OR_60MHZ)
 8004f88:	2b02      	cmp	r3, #2
 8004f8a:	d004      	beq.n	8004f96 <USB_GetDevSpeed+0x16>
 8004f8c:	2b06      	cmp	r3, #6
 8004f8e:	d004      	beq.n	8004f9a <USB_GetDevSpeed+0x1a>
 8004f90:	b92b      	cbnz	r3, 8004f9e <USB_GetDevSpeed+0x1e>
  uint32_t DevEnumSpeed = USBx_DEVICE->DSTS & USB_OTG_DSTS_ENUMSPD;
 8004f92:	2000      	movs	r0, #0
 8004f94:	4770      	bx	lr
 8004f96:	2002      	movs	r0, #2
 8004f98:	4770      	bx	lr
 8004f9a:	2002      	movs	r0, #2
 8004f9c:	4770      	bx	lr
 8004f9e:	200f      	movs	r0, #15
}
 8004fa0:	4770      	bx	lr

08004fa2 <USB_ActivateEndpoint>:
{
 8004fa2:	b510      	push	{r4, lr}
  uint32_t epnum = (uint32_t)ep->num;
 8004fa4:	f891 c000 	ldrb.w	ip, [r1]
  if (ep->is_in == 1U)
 8004fa8:	784b      	ldrb	r3, [r1, #1]
 8004faa:	2b01      	cmp	r3, #1
 8004fac:	d023      	beq.n	8004ff6 <USB_ActivateEndpoint+0x54>
    USBx_DEVICE->DAINTMSK |= USB_OTG_DAINTMSK_OEPM & ((uint32_t)(1UL << (ep->num & EP_ADDR_MSK)) << 16);
 8004fae:	f500 6e00 	add.w	lr, r0, #2048	@ 0x800
 8004fb2:	f8d0 381c 	ldr.w	r3, [r0, #2076]	@ 0x81c
 8004fb6:	f00c 040f 	and.w	r4, ip, #15
 8004fba:	2201      	movs	r2, #1
 8004fbc:	40a2      	lsls	r2, r4
 8004fbe:	ea43 4302 	orr.w	r3, r3, r2, lsl #16
 8004fc2:	f8c0 381c 	str.w	r3, [r0, #2076]	@ 0x81c
    if (((USBx_OUTEP(epnum)->DOEPCTL) & USB_OTG_DOEPCTL_USBAEP) == 0U)
 8004fc6:	eb00 104c 	add.w	r0, r0, ip, lsl #5
 8004fca:	f8d0 3b00 	ldr.w	r3, [r0, #2816]	@ 0xb00
 8004fce:	f413 4f00 	tst.w	r3, #32768	@ 0x8000
 8004fd2:	d10e      	bne.n	8004ff2 <USB_ActivateEndpoint+0x50>
      USBx_OUTEP(epnum)->DOEPCTL |= (ep->maxpacket & USB_OTG_DOEPCTL_MPSIZ) |
 8004fd4:	f8d0 3b00 	ldr.w	r3, [r0, #2816]	@ 0xb00
 8004fd8:	688a      	ldr	r2, [r1, #8]
 8004fda:	f3c2 020a 	ubfx	r2, r2, #0, #11
                                    ((uint32_t)ep->type << 18) |
 8004fde:	7909      	ldrb	r1, [r1, #4]
      USBx_OUTEP(epnum)->DOEPCTL |= (ep->maxpacket & USB_OTG_DOEPCTL_MPSIZ) |
 8004fe0:	ea42 4281 	orr.w	r2, r2, r1, lsl #18
 8004fe4:	4313      	orrs	r3, r2
 8004fe6:	f043 5380 	orr.w	r3, r3, #268435456	@ 0x10000000
 8004fea:	f443 4300 	orr.w	r3, r3, #32768	@ 0x8000
 8004fee:	f8c0 3b00 	str.w	r3, [r0, #2816]	@ 0xb00
}
 8004ff2:	2000      	movs	r0, #0
 8004ff4:	bd10      	pop	{r4, pc}
    USBx_DEVICE->DAINTMSK |= USB_OTG_DAINTMSK_IEPM & (uint32_t)(1UL << (ep->num & EP_ADDR_MSK));
 8004ff6:	f8d0 281c 	ldr.w	r2, [r0, #2076]	@ 0x81c
 8004ffa:	f00c 0e0f 	and.w	lr, ip, #15
 8004ffe:	fa03 f30e 	lsl.w	r3, r3, lr
 8005002:	b29b      	uxth	r3, r3
 8005004:	4313      	orrs	r3, r2
 8005006:	f8c0 381c 	str.w	r3, [r0, #2076]	@ 0x81c
    if ((USBx_INEP(epnum)->DIEPCTL & USB_OTG_DIEPCTL_USBAEP) == 0U)
 800500a:	eb00 104c 	add.w	r0, r0, ip, lsl #5
 800500e:	f8d0 3900 	ldr.w	r3, [r0, #2304]	@ 0x900
 8005012:	f413 4f00 	tst.w	r3, #32768	@ 0x8000
 8005016:	d1ec      	bne.n	8004ff2 <USB_ActivateEndpoint+0x50>
      USBx_INEP(epnum)->DIEPCTL |= (ep->maxpacket & USB_OTG_DIEPCTL_MPSIZ) |
 8005018:	f8d0 3900 	ldr.w	r3, [r0, #2304]	@ 0x900
 800501c:	688a      	ldr	r2, [r1, #8]
 800501e:	f3c2 020a 	ubfx	r2, r2, #0, #11
                                   ((uint32_t)ep->type << 18) | (epnum << 22) |
 8005022:	7909      	ldrb	r1, [r1, #4]
      USBx_INEP(epnum)->DIEPCTL |= (ep->maxpacket & USB_OTG_DIEPCTL_MPSIZ) |
 8005024:	ea42 4281 	orr.w	r2, r2, r1, lsl #18
                                   ((uint32_t)ep->type << 18) | (epnum << 22) |
 8005028:	ea42 528c 	orr.w	r2, r2, ip, lsl #22
      USBx_INEP(epnum)->DIEPCTL |= (ep->maxpacket & USB_OTG_DIEPCTL_MPSIZ) |
 800502c:	4313      	orrs	r3, r2
 800502e:	f043 5380 	orr.w	r3, r3, #268435456	@ 0x10000000
 8005032:	f443 4300 	orr.w	r3, r3, #32768	@ 0x8000
 8005036:	f8c0 3900 	str.w	r3, [r0, #2304]	@ 0x900
 800503a:	e7da      	b.n	8004ff2 <USB_ActivateEndpoint+0x50>

0800503c <USB_DeactivateEndpoint>:
{
 800503c:	b430      	push	{r4, r5}
  uint32_t epnum = (uint32_t)ep->num;
 800503e:	780b      	ldrb	r3, [r1, #0]
  if (ep->is_in == 1U)
 8005040:	784a      	ldrb	r2, [r1, #1]
 8005042:	2a01      	cmp	r2, #1
 8005044:	d026      	beq.n	8005094 <USB_DeactivateEndpoint+0x58>
    if ((USBx_OUTEP(epnum)->DOEPCTL & USB_OTG_DOEPCTL_EPENA) == USB_OTG_DOEPCTL_EPENA)
 8005046:	eb00 1343 	add.w	r3, r0, r3, lsl #5
 800504a:	f8d3 2b00 	ldr.w	r2, [r3, #2816]	@ 0xb00
 800504e:	2a00      	cmp	r2, #0
 8005050:	db52      	blt.n	80050f8 <USB_DeactivateEndpoint+0xbc>
    USBx_DEVICE->DEACHMSK &= ~(USB_OTG_DAINTMSK_OEPM & ((uint32_t)(1UL << (ep->num & EP_ADDR_MSK)) << 16));
 8005052:	f8d0 483c 	ldr.w	r4, [r0, #2108]	@ 0x83c
 8005056:	780a      	ldrb	r2, [r1, #0]
 8005058:	f002 020f 	and.w	r2, r2, #15
 800505c:	f04f 0c01 	mov.w	ip, #1
 8005060:	fa0c f202 	lsl.w	r2, ip, r2
 8005064:	ea24 4202 	bic.w	r2, r4, r2, lsl #16
 8005068:	f8c0 283c 	str.w	r2, [r0, #2108]	@ 0x83c
    USBx_DEVICE->DAINTMSK &= ~(USB_OTG_DAINTMSK_OEPM & ((uint32_t)(1UL << (ep->num & EP_ADDR_MSK)) << 16));
 800506c:	f8d0 281c 	ldr.w	r2, [r0, #2076]	@ 0x81c
 8005070:	7809      	ldrb	r1, [r1, #0]
 8005072:	f001 010f 	and.w	r1, r1, #15
 8005076:	fa0c fc01 	lsl.w	ip, ip, r1
 800507a:	ea22 420c 	bic.w	r2, r2, ip, lsl #16
 800507e:	f8c0 281c 	str.w	r2, [r0, #2076]	@ 0x81c
    USBx_OUTEP(epnum)->DOEPCTL &= ~(USB_OTG_DOEPCTL_USBAEP |
 8005082:	f8d3 1b00 	ldr.w	r1, [r3, #2816]	@ 0xb00
 8005086:	4a23      	ldr	r2, [pc, #140]	@ (8005114 <USB_DeactivateEndpoint+0xd8>)
 8005088:	400a      	ands	r2, r1
 800508a:	f8c3 2b00 	str.w	r2, [r3, #2816]	@ 0xb00
}
 800508e:	2000      	movs	r0, #0
 8005090:	bc30      	pop	{r4, r5}
 8005092:	4770      	bx	lr
    if ((USBx_INEP(epnum)->DIEPCTL & USB_OTG_DIEPCTL_EPENA) == USB_OTG_DIEPCTL_EPENA)
 8005094:	eb00 1343 	add.w	r3, r0, r3, lsl #5
 8005098:	f8d3 2900 	ldr.w	r2, [r3, #2304]	@ 0x900
 800509c:	2a00      	cmp	r2, #0
 800509e:	db1e      	blt.n	80050de <USB_DeactivateEndpoint+0xa2>
    USBx_DEVICE->DEACHMSK &= ~(USB_OTG_DAINTMSK_IEPM & (uint32_t)(1UL << (ep->num & EP_ADDR_MSK)));
 80050a0:	f8d0 583c 	ldr.w	r5, [r0, #2108]	@ 0x83c
 80050a4:	780a      	ldrb	r2, [r1, #0]
 80050a6:	f002 020f 	and.w	r2, r2, #15
 80050aa:	2401      	movs	r4, #1
 80050ac:	fa04 f202 	lsl.w	r2, r4, r2
 80050b0:	b292      	uxth	r2, r2
 80050b2:	ea25 0202 	bic.w	r2, r5, r2
 80050b6:	f8c0 283c 	str.w	r2, [r0, #2108]	@ 0x83c
    USBx_DEVICE->DAINTMSK &= ~(USB_OTG_DAINTMSK_IEPM & (uint32_t)(1UL << (ep->num & EP_ADDR_MSK)));
 80050ba:	f8d0 281c 	ldr.w	r2, [r0, #2076]	@ 0x81c
 80050be:	7809      	ldrb	r1, [r1, #0]
 80050c0:	f001 010f 	and.w	r1, r1, #15
 80050c4:	408c      	lsls	r4, r1
 80050c6:	b2a4      	uxth	r4, r4
 80050c8:	ea22 0204 	bic.w	r2, r2, r4
 80050cc:	f8c0 281c 	str.w	r2, [r0, #2076]	@ 0x81c
    USBx_INEP(epnum)->DIEPCTL &= ~(USB_OTG_DIEPCTL_USBAEP |
 80050d0:	f8d3 1900 	ldr.w	r1, [r3, #2304]	@ 0x900
 80050d4:	4a10      	ldr	r2, [pc, #64]	@ (8005118 <USB_DeactivateEndpoint+0xdc>)
 80050d6:	400a      	ands	r2, r1
 80050d8:	f8c3 2900 	str.w	r2, [r3, #2304]	@ 0x900
 80050dc:	e7d7      	b.n	800508e <USB_DeactivateEndpoint+0x52>
      USBx_INEP(epnum)->DIEPCTL |= USB_OTG_DIEPCTL_SNAK;
 80050de:	f8d3 2900 	ldr.w	r2, [r3, #2304]	@ 0x900
 80050e2:	f042 6200 	orr.w	r2, r2, #134217728	@ 0x8000000
 80050e6:	f8c3 2900 	str.w	r2, [r3, #2304]	@ 0x900
      USBx_INEP(epnum)->DIEPCTL |= USB_OTG_DIEPCTL_EPDIS;
 80050ea:	f8d3 2900 	ldr.w	r2, [r3, #2304]	@ 0x900
 80050ee:	f042 4280 	orr.w	r2, r2, #1073741824	@ 0x40000000
 80050f2:	f8c3 2900 	str.w	r2, [r3, #2304]	@ 0x900
 80050f6:	e7d3      	b.n	80050a0 <USB_DeactivateEndpoint+0x64>
      USBx_OUTEP(epnum)->DOEPCTL |= USB_OTG_DOEPCTL_SNAK;
 80050f8:	f8d3 2b00 	ldr.w	r2, [r3, #2816]	@ 0xb00
 80050fc:	f042 6200 	orr.w	r2, r2, #134217728	@ 0x8000000
 8005100:	f8c3 2b00 	str.w	r2, [r3, #2816]	@ 0xb00
      USBx_OUTEP(epnum)->DOEPCTL |= USB_OTG_DOEPCTL_EPDIS;
 8005104:	f8d3 2b00 	ldr.w	r2, [r3, #2816]	@ 0xb00
 8005108:	f042 4280 	orr.w	r2, r2, #1073741824	@ 0x40000000
 800510c:	f8c3 2b00 	str.w	r2, [r3, #2816]	@ 0xb00
 8005110:	e79f      	b.n	8005052 <USB_DeactivateEndpoint+0x16>
 8005112:	bf00      	nop
 8005114:	eff37800 	.word	0xeff37800
 8005118:	ec337800 	.word	0xec337800

0800511c <USB_EPStopXfer>:
{
 800511c:	b410      	push	{r4}
 800511e:	b083      	sub	sp, #12
 8005120:	4602      	mov	r2, r0
  __IO uint32_t count = 0U;
 8005122:	2300      	movs	r3, #0
 8005124:	9301      	str	r3, [sp, #4]
  if (ep->is_in == 1U)
 8005126:	7848      	ldrb	r0, [r1, #1]
 8005128:	2801      	cmp	r0, #1
 800512a:	d00b      	beq.n	8005144 <USB_EPStopXfer+0x28>
    if (((USBx_OUTEP(ep->num)->DOEPCTL) & USB_OTG_DOEPCTL_EPENA) == USB_OTG_DOEPCTL_EPENA)
 800512c:	780b      	ldrb	r3, [r1, #0]
 800512e:	eb02 1343 	add.w	r3, r2, r3, lsl #5
 8005132:	f8d3 0b00 	ldr.w	r0, [r3, #2816]	@ 0xb00
 8005136:	2800      	cmp	r0, #0
 8005138:	db2d      	blt.n	8005196 <USB_EPStopXfer+0x7a>
  HAL_StatusTypeDef ret = HAL_OK;
 800513a:	2000      	movs	r0, #0
}
 800513c:	b003      	add	sp, #12
 800513e:	f85d 4b04 	ldr.w	r4, [sp], #4
 8005142:	4770      	bx	lr
    if (((USBx_INEP(ep->num)->DIEPCTL) & USB_OTG_DIEPCTL_EPENA) == USB_OTG_DIEPCTL_EPENA)
 8005144:	780b      	ldrb	r3, [r1, #0]
 8005146:	eb02 1343 	add.w	r3, r2, r3, lsl #5
 800514a:	f8d3 4900 	ldr.w	r4, [r3, #2304]	@ 0x900
 800514e:	2c00      	cmp	r4, #0
 8005150:	db01      	blt.n	8005156 <USB_EPStopXfer+0x3a>
  HAL_StatusTypeDef ret = HAL_OK;
 8005152:	2000      	movs	r0, #0
 8005154:	e7f2      	b.n	800513c <USB_EPStopXfer+0x20>
      USBx_INEP(ep->num)->DIEPCTL |= (USB_OTG_DIEPCTL_SNAK);
 8005156:	f8d3 4900 	ldr.w	r4, [r3, #2304]	@ 0x900
 800515a:	f044 6400 	orr.w	r4, r4, #134217728	@ 0x8000000
 800515e:	f8c3 4900 	str.w	r4, [r3, #2304]	@ 0x900
      USBx_INEP(ep->num)->DIEPCTL |= (USB_OTG_DIEPCTL_EPDIS);
 8005162:	780b      	ldrb	r3, [r1, #0]
 8005164:	eb02 1343 	add.w	r3, r2, r3, lsl #5
 8005168:	f8d3 4900 	ldr.w	r4, [r3, #2304]	@ 0x900
 800516c:	f044 4480 	orr.w	r4, r4, #1073741824	@ 0x40000000
 8005170:	f8c3 4900 	str.w	r4, [r3, #2304]	@ 0x900
        count++;
 8005174:	9b01      	ldr	r3, [sp, #4]
 8005176:	3301      	adds	r3, #1
 8005178:	9301      	str	r3, [sp, #4]
        if (count > 10000U)
 800517a:	9c01      	ldr	r4, [sp, #4]
 800517c:	f242 7310 	movw	r3, #10000	@ 0x2710
 8005180:	429c      	cmp	r4, r3
 8005182:	d8db      	bhi.n	800513c <USB_EPStopXfer+0x20>
      } while (((USBx_INEP(ep->num)->DIEPCTL) & USB_OTG_DIEPCTL_EPENA) ==  USB_OTG_DIEPCTL_EPENA);
 8005184:	780b      	ldrb	r3, [r1, #0]
 8005186:	eb02 1343 	add.w	r3, r2, r3, lsl #5
 800518a:	f8d3 3900 	ldr.w	r3, [r3, #2304]	@ 0x900
 800518e:	2b00      	cmp	r3, #0
 8005190:	dbf0      	blt.n	8005174 <USB_EPStopXfer+0x58>
  HAL_StatusTypeDef ret = HAL_OK;
 8005192:	2000      	movs	r0, #0
 8005194:	e7d2      	b.n	800513c <USB_EPStopXfer+0x20>
      USBx_OUTEP(ep->num)->DOEPCTL |= (USB_OTG_DOEPCTL_SNAK);
 8005196:	f8d3 0b00 	ldr.w	r0, [r3, #2816]	@ 0xb00
 800519a:	f040 6000 	orr.w	r0, r0, #134217728	@ 0x8000000
 800519e:	f8c3 0b00 	str.w	r0, [r3, #2816]	@ 0xb00
      USBx_OUTEP(ep->num)->DOEPCTL |= (USB_OTG_DOEPCTL_EPDIS);
 80051a2:	780b      	ldrb	r3, [r1, #0]
 80051a4:	eb02 1343 	add.w	r3, r2, r3, lsl #5
 80051a8:	f8d3 0b00 	ldr.w	r0, [r3, #2816]	@ 0xb00
 80051ac:	f040 4080 	orr.w	r0, r0, #1073741824	@ 0x40000000
 80051b0:	f8c3 0b00 	str.w	r0, [r3, #2816]	@ 0xb00
        count++;
 80051b4:	9b01      	ldr	r3, [sp, #4]
 80051b6:	3301      	adds	r3, #1
 80051b8:	9301      	str	r3, [sp, #4]
        if (count > 10000U)
 80051ba:	9801      	ldr	r0, [sp, #4]
 80051bc:	f242 7310 	movw	r3, #10000	@ 0x2710
 80051c0:	4298      	cmp	r0, r3
 80051c2:	d808      	bhi.n	80051d6 <USB_EPStopXfer+0xba>
      } while (((USBx_OUTEP(ep->num)->DOEPCTL) & USB_OTG_DOEPCTL_EPENA) ==  USB_OTG_DOEPCTL_EPENA);
 80051c4:	780b      	ldrb	r3, [r1, #0]
 80051c6:	eb02 1343 	add.w	r3, r2, r3, lsl #5
 80051ca:	f8d3 3b00 	ldr.w	r3, [r3, #2816]	@ 0xb00
 80051ce:	2b00      	cmp	r3, #0
 80051d0:	dbf0      	blt.n	80051b4 <USB_EPStopXfer+0x98>
  HAL_StatusTypeDef ret = HAL_OK;
 80051d2:	2000      	movs	r0, #0
 80051d4:	e7b2      	b.n	800513c <USB_EPStopXfer+0x20>
          ret = HAL_ERROR;
 80051d6:	2001      	movs	r0, #1
 80051d8:	e7b0      	b.n	800513c <USB_EPStopXfer+0x20>

080051da <USB_WritePacket>:
{
 80051da:	b510      	push	{r4, lr}
 80051dc:	f89d 4008 	ldrb.w	r4, [sp, #8]
  if (dma == 0U)
 80051e0:	b984      	cbnz	r4, 8005204 <USB_WritePacket+0x2a>
    count32b = ((uint32_t)len + 3U) / 4U;
 80051e2:	3303      	adds	r3, #3
 80051e4:	ea4f 0e93 	mov.w	lr, r3, lsr #2
    for (i = 0U; i < count32b; i++)
 80051e8:	f04f 0c00 	mov.w	ip, #0
 80051ec:	e008      	b.n	8005200 <USB_WritePacket+0x26>
      USBx_DFIFO((uint32_t)ch_ep_num) = __UNALIGNED_UINT32_READ(pSrc);
 80051ee:	eb00 3302 	add.w	r3, r0, r2, lsl #12
 80051f2:	f503 5380 	add.w	r3, r3, #4096	@ 0x1000
 80051f6:	f851 4b04 	ldr.w	r4, [r1], #4
 80051fa:	601c      	str	r4, [r3, #0]
    for (i = 0U; i < count32b; i++)
 80051fc:	f10c 0c01 	add.w	ip, ip, #1
 8005200:	45f4      	cmp	ip, lr
 8005202:	d3f4      	bcc.n	80051ee <USB_WritePacket+0x14>
}
 8005204:	2000      	movs	r0, #0
 8005206:	bd10      	pop	{r4, pc}

08005208 <USB_EPStartXfer>:
{
 8005208:	b5f0      	push	{r4, r5, r6, r7, lr}
 800520a:	b083      	sub	sp, #12
  uint32_t epnum = (uint32_t)ep->num;
 800520c:	780c      	ldrb	r4, [r1, #0]
  if (ep->is_in == 1U)
 800520e:	784b      	ldrb	r3, [r1, #1]
 8005210:	2b01      	cmp	r3, #1
 8005212:	d02d      	beq.n	8005270 <USB_EPStartXfer+0x68>
    USBx_OUTEP(epnum)->DOEPTSIZ &= ~(USB_OTG_DOEPTSIZ_XFRSIZ);
 8005214:	eb00 1c44 	add.w	ip, r0, r4, lsl #5
 8005218:	f50c 6330 	add.w	r3, ip, #2816	@ 0xb00
 800521c:	691d      	ldr	r5, [r3, #16]
 800521e:	f36f 0512 	bfc	r5, #0, #19
 8005222:	611d      	str	r5, [r3, #16]
    USBx_OUTEP(epnum)->DOEPTSIZ &= ~(USB_OTG_DOEPTSIZ_PKTCNT);
 8005224:	691d      	ldr	r5, [r3, #16]
 8005226:	f36f 45dc 	bfc	r5, #19, #10
 800522a:	611d      	str	r5, [r3, #16]
    if (epnum == 0U)
 800522c:	2c00      	cmp	r4, #0
 800522e:	f040 80ce 	bne.w	80053ce <USB_EPStartXfer+0x1c6>
      if (ep->xfer_len > 0U)
 8005232:	690c      	ldr	r4, [r1, #16]
 8005234:	b10c      	cbz	r4, 800523a <USB_EPStartXfer+0x32>
        ep->xfer_len = ep->maxpacket;
 8005236:	688c      	ldr	r4, [r1, #8]
 8005238:	610c      	str	r4, [r1, #16]
      ep->xfer_size = ep->maxpacket;
 800523a:	688c      	ldr	r4, [r1, #8]
 800523c:	620c      	str	r4, [r1, #32]
      USBx_OUTEP(epnum)->DOEPTSIZ |= (USB_OTG_DOEPTSIZ_XFRSIZ & ep->xfer_size);
 800523e:	691d      	ldr	r5, [r3, #16]
 8005240:	f3c4 0412 	ubfx	r4, r4, #0, #19
 8005244:	432c      	orrs	r4, r5
 8005246:	611c      	str	r4, [r3, #16]
      USBx_OUTEP(epnum)->DOEPTSIZ |= (USB_OTG_DOEPTSIZ_PKTCNT & (1U << 19));
 8005248:	691c      	ldr	r4, [r3, #16]
 800524a:	f444 2400 	orr.w	r4, r4, #524288	@ 0x80000
 800524e:	611c      	str	r4, [r3, #16]
    if (dma == 1U)
 8005250:	2a01      	cmp	r2, #1
 8005252:	f000 80df 	beq.w	8005414 <USB_EPStartXfer+0x20c>
    if (ep->type == EP_TYPE_ISOC)
 8005256:	790b      	ldrb	r3, [r1, #4]
 8005258:	2b01      	cmp	r3, #1
 800525a:	f000 80e1 	beq.w	8005420 <USB_EPStartXfer+0x218>
    USBx_OUTEP(epnum)->DOEPCTL |= (USB_OTG_DOEPCTL_CNAK | USB_OTG_DOEPCTL_EPENA);
 800525e:	f8dc 3b00 	ldr.w	r3, [ip, #2816]	@ 0xb00
 8005262:	f043 4304 	orr.w	r3, r3, #2214592512	@ 0x84000000
 8005266:	f8cc 3b00 	str.w	r3, [ip, #2816]	@ 0xb00
}
 800526a:	2000      	movs	r0, #0
 800526c:	b003      	add	sp, #12
 800526e:	bdf0      	pop	{r4, r5, r6, r7, pc}
    if (ep->xfer_len == 0U)
 8005270:	690b      	ldr	r3, [r1, #16]
 8005272:	bb73      	cbnz	r3, 80052d2 <USB_EPStartXfer+0xca>
      USBx_INEP(epnum)->DIEPTSIZ &= ~(USB_OTG_DIEPTSIZ_PKTCNT);
 8005274:	eb00 1344 	add.w	r3, r0, r4, lsl #5
 8005278:	f8d3 5910 	ldr.w	r5, [r3, #2320]	@ 0x910
 800527c:	f36f 45dc 	bfc	r5, #19, #10
 8005280:	f8c3 5910 	str.w	r5, [r3, #2320]	@ 0x910
      USBx_INEP(epnum)->DIEPTSIZ |= (USB_OTG_DIEPTSIZ_PKTCNT & (1U << 19));
 8005284:	f8d3 5910 	ldr.w	r5, [r3, #2320]	@ 0x910
 8005288:	f445 2500 	orr.w	r5, r5, #524288	@ 0x80000
 800528c:	f8c3 5910 	str.w	r5, [r3, #2320]	@ 0x910
      USBx_INEP(epnum)->DIEPTSIZ &= ~(USB_OTG_DIEPTSIZ_XFRSIZ);
 8005290:	f8d3 5910 	ldr.w	r5, [r3, #2320]	@ 0x910
 8005294:	f36f 0512 	bfc	r5, #0, #19
 8005298:	f8c3 5910 	str.w	r5, [r3, #2320]	@ 0x910
    if (dma == 1U)
 800529c:	2a01      	cmp	r2, #1
 800529e:	d054      	beq.n	800534a <USB_EPStartXfer+0x142>
      USBx_INEP(epnum)->DIEPCTL |= (USB_OTG_DIEPCTL_CNAK | USB_OTG_DIEPCTL_EPENA);
 80052a0:	eb00 1444 	add.w	r4, r0, r4, lsl #5
 80052a4:	f8d4 3900 	ldr.w	r3, [r4, #2304]	@ 0x900
 80052a8:	f043 4304 	orr.w	r3, r3, #2214592512	@ 0x84000000
 80052ac:	f8c4 3900 	str.w	r3, [r4, #2304]	@ 0x900
      if (ep->type != EP_TYPE_ISOC)
 80052b0:	790b      	ldrb	r3, [r1, #4]
 80052b2:	2b01      	cmp	r3, #1
 80052b4:	d072      	beq.n	800539c <USB_EPStartXfer+0x194>
        if (ep->xfer_len > 0U)
 80052b6:	690b      	ldr	r3, [r1, #16]
 80052b8:	2b00      	cmp	r3, #0
 80052ba:	d0d6      	beq.n	800526a <USB_EPStartXfer+0x62>
          USBx_DEVICE->DIEPEMPMSK |= 1UL << (ep->num & EP_ADDR_MSK);
 80052bc:	f8d0 3834 	ldr.w	r3, [r0, #2100]	@ 0x834
 80052c0:	7809      	ldrb	r1, [r1, #0]
 80052c2:	f001 010f 	and.w	r1, r1, #15
 80052c6:	2201      	movs	r2, #1
 80052c8:	408a      	lsls	r2, r1
 80052ca:	4313      	orrs	r3, r2
 80052cc:	f8c0 3834 	str.w	r3, [r0, #2100]	@ 0x834
 80052d0:	e7cb      	b.n	800526a <USB_EPStartXfer+0x62>
      USBx_INEP(epnum)->DIEPTSIZ &= ~(USB_OTG_DIEPTSIZ_XFRSIZ);
 80052d2:	eb00 1344 	add.w	r3, r0, r4, lsl #5
 80052d6:	f503 6310 	add.w	r3, r3, #2304	@ 0x900
 80052da:	691d      	ldr	r5, [r3, #16]
 80052dc:	f36f 0512 	bfc	r5, #0, #19
 80052e0:	611d      	str	r5, [r3, #16]
      USBx_INEP(epnum)->DIEPTSIZ &= ~(USB_OTG_DIEPTSIZ_PKTCNT);
 80052e2:	691d      	ldr	r5, [r3, #16]
 80052e4:	f36f 45dc 	bfc	r5, #19, #10
 80052e8:	611d      	str	r5, [r3, #16]
      if (epnum == 0U)
 80052ea:	b984      	cbnz	r4, 800530e <USB_EPStartXfer+0x106>
        if (ep->xfer_len > ep->maxpacket)
 80052ec:	690e      	ldr	r6, [r1, #16]
 80052ee:	688d      	ldr	r5, [r1, #8]
 80052f0:	42ae      	cmp	r6, r5
 80052f2:	d900      	bls.n	80052f6 <USB_EPStartXfer+0xee>
          ep->xfer_len = ep->maxpacket;
 80052f4:	610d      	str	r5, [r1, #16]
        USBx_INEP(epnum)->DIEPTSIZ |= (USB_OTG_DIEPTSIZ_PKTCNT & (1U << 19));
 80052f6:	691d      	ldr	r5, [r3, #16]
 80052f8:	f445 2500 	orr.w	r5, r5, #524288	@ 0x80000
 80052fc:	611d      	str	r5, [r3, #16]
      USBx_INEP(epnum)->DIEPTSIZ |= (USB_OTG_DIEPTSIZ_XFRSIZ & ep->xfer_len);
 80052fe:	691d      	ldr	r5, [r3, #16]
 8005300:	690e      	ldr	r6, [r1, #16]
 8005302:	f3c6 0c12 	ubfx	ip, r6, #0, #19
 8005306:	ea45 050c 	orr.w	r5, r5, ip
 800530a:	611d      	str	r5, [r3, #16]
 800530c:	e7c6      	b.n	800529c <USB_EPStartXfer+0x94>
        pktcnt = (uint16_t)((ep->xfer_len + ep->maxpacket - 1U) / ep->maxpacket);
 800530e:	690d      	ldr	r5, [r1, #16]
 8005310:	688e      	ldr	r6, [r1, #8]
 8005312:	4435      	add	r5, r6
 8005314:	3d01      	subs	r5, #1
 8005316:	fbb5 f5f6 	udiv	r5, r5, r6
        USBx_INEP(epnum)->DIEPTSIZ |= (USB_OTG_DIEPTSIZ_PKTCNT & ((uint32_t)pktcnt << 19));
 800531a:	691e      	ldr	r6, [r3, #16]
 800531c:	fa1f fc85 	uxth.w	ip, r5
 8005320:	4f49      	ldr	r7, [pc, #292]	@ (8005448 <USB_EPStartXfer+0x240>)
 8005322:	ea07 45c5 	and.w	r5, r7, r5, lsl #19
 8005326:	4335      	orrs	r5, r6
 8005328:	611d      	str	r5, [r3, #16]
        if (ep->type == EP_TYPE_ISOC)
 800532a:	790d      	ldrb	r5, [r1, #4]
 800532c:	2d01      	cmp	r5, #1
 800532e:	d1e6      	bne.n	80052fe <USB_EPStartXfer+0xf6>
          USBx_INEP(epnum)->DIEPTSIZ &= ~(USB_OTG_DIEPTSIZ_MULCNT);
 8005330:	691d      	ldr	r5, [r3, #16]
 8005332:	f025 45c0 	bic.w	r5, r5, #1610612736	@ 0x60000000
 8005336:	611d      	str	r5, [r3, #16]
          USBx_INEP(epnum)->DIEPTSIZ |= (USB_OTG_DIEPTSIZ_MULCNT & ((uint32_t)pktcnt << 29));
 8005338:	691d      	ldr	r5, [r3, #16]
 800533a:	ea4f 7c4c 	mov.w	ip, ip, lsl #29
 800533e:	f00c 4cc0 	and.w	ip, ip, #1610612736	@ 0x60000000
 8005342:	ea45 050c 	orr.w	r5, r5, ip
 8005346:	611d      	str	r5, [r3, #16]
 8005348:	e7d9      	b.n	80052fe <USB_EPStartXfer+0xf6>
      if ((uint32_t)ep->dma_addr != 0U)
 800534a:	69cb      	ldr	r3, [r1, #28]
 800534c:	b11b      	cbz	r3, 8005356 <USB_EPStartXfer+0x14e>
        USBx_INEP(epnum)->DIEPDMA = (uint32_t)(ep->dma_addr);
 800534e:	eb00 1244 	add.w	r2, r0, r4, lsl #5
 8005352:	f8c2 3914 	str.w	r3, [r2, #2324]	@ 0x914
      if (ep->type == EP_TYPE_ISOC)
 8005356:	790b      	ldrb	r3, [r1, #4]
 8005358:	2b01      	cmp	r3, #1
 800535a:	d008      	beq.n	800536e <USB_EPStartXfer+0x166>
      USBx_INEP(epnum)->DIEPCTL |= (USB_OTG_DIEPCTL_CNAK | USB_OTG_DIEPCTL_EPENA);
 800535c:	eb00 1444 	add.w	r4, r0, r4, lsl #5
 8005360:	f8d4 3900 	ldr.w	r3, [r4, #2304]	@ 0x900
 8005364:	f043 4304 	orr.w	r3, r3, #2214592512	@ 0x84000000
 8005368:	f8c4 3900 	str.w	r3, [r4, #2304]	@ 0x900
 800536c:	e77d      	b.n	800526a <USB_EPStartXfer+0x62>
        if ((USBx_DEVICE->DSTS & (1U << 8)) == 0U)
 800536e:	f8d0 3808 	ldr.w	r3, [r0, #2056]	@ 0x808
 8005372:	f413 7f80 	tst.w	r3, #256	@ 0x100
 8005376:	d108      	bne.n	800538a <USB_EPStartXfer+0x182>
          USBx_INEP(epnum)->DIEPCTL |= USB_OTG_DIEPCTL_SODDFRM;
 8005378:	eb00 1244 	add.w	r2, r0, r4, lsl #5
 800537c:	f8d2 3900 	ldr.w	r3, [r2, #2304]	@ 0x900
 8005380:	f043 5300 	orr.w	r3, r3, #536870912	@ 0x20000000
 8005384:	f8c2 3900 	str.w	r3, [r2, #2304]	@ 0x900
 8005388:	e7e8      	b.n	800535c <USB_EPStartXfer+0x154>
          USBx_INEP(epnum)->DIEPCTL |= USB_OTG_DIEPCTL_SD0PID_SEVNFRM;
 800538a:	eb00 1244 	add.w	r2, r0, r4, lsl #5
 800538e:	f8d2 3900 	ldr.w	r3, [r2, #2304]	@ 0x900
 8005392:	f043 5380 	orr.w	r3, r3, #268435456	@ 0x10000000
 8005396:	f8c2 3900 	str.w	r3, [r2, #2304]	@ 0x900
 800539a:	e7df      	b.n	800535c <USB_EPStartXfer+0x154>
        if ((USBx_DEVICE->DSTS & (1U << 8)) == 0U)
 800539c:	f8d0 3808 	ldr.w	r3, [r0, #2056]	@ 0x808
 80053a0:	f413 7f80 	tst.w	r3, #256	@ 0x100
 80053a4:	d10c      	bne.n	80053c0 <USB_EPStartXfer+0x1b8>
          USBx_INEP(epnum)->DIEPCTL |= USB_OTG_DIEPCTL_SODDFRM;
 80053a6:	f8d4 3900 	ldr.w	r3, [r4, #2304]	@ 0x900
 80053aa:	f043 5300 	orr.w	r3, r3, #536870912	@ 0x20000000
 80053ae:	f8c4 3900 	str.w	r3, [r4, #2304]	@ 0x900
        (void)USB_WritePacket(USBx, ep->xfer_buff, ep->num, (uint16_t)ep->xfer_len, dma);
 80053b2:	9200      	str	r2, [sp, #0]
 80053b4:	8a0b      	ldrh	r3, [r1, #16]
 80053b6:	780a      	ldrb	r2, [r1, #0]
 80053b8:	68c9      	ldr	r1, [r1, #12]
 80053ba:	f7ff ff0e 	bl	80051da <USB_WritePacket>
 80053be:	e754      	b.n	800526a <USB_EPStartXfer+0x62>
          USBx_INEP(epnum)->DIEPCTL |= USB_OTG_DIEPCTL_SD0PID_SEVNFRM;
 80053c0:	f8d4 3900 	ldr.w	r3, [r4, #2304]	@ 0x900
 80053c4:	f043 5380 	orr.w	r3, r3, #268435456	@ 0x10000000
 80053c8:	f8c4 3900 	str.w	r3, [r4, #2304]	@ 0x900
 80053cc:	e7f1      	b.n	80053b2 <USB_EPStartXfer+0x1aa>
      if (ep->xfer_len == 0U)
 80053ce:	690c      	ldr	r4, [r1, #16]
 80053d0:	b954      	cbnz	r4, 80053e8 <USB_EPStartXfer+0x1e0>
        USBx_OUTEP(epnum)->DOEPTSIZ |= (USB_OTG_DOEPTSIZ_XFRSIZ & ep->maxpacket);
 80053d2:	691c      	ldr	r4, [r3, #16]
 80053d4:	688d      	ldr	r5, [r1, #8]
 80053d6:	f3c5 0512 	ubfx	r5, r5, #0, #19
 80053da:	432c      	orrs	r4, r5
 80053dc:	611c      	str	r4, [r3, #16]
        USBx_OUTEP(epnum)->DOEPTSIZ |= (USB_OTG_DOEPTSIZ_PKTCNT & (1U << 19));
 80053de:	691c      	ldr	r4, [r3, #16]
 80053e0:	f444 2400 	orr.w	r4, r4, #524288	@ 0x80000
 80053e4:	611c      	str	r4, [r3, #16]
 80053e6:	e733      	b.n	8005250 <USB_EPStartXfer+0x48>
        pktcnt = (uint16_t)((ep->xfer_len + ep->maxpacket - 1U) / ep->maxpacket);
 80053e8:	688d      	ldr	r5, [r1, #8]
 80053ea:	442c      	add	r4, r5
 80053ec:	3c01      	subs	r4, #1
 80053ee:	fbb4 f4f5 	udiv	r4, r4, r5
        ep->xfer_size = ep->maxpacket * pktcnt;
 80053f2:	b2a4      	uxth	r4, r4
 80053f4:	fb04 f505 	mul.w	r5, r4, r5
 80053f8:	620d      	str	r5, [r1, #32]
        USBx_OUTEP(epnum)->DOEPTSIZ |= USB_OTG_DOEPTSIZ_PKTCNT & ((uint32_t)pktcnt << 19);
 80053fa:	691d      	ldr	r5, [r3, #16]
 80053fc:	4e12      	ldr	r6, [pc, #72]	@ (8005448 <USB_EPStartXfer+0x240>)
 80053fe:	ea06 44c4 	and.w	r4, r6, r4, lsl #19
 8005402:	432c      	orrs	r4, r5
 8005404:	611c      	str	r4, [r3, #16]
        USBx_OUTEP(epnum)->DOEPTSIZ |= USB_OTG_DOEPTSIZ_XFRSIZ & ep->xfer_size;
 8005406:	691c      	ldr	r4, [r3, #16]
 8005408:	6a0d      	ldr	r5, [r1, #32]
 800540a:	f3c5 0512 	ubfx	r5, r5, #0, #19
 800540e:	432c      	orrs	r4, r5
 8005410:	611c      	str	r4, [r3, #16]
 8005412:	e71d      	b.n	8005250 <USB_EPStartXfer+0x48>
      if ((uint32_t)ep->xfer_buff != 0U)
 8005414:	68ca      	ldr	r2, [r1, #12]
 8005416:	2a00      	cmp	r2, #0
 8005418:	f43f af1d 	beq.w	8005256 <USB_EPStartXfer+0x4e>
        USBx_OUTEP(epnum)->DOEPDMA = (uint32_t)(ep->xfer_buff);
 800541c:	615a      	str	r2, [r3, #20]
 800541e:	e71a      	b.n	8005256 <USB_EPStartXfer+0x4e>
      if ((USBx_DEVICE->DSTS & (1U << 8)) == 0U)
 8005420:	f8d0 3808 	ldr.w	r3, [r0, #2056]	@ 0x808
 8005424:	f413 7f80 	tst.w	r3, #256	@ 0x100
 8005428:	d106      	bne.n	8005438 <USB_EPStartXfer+0x230>
        USBx_OUTEP(epnum)->DOEPCTL |= USB_OTG_DOEPCTL_SODDFRM;
 800542a:	f8dc 3b00 	ldr.w	r3, [ip, #2816]	@ 0xb00
 800542e:	f043 5300 	orr.w	r3, r3, #536870912	@ 0x20000000
 8005432:	f8cc 3b00 	str.w	r3, [ip, #2816]	@ 0xb00
 8005436:	e712      	b.n	800525e <USB_EPStartXfer+0x56>
        USBx_OUTEP(epnum)->DOEPCTL |= USB_OTG_DOEPCTL_SD0PID_SEVNFRM;
 8005438:	f8dc 3b00 	ldr.w	r3, [ip, #2816]	@ 0xb00
 800543c:	f043 5380 	orr.w	r3, r3, #268435456	@ 0x10000000
 8005440:	f8cc 3b00 	str.w	r3, [ip, #2816]	@ 0xb00
 8005444:	e70b      	b.n	800525e <USB_EPStartXfer+0x56>
 8005446:	bf00      	nop
 8005448:	1ff80000 	.word	0x1ff80000

0800544c <USB_ReadPacket>:
{
 800544c:	b510      	push	{r4, lr}
 800544e:	4684      	mov	ip, r0
 8005450:	4608      	mov	r0, r1
  uint32_t count32b = (uint32_t)len >> 2U;
 8005452:	ea4f 0e92 	mov.w	lr, r2, lsr #2
  uint16_t remaining_bytes = len % 4U;
 8005456:	f002 0203 	and.w	r2, r2, #3
  for (i = 0U; i < count32b; i++)
 800545a:	2300      	movs	r3, #0
 800545c:	e005      	b.n	800546a <USB_ReadPacket+0x1e>
    __UNALIGNED_UINT32_WRITE(pDest, USBx_DFIFO(0U));
 800545e:	f50c 5180 	add.w	r1, ip, #4096	@ 0x1000
 8005462:	6809      	ldr	r1, [r1, #0]
 8005464:	f840 1b04 	str.w	r1, [r0], #4
  for (i = 0U; i < count32b; i++)
 8005468:	3301      	adds	r3, #1
 800546a:	4573      	cmp	r3, lr
 800546c:	d3f7      	bcc.n	800545e <USB_ReadPacket+0x12>
  if (remaining_bytes != 0U)
 800546e:	b17a      	cbz	r2, 8005490 <USB_ReadPacket+0x44>
    __UNALIGNED_UINT32_WRITE(&pData, USBx_DFIFO(0U));
 8005470:	f50c 5c80 	add.w	ip, ip, #4096	@ 0x1000
 8005474:	f8dc 4000 	ldr.w	r4, [ip]
    i = 0U;
 8005478:	2100      	movs	r1, #0
      *(uint8_t *)pDest = (uint8_t)(pData >> (8U * (uint8_t)(i)));
 800547a:	b2cb      	uxtb	r3, r1
 800547c:	00db      	lsls	r3, r3, #3
 800547e:	fa24 f303 	lsr.w	r3, r4, r3
 8005482:	f800 3b01 	strb.w	r3, [r0], #1
      i++;
 8005486:	3101      	adds	r1, #1
      remaining_bytes--;
 8005488:	3a01      	subs	r2, #1
 800548a:	b292      	uxth	r2, r2
    } while (remaining_bytes != 0U);
 800548c:	2a00      	cmp	r2, #0
 800548e:	d1f4      	bne.n	800547a <USB_ReadPacket+0x2e>
}
 8005490:	bd10      	pop	{r4, pc}

08005492 <USB_EPSetStall>:
  uint32_t epnum = (uint32_t)ep->num;
 8005492:	780b      	ldrb	r3, [r1, #0]
  if (ep->is_in == 1U)
 8005494:	784a      	ldrb	r2, [r1, #1]
 8005496:	2a01      	cmp	r2, #1
 8005498:	d014      	beq.n	80054c4 <USB_EPSetStall+0x32>
    if (((USBx_OUTEP(epnum)->DOEPCTL & USB_OTG_DOEPCTL_EPENA) == 0U) && (epnum != 0U))
 800549a:	eb00 1043 	add.w	r0, r0, r3, lsl #5
 800549e:	f8d0 2b00 	ldr.w	r2, [r0, #2816]	@ 0xb00
 80054a2:	2a00      	cmp	r2, #0
 80054a4:	db06      	blt.n	80054b4 <USB_EPSetStall+0x22>
 80054a6:	b12b      	cbz	r3, 80054b4 <USB_EPSetStall+0x22>
      USBx_OUTEP(epnum)->DOEPCTL &= ~(USB_OTG_DOEPCTL_EPDIS);
 80054a8:	f8d0 3b00 	ldr.w	r3, [r0, #2816]	@ 0xb00
 80054ac:	f023 4380 	bic.w	r3, r3, #1073741824	@ 0x40000000
 80054b0:	f8c0 3b00 	str.w	r3, [r0, #2816]	@ 0xb00
    USBx_OUTEP(epnum)->DOEPCTL |= USB_OTG_DOEPCTL_STALL;
 80054b4:	f8d0 3b00 	ldr.w	r3, [r0, #2816]	@ 0xb00
 80054b8:	f443 1300 	orr.w	r3, r3, #2097152	@ 0x200000
 80054bc:	f8c0 3b00 	str.w	r3, [r0, #2816]	@ 0xb00
}
 80054c0:	2000      	movs	r0, #0
 80054c2:	4770      	bx	lr
    if (((USBx_INEP(epnum)->DIEPCTL & USB_OTG_DIEPCTL_EPENA) == 0U) && (epnum != 0U))
 80054c4:	eb00 1043 	add.w	r0, r0, r3, lsl #5
 80054c8:	f8d0 2900 	ldr.w	r2, [r0, #2304]	@ 0x900
 80054cc:	2a00      	cmp	r2, #0
 80054ce:	db06      	blt.n	80054de <USB_EPSetStall+0x4c>
 80054d0:	b12b      	cbz	r3, 80054de <USB_EPSetStall+0x4c>
      USBx_INEP(epnum)->DIEPCTL &= ~(USB_OTG_DIEPCTL_EPDIS);
 80054d2:	f8d0 3900 	ldr.w	r3, [r0, #2304]	@ 0x900
 80054d6:	f023 4380 	bic.w	r3, r3, #1073741824	@ 0x40000000
 80054da:	f8c0 3900 	str.w	r3, [r0, #2304]	@ 0x900
    USBx_INEP(epnum)->DIEPCTL |= USB_OTG_DIEPCTL_STALL;
 80054de:	f8d0 3900 	ldr.w	r3, [r0, #2304]	@ 0x900
 80054e2:	f443 1300 	orr.w	r3, r3, #2097152	@ 0x200000
 80054e6:	f8c0 3900 	str.w	r3, [r0, #2304]	@ 0x900
 80054ea:	e7e9      	b.n	80054c0 <USB_EPSetStall+0x2e>

080054ec <USB_EPClearStall>:
  uint32_t epnum = (uint32_t)ep->num;
 80054ec:	780b      	ldrb	r3, [r1, #0]
  if (ep->is_in == 1U)
 80054ee:	784a      	ldrb	r2, [r1, #1]
 80054f0:	2a01      	cmp	r2, #1
 80054f2:	d00e      	beq.n	8005512 <USB_EPClearStall+0x26>
    USBx_OUTEP(epnum)->DOEPCTL &= ~USB_OTG_DOEPCTL_STALL;
 80054f4:	eb00 1043 	add.w	r0, r0, r3, lsl #5
 80054f8:	f8d0 3b00 	ldr.w	r3, [r0, #2816]	@ 0xb00
 80054fc:	f423 1300 	bic.w	r3, r3, #2097152	@ 0x200000
 8005500:	f8c0 3b00 	str.w	r3, [r0, #2816]	@ 0xb00
    if ((ep->type == EP_TYPE_INTR) || (ep->type == EP_TYPE_BULK))
 8005504:	790b      	ldrb	r3, [r1, #4]
 8005506:	3b02      	subs	r3, #2
 8005508:	b2db      	uxtb	r3, r3
 800550a:	2b01      	cmp	r3, #1
 800550c:	d915      	bls.n	800553a <USB_EPClearStall+0x4e>
}
 800550e:	2000      	movs	r0, #0
 8005510:	4770      	bx	lr
    USBx_INEP(epnum)->DIEPCTL &= ~USB_OTG_DIEPCTL_STALL;
 8005512:	eb00 1043 	add.w	r0, r0, r3, lsl #5
 8005516:	f8d0 3900 	ldr.w	r3, [r0, #2304]	@ 0x900
 800551a:	f423 1300 	bic.w	r3, r3, #2097152	@ 0x200000
 800551e:	f8c0 3900 	str.w	r3, [r0, #2304]	@ 0x900
    if ((ep->type == EP_TYPE_INTR) || (ep->type == EP_TYPE_BULK))
 8005522:	790b      	ldrb	r3, [r1, #4]
 8005524:	3b02      	subs	r3, #2
 8005526:	b2db      	uxtb	r3, r3
 8005528:	2b01      	cmp	r3, #1
 800552a:	d8f0      	bhi.n	800550e <USB_EPClearStall+0x22>
      USBx_INEP(epnum)->DIEPCTL |= USB_OTG_DIEPCTL_SD0PID_SEVNFRM; /* DATA0 */
 800552c:	f8d0 3900 	ldr.w	r3, [r0, #2304]	@ 0x900
 8005530:	f043 5380 	orr.w	r3, r3, #268435456	@ 0x10000000
 8005534:	f8c0 3900 	str.w	r3, [r0, #2304]	@ 0x900
 8005538:	e7e9      	b.n	800550e <USB_EPClearStall+0x22>
      USBx_OUTEP(epnum)->DOEPCTL |= USB_OTG_DOEPCTL_SD0PID_SEVNFRM; /* DATA0 */
 800553a:	f8d0 3b00 	ldr.w	r3, [r0, #2816]	@ 0xb00
 800553e:	f043 5380 	orr.w	r3, r3, #268435456	@ 0x10000000
 8005542:	f8c0 3b00 	str.w	r3, [r0, #2816]	@ 0xb00
 8005546:	e7e2      	b.n	800550e <USB_EPClearStall+0x22>

08005548 <USB_SetDevAddress>:
  USBx_DEVICE->DCFG &= ~(USB_OTG_DCFG_DAD);
 8005548:	f8d0 3800 	ldr.w	r3, [r0, #2048]	@ 0x800
 800554c:	f423 63fe 	bic.w	r3, r3, #2032	@ 0x7f0
 8005550:	f8c0 3800 	str.w	r3, [r0, #2048]	@ 0x800
  USBx_DEVICE->DCFG |= ((uint32_t)address << 4) & USB_OTG_DCFG_DAD;
 8005554:	f8d0 3800 	ldr.w	r3, [r0, #2048]	@ 0x800
 8005558:	0109      	lsls	r1, r1, #4
 800555a:	f401 61fe 	and.w	r1, r1, #2032	@ 0x7f0
 800555e:	430b      	orrs	r3, r1
 8005560:	f8c0 3800 	str.w	r3, [r0, #2048]	@ 0x800
}
 8005564:	2000      	movs	r0, #0
 8005566:	4770      	bx	lr

08005568 <USB_DevConnect>:
  USBx_PCGCCTL &= ~(USB_OTG_PCGCCTL_STOPCLK | USB_OTG_PCGCCTL_GATECLK);
 8005568:	f8d0 3e00 	ldr.w	r3, [r0, #3584]	@ 0xe00
 800556c:	f023 0303 	bic.w	r3, r3, #3
 8005570:	f8c0 3e00 	str.w	r3, [r0, #3584]	@ 0xe00
  USBx_DEVICE->DCTL &= ~USB_OTG_DCTL_SDIS;
 8005574:	f8d0 3804 	ldr.w	r3, [r0, #2052]	@ 0x804
 8005578:	f023 0302 	bic.w	r3, r3, #2
 800557c:	f8c0 3804 	str.w	r3, [r0, #2052]	@ 0x804
}
 8005580:	2000      	movs	r0, #0
 8005582:	4770      	bx	lr

08005584 <USB_DevDisconnect>:
  USBx_PCGCCTL &= ~(USB_OTG_PCGCCTL_STOPCLK | USB_OTG_PCGCCTL_GATECLK);
 8005584:	f8d0 3e00 	ldr.w	r3, [r0, #3584]	@ 0xe00
 8005588:	f023 0303 	bic.w	r3, r3, #3
 800558c:	f8c0 3e00 	str.w	r3, [r0, #3584]	@ 0xe00
  USBx_DEVICE->DCTL |= USB_OTG_DCTL_SDIS;
 8005590:	f8d0 3804 	ldr.w	r3, [r0, #2052]	@ 0x804
 8005594:	f043 0302 	orr.w	r3, r3, #2
 8005598:	f8c0 3804 	str.w	r3, [r0, #2052]	@ 0x804
}
 800559c:	2000      	movs	r0, #0
 800559e:	4770      	bx	lr

080055a0 <USB_ReadInterrupts>:
  tmpreg = USBx->GINTSTS;
 80055a0:	6942      	ldr	r2, [r0, #20]
  tmpreg &= USBx->GINTMSK;
 80055a2:	6980      	ldr	r0, [r0, #24]
}
 80055a4:	4010      	ands	r0, r2
 80055a6:	4770      	bx	lr

080055a8 <USB_ReadDevAllOutEpInterrupt>:
  tmpreg  = USBx_DEVICE->DAINT;
 80055a8:	f8d0 3818 	ldr.w	r3, [r0, #2072]	@ 0x818
 80055ac:	f500 6000 	add.w	r0, r0, #2048	@ 0x800
  tmpreg &= USBx_DEVICE->DAINTMSK;
 80055b0:	69c0      	ldr	r0, [r0, #28]
 80055b2:	4018      	ands	r0, r3
}
 80055b4:	0c00      	lsrs	r0, r0, #16
 80055b6:	4770      	bx	lr

080055b8 <USB_ReadDevAllInEpInterrupt>:
  tmpreg  = USBx_DEVICE->DAINT;
 80055b8:	f8d0 3818 	ldr.w	r3, [r0, #2072]	@ 0x818
 80055bc:	f500 6000 	add.w	r0, r0, #2048	@ 0x800
  tmpreg &= USBx_DEVICE->DAINTMSK;
 80055c0:	69c0      	ldr	r0, [r0, #28]
 80055c2:	4018      	ands	r0, r3
}
 80055c4:	b280      	uxth	r0, r0
 80055c6:	4770      	bx	lr

080055c8 <USB_ReadDevOutEPInterrupt>:
  tmpreg  = USBx_OUTEP((uint32_t)epnum)->DOEPINT;
 80055c8:	eb00 1141 	add.w	r1, r0, r1, lsl #5
 80055cc:	f8d1 2b08 	ldr.w	r2, [r1, #2824]	@ 0xb08
  tmpreg &= USBx_DEVICE->DOEPMSK;
 80055d0:	f500 6000 	add.w	r0, r0, #2048	@ 0x800
 80055d4:	6940      	ldr	r0, [r0, #20]
}
 80055d6:	4010      	ands	r0, r2
 80055d8:	4770      	bx	lr

080055da <USB_ReadDevInEPInterrupt>:
  msk = USBx_DEVICE->DIEPMSK;
 80055da:	f8d0 2810 	ldr.w	r2, [r0, #2064]	@ 0x810
  emp = USBx_DEVICE->DIEPEMPMSK;
 80055de:	f8d0 3834 	ldr.w	r3, [r0, #2100]	@ 0x834
  msk |= ((emp >> (epnum & EP_ADDR_MSK)) & 0x1U) << 7;
 80055e2:	f001 0c0f 	and.w	ip, r1, #15
 80055e6:	fa23 f30c 	lsr.w	r3, r3, ip
 80055ea:	01db      	lsls	r3, r3, #7
 80055ec:	b2db      	uxtb	r3, r3
 80055ee:	4313      	orrs	r3, r2
  tmpreg = USBx_INEP((uint32_t)epnum)->DIEPINT & msk;
 80055f0:	eb00 1041 	add.w	r0, r0, r1, lsl #5
 80055f4:	f500 6010 	add.w	r0, r0, #2304	@ 0x900
 80055f8:	6880      	ldr	r0, [r0, #8]
}
 80055fa:	4018      	ands	r0, r3
 80055fc:	4770      	bx	lr

080055fe <USB_GetMode>:
  return ((USBx->GINTSTS) & 0x1U);
 80055fe:	6940      	ldr	r0, [r0, #20]
}
 8005600:	f000 0001 	and.w	r0, r0, #1
 8005604:	4770      	bx	lr

08005606 <USB_SetCurrentMode>:
{
 8005606:	b538      	push	{r3, r4, r5, lr}
 8005608:	4605      	mov	r5, r0
  USBx->GUSBCFG &= ~(USB_OTG_GUSBCFG_FHMOD | USB_OTG_GUSBCFG_FDMOD);
 800560a:	68c3      	ldr	r3, [r0, #12]
 800560c:	f023 43c0 	bic.w	r3, r3, #1610612736	@ 0x60000000
 8005610:	60c3      	str	r3, [r0, #12]
  if (mode == USB_HOST_MODE)
 8005612:	2901      	cmp	r1, #1
 8005614:	d013      	beq.n	800563e <USB_SetCurrentMode+0x38>
  else if (mode == USB_DEVICE_MODE)
 8005616:	bb19      	cbnz	r1, 8005660 <USB_SetCurrentMode+0x5a>
    USBx->GUSBCFG |= USB_OTG_GUSBCFG_FDMOD;
 8005618:	68c3      	ldr	r3, [r0, #12]
 800561a:	f043 4380 	orr.w	r3, r3, #1073741824	@ 0x40000000
 800561e:	60c3      	str	r3, [r0, #12]
  uint32_t ms = 0U;
 8005620:	2400      	movs	r4, #0
      HAL_Delay(10U);
 8005622:	200a      	movs	r0, #10
 8005624:	f7fc fb16 	bl	8001c54 <HAL_Delay>
      ms += 10U;
 8005628:	340a      	adds	r4, #10
    } while ((USB_GetMode(USBx) != (uint32_t)USB_DEVICE_MODE) && (ms < HAL_USB_CURRENT_MODE_MAX_DELAY_MS));
 800562a:	4628      	mov	r0, r5
 800562c:	f7ff ffe7 	bl	80055fe <USB_GetMode>
 8005630:	b108      	cbz	r0, 8005636 <USB_SetCurrentMode+0x30>
 8005632:	2cc7      	cmp	r4, #199	@ 0xc7
 8005634:	d9f5      	bls.n	8005622 <USB_SetCurrentMode+0x1c>
  if (ms == HAL_USB_CURRENT_MODE_MAX_DELAY_MS)
 8005636:	2cc8      	cmp	r4, #200	@ 0xc8
 8005638:	d014      	beq.n	8005664 <USB_SetCurrentMode+0x5e>
  return HAL_OK;
 800563a:	2000      	movs	r0, #0
}
 800563c:	bd38      	pop	{r3, r4, r5, pc}
    USBx->GUSBCFG |= USB_OTG_GUSBCFG_FHMOD;
 800563e:	68c3      	ldr	r3, [r0, #12]
 8005640:	f043 5300 	orr.w	r3, r3, #536870912	@ 0x20000000
 8005644:	60c3      	str	r3, [r0, #12]
  uint32_t ms = 0U;
 8005646:	2400      	movs	r4, #0
      HAL_Delay(10U);
 8005648:	200a      	movs	r0, #10
 800564a:	f7fc fb03 	bl	8001c54 <HAL_Delay>
      ms += 10U;
 800564e:	340a      	adds	r4, #10
    } while ((USB_GetMode(USBx) != (uint32_t)USB_HOST_MODE) && (ms < HAL_USB_CURRENT_MODE_MAX_DELAY_MS));
 8005650:	4628      	mov	r0, r5
 8005652:	f7ff ffd4 	bl	80055fe <USB_GetMode>
 8005656:	2801      	cmp	r0, #1
 8005658:	d0ed      	beq.n	8005636 <USB_SetCurrentMode+0x30>
 800565a:	2cc7      	cmp	r4, #199	@ 0xc7
 800565c:	d9f4      	bls.n	8005648 <USB_SetCurrentMode+0x42>
 800565e:	e7ea      	b.n	8005636 <USB_SetCurrentMode+0x30>
    return HAL_ERROR;
 8005660:	2001      	movs	r0, #1
 8005662:	e7eb      	b.n	800563c <USB_SetCurrentMode+0x36>
    return HAL_ERROR;
 8005664:	2001      	movs	r0, #1
 8005666:	e7e9      	b.n	800563c <USB_SetCurrentMode+0x36>

08005668 <USB_ActivateSetup>:
  USBx_INEP(0U)->DIEPCTL &= ~USB_OTG_DIEPCTL_MPSIZ;
 8005668:	f8d0 3900 	ldr.w	r3, [r0, #2304]	@ 0x900
 800566c:	f36f 030a 	bfc	r3, #0, #11
 8005670:	f8c0 3900 	str.w	r3, [r0, #2304]	@ 0x900
  USBx_DEVICE->DCTL |= USB_OTG_DCTL_CGINAK;
 8005674:	f8d0 3804 	ldr.w	r3, [r0, #2052]	@ 0x804
 8005678:	f443 7380 	orr.w	r3, r3, #256	@ 0x100
 800567c:	f8c0 3804 	str.w	r3, [r0, #2052]	@ 0x804
}
 8005680:	2000      	movs	r0, #0
 8005682:	4770      	bx	lr

08005684 <USB_EP0_OutStart>:
{
 8005684:	b410      	push	{r4}
  uint32_t gSNPSiD = *(__IO const uint32_t *)(&USBx->CID + 0x1U);
 8005686:	6c04      	ldr	r4, [r0, #64]	@ 0x40
  if (gSNPSiD > USB_OTG_CORE_ID_300A)
 8005688:	4b15      	ldr	r3, [pc, #84]	@ (80056e0 <USB_EP0_OutStart+0x5c>)
 800568a:	429c      	cmp	r4, r3
 800568c:	d903      	bls.n	8005696 <USB_EP0_OutStart+0x12>
    if ((USBx_OUTEP(0U)->DOEPCTL & USB_OTG_DOEPCTL_EPENA) == USB_OTG_DOEPCTL_EPENA)
 800568e:	f8d0 3b00 	ldr.w	r3, [r0, #2816]	@ 0xb00
 8005692:	2b00      	cmp	r3, #0
 8005694:	db16      	blt.n	80056c4 <USB_EP0_OutStart+0x40>
  USBx_OUTEP(0U)->DOEPTSIZ = 0U;
 8005696:	2400      	movs	r4, #0
 8005698:	f8c0 4b10 	str.w	r4, [r0, #2832]	@ 0xb10
  USBx_OUTEP(0U)->DOEPTSIZ |= (USB_OTG_DOEPTSIZ_PKTCNT & (1U << 19));
 800569c:	f8d0 4b10 	ldr.w	r4, [r0, #2832]	@ 0xb10
 80056a0:	f444 2400 	orr.w	r4, r4, #524288	@ 0x80000
 80056a4:	f8c0 4b10 	str.w	r4, [r0, #2832]	@ 0xb10
  USBx_OUTEP(0U)->DOEPTSIZ |= (3U * 8U);
 80056a8:	f8d0 4b10 	ldr.w	r4, [r0, #2832]	@ 0xb10
 80056ac:	f044 0418 	orr.w	r4, r4, #24
 80056b0:	f8c0 4b10 	str.w	r4, [r0, #2832]	@ 0xb10
  USBx_OUTEP(0U)->DOEPTSIZ |=  USB_OTG_DOEPTSIZ_STUPCNT;
 80056b4:	f8d0 4b10 	ldr.w	r4, [r0, #2832]	@ 0xb10
 80056b8:	f044 44c0 	orr.w	r4, r4, #1610612736	@ 0x60000000
 80056bc:	f8c0 4b10 	str.w	r4, [r0, #2832]	@ 0xb10
  if (dma == 1U)
 80056c0:	2901      	cmp	r1, #1
 80056c2:	d003      	beq.n	80056cc <USB_EP0_OutStart+0x48>
}
 80056c4:	2000      	movs	r0, #0
 80056c6:	f85d 4b04 	ldr.w	r4, [sp], #4
 80056ca:	4770      	bx	lr
    USBx_OUTEP(0U)->DOEPDMA = (uint32_t)psetup;
 80056cc:	f8c0 2b14 	str.w	r2, [r0, #2836]	@ 0xb14
    USBx_OUTEP(0U)->DOEPCTL |= USB_OTG_DOEPCTL_EPENA | USB_OTG_DOEPCTL_USBAEP;
 80056d0:	f8d0 3b00 	ldr.w	r3, [r0, #2816]	@ 0xb00
 80056d4:	f043 2380 	orr.w	r3, r3, #2147516416	@ 0x80008000
 80056d8:	f8c0 3b00 	str.w	r3, [r0, #2816]	@ 0xb00
 80056dc:	e7f2      	b.n	80056c4 <USB_EP0_OutStart+0x40>
 80056de:	bf00      	nop
 80056e0:	4f54300a 	.word	0x4f54300a

080056e4 <_sbrk>:
 *
 * @param incr Memory size
 * @return Pointer to allocated memory
 */
void *_sbrk(ptrdiff_t incr)
{
 80056e4:	b510      	push	{r4, lr}
 80056e6:	4603      	mov	r3, r0
  extern uint8_t _end; /* Symbol defined in the linker script */
  extern uint8_t _estack; /* Symbol defined in the linker script */
  extern uint32_t _Min_Stack_Size; /* Symbol defined in the linker script */
  const uint32_t stack_limit = (uint32_t)&_estack - (uint32_t)&_Min_Stack_Size;
 80056e8:	4a0c      	ldr	r2, [pc, #48]	@ (800571c <_sbrk+0x38>)
 80056ea:	490d      	ldr	r1, [pc, #52]	@ (8005720 <_sbrk+0x3c>)
  const uint8_t *max_heap = (uint8_t *)stack_limit;
  uint8_t *prev_heap_end;

  /* Initialize heap end at first call */
  if (NULL == __sbrk_heap_end)
 80056ec:	480d      	ldr	r0, [pc, #52]	@ (8005724 <_sbrk+0x40>)
 80056ee:	6800      	ldr	r0, [r0, #0]
 80056f0:	b140      	cbz	r0, 8005704 <_sbrk+0x20>
  {
    __sbrk_heap_end = &_end;
  }

  /* Protect heap from growing into the reserved MSP stack */
  if (__sbrk_heap_end + incr > max_heap)
 80056f2:	480c      	ldr	r0, [pc, #48]	@ (8005724 <_sbrk+0x40>)
 80056f4:	6800      	ldr	r0, [r0, #0]
 80056f6:	4403      	add	r3, r0
 80056f8:	1a52      	subs	r2, r2, r1
 80056fa:	4293      	cmp	r3, r2
 80056fc:	d806      	bhi.n	800570c <_sbrk+0x28>
    errno = ENOMEM;
    return (void *)-1;
  }

  prev_heap_end = __sbrk_heap_end;
  __sbrk_heap_end += incr;
 80056fe:	4a09      	ldr	r2, [pc, #36]	@ (8005724 <_sbrk+0x40>)
 8005700:	6013      	str	r3, [r2, #0]

  return (void *)prev_heap_end;
}
 8005702:	bd10      	pop	{r4, pc}
    __sbrk_heap_end = &_end;
 8005704:	4807      	ldr	r0, [pc, #28]	@ (8005724 <_sbrk+0x40>)
 8005706:	4c08      	ldr	r4, [pc, #32]	@ (8005728 <_sbrk+0x44>)
 8005708:	6004      	str	r4, [r0, #0]
 800570a:	e7f2      	b.n	80056f2 <_sbrk+0xe>
    errno = ENOMEM;
 800570c:	f002 fc82 	bl	8008014 <__errno>
 8005710:	230c      	movs	r3, #12
 8005712:	6003      	str	r3, [r0, #0]
    return (void *)-1;
 8005714:	f04f 30ff 	mov.w	r0, #4294967295	@ 0xffffffff
 8005718:	e7f3      	b.n	8005702 <_sbrk+0x1e>
 800571a:	bf00      	nop
 800571c:	20020000 	.word	0x20020000
 8005720:	00000400 	.word	0x00000400
 8005724:	2000469c 	.word	0x2000469c
 8005728:	20006b78 	.word	0x20006b78

0800572c <SystemInit>:
  */
void SystemInit(void)
{
  /* FPU settings ------------------------------------------------------------*/
  #if (__FPU_PRESENT == 1) && (__FPU_USED == 1)
    SCB->CPACR |= ((3UL << 10*2)|(3UL << 11*2));  /* set CP10 and CP11 Full Access */
 800572c:	4a03      	ldr	r2, [pc, #12]	@ (800573c <SystemInit+0x10>)
 800572e:	f8d2 3088 	ldr.w	r3, [r2, #136]	@ 0x88
 8005732:	f443 0370 	orr.w	r3, r3, #15728640	@ 0xf00000
 8005736:	f8c2 3088 	str.w	r3, [r2, #136]	@ 0x88

  /* Configure the Vector Table location -------------------------------------*/
#if defined(USER_VECT_TAB_ADDRESS)
  SCB->VTOR = VECT_TAB_BASE_ADDRESS | VECT_TAB_OFFSET; /* Vector Table Relocation in Internal SRAM */
#endif /* USER_VECT_TAB_ADDRESS */
}
 800573a:	4770      	bx	lr
 800573c:	e000ed00 	.word	0xe000ed00

08005740 <prvResetNextTaskUnblockTime>:

static void prvResetNextTaskUnblockTime( void )
{
TCB_t *pxTCB;

	if( listLIST_IS_EMPTY( pxDelayedTaskList ) != pdFALSE )
 8005740:	4b08      	ldr	r3, [pc, #32]	@ (8005764 <prvResetNextTaskUnblockTime+0x24>)
 8005742:	681b      	ldr	r3, [r3, #0]
 8005744:	681b      	ldr	r3, [r3, #0]
 8005746:	b923      	cbnz	r3, 8005752 <prvResetNextTaskUnblockTime+0x12>
	{
		/* The new current delayed list is empty.  Set xNextTaskUnblockTime to
		the maximum possible value so it is	extremely unlikely that the
		if( xTickCount >= xNextTaskUnblockTime ) test will pass until
		there is an item in the delayed list. */
		xNextTaskUnblockTime = portMAX_DELAY;
 8005748:	4b07      	ldr	r3, [pc, #28]	@ (8005768 <prvResetNextTaskUnblockTime+0x28>)
 800574a:	f04f 32ff 	mov.w	r2, #4294967295	@ 0xffffffff
 800574e:	601a      	str	r2, [r3, #0]
 8005750:	4770      	bx	lr
	{
		/* The new current delayed list is not empty, get the value of
		the item at the head of the delayed list.  This is the time at
		which the task at the head of the delayed list should be removed
		from the Blocked state. */
		( pxTCB ) = listGET_OWNER_OF_HEAD_ENTRY( pxDelayedTaskList ); /*lint !e9079 void * is used as this macro is used with timers and co-routines too.  Alignment is known to be fine as the type of the pointer stored and retrieved is the same. */
 8005752:	4b04      	ldr	r3, [pc, #16]	@ (8005764 <prvResetNextTaskUnblockTime+0x24>)
 8005754:	681b      	ldr	r3, [r3, #0]
 8005756:	68db      	ldr	r3, [r3, #12]
 8005758:	68db      	ldr	r3, [r3, #12]
		xNextTaskUnblockTime = listGET_LIST_ITEM_VALUE( &( ( pxTCB )->xStateListItem ) );
 800575a:	685a      	ldr	r2, [r3, #4]
 800575c:	4b02      	ldr	r3, [pc, #8]	@ (8005768 <prvResetNextTaskUnblockTime+0x28>)
 800575e:	601a      	str	r2, [r3, #0]
	}
}
 8005760:	4770      	bx	lr
 8005762:	bf00      	nop
 8005764:	20004710 	.word	0x20004710
 8005768:	200046a8 	.word	0x200046a8

0800576c <prvInitialiseNewTask>:
{
 800576c:	e92d 47f0 	stmdb	sp!, {r4, r5, r6, r7, r8, r9, sl, lr}
 8005770:	4680      	mov	r8, r0
 8005772:	460d      	mov	r5, r1
 8005774:	4617      	mov	r7, r2
 8005776:	4699      	mov	r9, r3
 8005778:	9e08      	ldr	r6, [sp, #32]
 800577a:	f8dd a024 	ldr.w	sl, [sp, #36]	@ 0x24
 800577e:	9c0a      	ldr	r4, [sp, #40]	@ 0x28
		( void ) memset( pxNewTCB->pxStack, ( int ) tskSTACK_FILL_BYTE, ( size_t ) ulStackDepth * sizeof( StackType_t ) );
 8005780:	0092      	lsls	r2, r2, #2
 8005782:	21a5      	movs	r1, #165	@ 0xa5
 8005784:	6b20      	ldr	r0, [r4, #48]	@ 0x30
 8005786:	f002 fc3d 	bl	8008004 <memset>
		pxTopOfStack = &( pxNewTCB->pxStack[ ulStackDepth - ( uint32_t ) 1 ] );
 800578a:	6b23      	ldr	r3, [r4, #48]	@ 0x30
 800578c:	f107 4280 	add.w	r2, r7, #1073741824	@ 0x40000000
 8005790:	3a01      	subs	r2, #1
 8005792:	eb03 0782 	add.w	r7, r3, r2, lsl #2
		pxTopOfStack = ( StackType_t * ) ( ( ( portPOINTER_SIZE_TYPE ) pxTopOfStack ) & ( ~( ( portPOINTER_SIZE_TYPE ) portBYTE_ALIGNMENT_MASK ) ) ); /*lint !e923 !e9033 !e9078 MISRA exception.  Avoiding casts between pointers and integers is not practical.  Size differences accounted for using portPOINTER_SIZE_TYPE type.  Checked by assert(). */
 8005796:	f027 0707 	bic.w	r7, r7, #7
	if( pcName != NULL )
 800579a:	b3a5      	cbz	r5, 8005806 <prvInitialiseNewTask+0x9a>
		for( x = ( UBaseType_t ) 0; x < ( UBaseType_t ) configMAX_TASK_NAME_LEN; x++ )
 800579c:	f04f 0c00 	mov.w	ip, #0
 80057a0:	f1bc 0f0f 	cmp.w	ip, #15
 80057a4:	d809      	bhi.n	80057ba <prvInitialiseNewTask+0x4e>
			pxNewTCB->pcTaskName[ x ] = pcName[ x ];
 80057a6:	f815 300c 	ldrb.w	r3, [r5, ip]
 80057aa:	eb04 020c 	add.w	r2, r4, ip
 80057ae:	f882 3034 	strb.w	r3, [r2, #52]	@ 0x34
			if( pcName[ x ] == ( char ) 0x00 )
 80057b2:	b113      	cbz	r3, 80057ba <prvInitialiseNewTask+0x4e>
		for( x = ( UBaseType_t ) 0; x < ( UBaseType_t ) configMAX_TASK_NAME_LEN; x++ )
 80057b4:	f10c 0c01 	add.w	ip, ip, #1
 80057b8:	e7f2      	b.n	80057a0 <prvInitialiseNewTask+0x34>
		pxNewTCB->pcTaskName[ configMAX_TASK_NAME_LEN - 1 ] = '\0';
 80057ba:	2300      	movs	r3, #0
 80057bc:	f884 3043 	strb.w	r3, [r4, #67]	@ 0x43
	if( uxPriority >= ( UBaseType_t ) configMAX_PRIORITIES )
 80057c0:	2e37      	cmp	r6, #55	@ 0x37
 80057c2:	d900      	bls.n	80057c6 <prvInitialiseNewTask+0x5a>
		uxPriority = ( UBaseType_t ) configMAX_PRIORITIES - ( UBaseType_t ) 1U;
 80057c4:	2637      	movs	r6, #55	@ 0x37
	pxNewTCB->uxPriority = uxPriority;
 80057c6:	62e6      	str	r6, [r4, #44]	@ 0x2c
		pxNewTCB->uxBasePriority = uxPriority;
 80057c8:	64e6      	str	r6, [r4, #76]	@ 0x4c
		pxNewTCB->uxMutexesHeld = 0;
 80057ca:	2500      	movs	r5, #0
 80057cc:	6525      	str	r5, [r4, #80]	@ 0x50
	vListInitialiseItem( &( pxNewTCB->xStateListItem ) );
 80057ce:	1d20      	adds	r0, r4, #4
 80057d0:	f7fb fbdf 	bl	8000f92 <vListInitialiseItem>
	vListInitialiseItem( &( pxNewTCB->xEventListItem ) );
 80057d4:	f104 0018 	add.w	r0, r4, #24
 80057d8:	f7fb fbdb 	bl	8000f92 <vListInitialiseItem>
	listSET_LIST_ITEM_OWNER( &( pxNewTCB->xStateListItem ), pxNewTCB );
 80057dc:	6124      	str	r4, [r4, #16]
	listSET_LIST_ITEM_VALUE( &( pxNewTCB->xEventListItem ), ( TickType_t ) configMAX_PRIORITIES - ( TickType_t ) uxPriority ); /*lint !e961 MISRA exception as the casts are only redundant for some ports. */
 80057de:	f1c6 0638 	rsb	r6, r6, #56	@ 0x38
 80057e2:	61a6      	str	r6, [r4, #24]
	listSET_LIST_ITEM_OWNER( &( pxNewTCB->xEventListItem ), pxNewTCB );
 80057e4:	6264      	str	r4, [r4, #36]	@ 0x24
		pxNewTCB->ulNotifiedValue = 0;
 80057e6:	6565      	str	r5, [r4, #84]	@ 0x54
		pxNewTCB->ucNotifyState = taskNOT_WAITING_NOTIFICATION;
 80057e8:	f884 5058 	strb.w	r5, [r4, #88]	@ 0x58
			pxNewTCB->pxTopOfStack = pxPortInitialiseStack( pxTopOfStack, pxTaskCode, pvParameters );
 80057ec:	464a      	mov	r2, r9
 80057ee:	4641      	mov	r1, r8
 80057f0:	4638      	mov	r0, r7
 80057f2:	f7fb fcb9 	bl	8001168 <pxPortInitialiseStack>
 80057f6:	6020      	str	r0, [r4, #0]
	if( pxCreatedTask != NULL )
 80057f8:	f1ba 0f00 	cmp.w	sl, #0
 80057fc:	d001      	beq.n	8005802 <prvInitialiseNewTask+0x96>
		*pxCreatedTask = ( TaskHandle_t ) pxNewTCB;
 80057fe:	f8ca 4000 	str.w	r4, [sl]
}
 8005802:	e8bd 87f0 	ldmia.w	sp!, {r4, r5, r6, r7, r8, r9, sl, pc}
		pxNewTCB->pcTaskName[ 0 ] = 0x00;
 8005806:	2300      	movs	r3, #0
 8005808:	f884 3034 	strb.w	r3, [r4, #52]	@ 0x34
 800580c:	e7d8      	b.n	80057c0 <prvInitialiseNewTask+0x54>
	...

08005810 <prvInitialiseTaskLists>:
{
 8005810:	b538      	push	{r3, r4, r5, lr}
	for( uxPriority = ( UBaseType_t ) 0U; uxPriority < ( UBaseType_t ) configMAX_PRIORITIES; uxPriority++ )
 8005812:	2400      	movs	r4, #0
 8005814:	e007      	b.n	8005826 <prvInitialiseTaskLists+0x16>
		vListInitialise( &( pxReadyTasksLists[ uxPriority ] ) );
 8005816:	eb04 0284 	add.w	r2, r4, r4, lsl #2
 800581a:	0093      	lsls	r3, r2, #2
 800581c:	480e      	ldr	r0, [pc, #56]	@ (8005858 <prvInitialiseTaskLists+0x48>)
 800581e:	4418      	add	r0, r3
 8005820:	f7fb fbac 	bl	8000f7c <vListInitialise>
	for( uxPriority = ( UBaseType_t ) 0U; uxPriority < ( UBaseType_t ) configMAX_PRIORITIES; uxPriority++ )
 8005824:	3401      	adds	r4, #1
 8005826:	2c37      	cmp	r4, #55	@ 0x37
 8005828:	d9f5      	bls.n	8005816 <prvInitialiseTaskLists+0x6>
	vListInitialise( &xDelayedTaskList1 );
 800582a:	4d0c      	ldr	r5, [pc, #48]	@ (800585c <prvInitialiseTaskLists+0x4c>)
 800582c:	4628      	mov	r0, r5
 800582e:	f7fb fba5 	bl	8000f7c <vListInitialise>
	vListInitialise( &xDelayedTaskList2 );
 8005832:	4c0b      	ldr	r4, [pc, #44]	@ (8005860 <prvInitialiseTaskLists+0x50>)
 8005834:	4620      	mov	r0, r4
 8005836:	f7fb fba1 	bl	8000f7c <vListInitialise>
	vListInitialise( &xPendingReadyList );
 800583a:	480a      	ldr	r0, [pc, #40]	@ (8005864 <prvInitialiseTaskLists+0x54>)
 800583c:	f7fb fb9e 	bl	8000f7c <vListInitialise>
		vListInitialise( &xTasksWaitingTermination );
 8005840:	4809      	ldr	r0, [pc, #36]	@ (8005868 <prvInitialiseTaskLists+0x58>)
 8005842:	f7fb fb9b 	bl	8000f7c <vListInitialise>
		vListInitialise( &xSuspendedTaskList );
 8005846:	4809      	ldr	r0, [pc, #36]	@ (800586c <prvInitialiseTaskLists+0x5c>)
 8005848:	f7fb fb98 	bl	8000f7c <vListInitialise>
	pxDelayedTaskList = &xDelayedTaskList1;
 800584c:	4b08      	ldr	r3, [pc, #32]	@ (8005870 <prvInitialiseTaskLists+0x60>)
 800584e:	601d      	str	r5, [r3, #0]
	pxOverflowDelayedTaskList = &xDelayedTaskList2;
 8005850:	4b08      	ldr	r3, [pc, #32]	@ (8005874 <prvInitialiseTaskLists+0x64>)
 8005852:	601c      	str	r4, [r3, #0]
}
 8005854:	bd38      	pop	{r3, r4, r5, pc}
 8005856:	bf00      	nop
 8005858:	2000473c 	.word	0x2000473c
 800585c:	20004728 	.word	0x20004728
 8005860:	20004714 	.word	0x20004714
 8005864:	200046f8 	.word	0x200046f8
 8005868:	200046e4 	.word	0x200046e4
 800586c:	200046cc 	.word	0x200046cc
 8005870:	20004710 	.word	0x20004710
 8005874:	2000470c 	.word	0x2000470c

08005878 <prvAddNewTaskToReadyList>:
{
 8005878:	b510      	push	{r4, lr}
 800587a:	4604      	mov	r4, r0
	taskENTER_CRITICAL();
 800587c:	f7fb fca2 	bl	80011c4 <vPortEnterCritical>
		uxCurrentNumberOfTasks++;
 8005880:	4a22      	ldr	r2, [pc, #136]	@ (800590c <prvAddNewTaskToReadyList+0x94>)
 8005882:	6813      	ldr	r3, [r2, #0]
 8005884:	3301      	adds	r3, #1
 8005886:	6013      	str	r3, [r2, #0]
		if( pxCurrentTCB == NULL )
 8005888:	4b21      	ldr	r3, [pc, #132]	@ (8005910 <prvAddNewTaskToReadyList+0x98>)
 800588a:	681b      	ldr	r3, [r3, #0]
 800588c:	b15b      	cbz	r3, 80058a6 <prvAddNewTaskToReadyList+0x2e>
			if( xSchedulerRunning == pdFALSE )
 800588e:	4b21      	ldr	r3, [pc, #132]	@ (8005914 <prvAddNewTaskToReadyList+0x9c>)
 8005890:	681b      	ldr	r3, [r3, #0]
 8005892:	b96b      	cbnz	r3, 80058b0 <prvAddNewTaskToReadyList+0x38>
				if( pxCurrentTCB->uxPriority <= pxNewTCB->uxPriority )
 8005894:	4b1e      	ldr	r3, [pc, #120]	@ (8005910 <prvAddNewTaskToReadyList+0x98>)
 8005896:	681b      	ldr	r3, [r3, #0]
 8005898:	6ada      	ldr	r2, [r3, #44]	@ 0x2c
 800589a:	6ae3      	ldr	r3, [r4, #44]	@ 0x2c
 800589c:	429a      	cmp	r2, r3
 800589e:	d807      	bhi.n	80058b0 <prvAddNewTaskToReadyList+0x38>
					pxCurrentTCB = pxNewTCB;
 80058a0:	4b1b      	ldr	r3, [pc, #108]	@ (8005910 <prvAddNewTaskToReadyList+0x98>)
 80058a2:	601c      	str	r4, [r3, #0]
 80058a4:	e004      	b.n	80058b0 <prvAddNewTaskToReadyList+0x38>
			pxCurrentTCB = pxNewTCB;
 80058a6:	4b1a      	ldr	r3, [pc, #104]	@ (8005910 <prvAddNewTaskToReadyList+0x98>)
 80058a8:	601c      	str	r4, [r3, #0]
			if( uxCurrentNumberOfTasks == ( UBaseType_t ) 1 )
 80058aa:	6813      	ldr	r3, [r2, #0]
 80058ac:	2b01      	cmp	r3, #1
 80058ae:	d029      	beq.n	8005904 <prvAddNewTaskToReadyList+0x8c>
		uxTaskNumber++;
 80058b0:	4a19      	ldr	r2, [pc, #100]	@ (8005918 <prvAddNewTaskToReadyList+0xa0>)
 80058b2:	6813      	ldr	r3, [r2, #0]
 80058b4:	3301      	adds	r3, #1
 80058b6:	6013      	str	r3, [r2, #0]
			pxNewTCB->uxTCBNumber = uxTaskNumber;
 80058b8:	6463      	str	r3, [r4, #68]	@ 0x44
		prvAddTaskToReadyList( pxNewTCB );
 80058ba:	6ae0      	ldr	r0, [r4, #44]	@ 0x2c
 80058bc:	4b17      	ldr	r3, [pc, #92]	@ (800591c <prvAddNewTaskToReadyList+0xa4>)
 80058be:	681b      	ldr	r3, [r3, #0]
 80058c0:	4298      	cmp	r0, r3
 80058c2:	d901      	bls.n	80058c8 <prvAddNewTaskToReadyList+0x50>
 80058c4:	4b15      	ldr	r3, [pc, #84]	@ (800591c <prvAddNewTaskToReadyList+0xa4>)
 80058c6:	6018      	str	r0, [r3, #0]
 80058c8:	eb00 0080 	add.w	r0, r0, r0, lsl #2
 80058cc:	1d21      	adds	r1, r4, #4
 80058ce:	4b14      	ldr	r3, [pc, #80]	@ (8005920 <prvAddNewTaskToReadyList+0xa8>)
 80058d0:	eb03 0080 	add.w	r0, r3, r0, lsl #2
 80058d4:	f7fb fb60 	bl	8000f98 <vListInsertEnd>
	taskEXIT_CRITICAL();
 80058d8:	f7fb fc96 	bl	8001208 <vPortExitCritical>
	if( xSchedulerRunning != pdFALSE )
 80058dc:	4b0d      	ldr	r3, [pc, #52]	@ (8005914 <prvAddNewTaskToReadyList+0x9c>)
 80058de:	681b      	ldr	r3, [r3, #0]
 80058e0:	b17b      	cbz	r3, 8005902 <prvAddNewTaskToReadyList+0x8a>
		if( pxCurrentTCB->uxPriority < pxNewTCB->uxPriority )
 80058e2:	4b0b      	ldr	r3, [pc, #44]	@ (8005910 <prvAddNewTaskToReadyList+0x98>)
 80058e4:	681b      	ldr	r3, [r3, #0]
 80058e6:	6ada      	ldr	r2, [r3, #44]	@ 0x2c
 80058e8:	6ae3      	ldr	r3, [r4, #44]	@ 0x2c
 80058ea:	429a      	cmp	r2, r3
 80058ec:	d209      	bcs.n	8005902 <prvAddNewTaskToReadyList+0x8a>
			taskYIELD_IF_USING_PREEMPTION();
 80058ee:	f04f 23e0 	mov.w	r3, #3758153728	@ 0xe000e000
 80058f2:	f04f 5280 	mov.w	r2, #268435456	@ 0x10000000
 80058f6:	f8c3 2d04 	str.w	r2, [r3, #3332]	@ 0xd04
 80058fa:	f3bf 8f4f 	dsb	sy
 80058fe:	f3bf 8f6f 	isb	sy
}
 8005902:	bd10      	pop	{r4, pc}
				prvInitialiseTaskLists();
 8005904:	f7ff ff84 	bl	8005810 <prvInitialiseTaskLists>
 8005908:	e7d2      	b.n	80058b0 <prvAddNewTaskToReadyList+0x38>
 800590a:	bf00      	nop
 800590c:	200046c8 	.word	0x200046c8
 8005910:	20004b9c 	.word	0x20004b9c
 8005914:	200046bc 	.word	0x200046bc
 8005918:	200046ac 	.word	0x200046ac
 800591c:	200046c0 	.word	0x200046c0
 8005920:	2000473c 	.word	0x2000473c

08005924 <prvDeleteTCB>:
	{
 8005924:	b510      	push	{r4, lr}
 8005926:	4604      	mov	r4, r0
			if( pxTCB->ucStaticallyAllocated == tskDYNAMICALLY_ALLOCATED_STACK_AND_TCB )
 8005928:	f890 3059 	ldrb.w	r3, [r0, #89]	@ 0x59
 800592c:	b163      	cbz	r3, 8005948 <prvDeleteTCB+0x24>
			else if( pxTCB->ucStaticallyAllocated == tskSTATICALLY_ALLOCATED_STACK_ONLY )
 800592e:	2b01      	cmp	r3, #1
 8005930:	d011      	beq.n	8005956 <prvDeleteTCB+0x32>
				configASSERT( pxTCB->ucStaticallyAllocated == tskSTATICALLY_ALLOCATED_STACK_AND_TCB	);
 8005932:	2b02      	cmp	r3, #2
 8005934:	d00e      	beq.n	8005954 <prvDeleteTCB+0x30>
 8005936:	f04f 0350 	mov.w	r3, #80	@ 0x50
 800593a:	f383 8811 	msr	BASEPRI, r3
 800593e:	f3bf 8f6f 	isb	sy
 8005942:	f3bf 8f4f 	dsb	sy
 8005946:	e7fe      	b.n	8005946 <prvDeleteTCB+0x22>
				vPortFree( pxTCB->pxStack );
 8005948:	6b00      	ldr	r0, [r0, #48]	@ 0x30
 800594a:	f7fb fa83 	bl	8000e54 <vPortFree>
				vPortFree( pxTCB );
 800594e:	4620      	mov	r0, r4
 8005950:	f7fb fa80 	bl	8000e54 <vPortFree>
	}
 8005954:	bd10      	pop	{r4, pc}
				vPortFree( pxTCB );
 8005956:	f7fb fa7d 	bl	8000e54 <vPortFree>
 800595a:	e7fb      	b.n	8005954 <prvDeleteTCB+0x30>

0800595c <prvCheckTasksWaitingTermination>:
		while( uxDeletedTasksWaitingCleanUp > ( UBaseType_t ) 0U )
 800595c:	4b0f      	ldr	r3, [pc, #60]	@ (800599c <prvCheckTasksWaitingTermination+0x40>)
 800595e:	681b      	ldr	r3, [r3, #0]
 8005960:	b1d3      	cbz	r3, 8005998 <prvCheckTasksWaitingTermination+0x3c>
{
 8005962:	b510      	push	{r4, lr}
			taskENTER_CRITICAL();
 8005964:	f7fb fc2e 	bl	80011c4 <vPortEnterCritical>
				pxTCB = listGET_OWNER_OF_HEAD_ENTRY( ( &xTasksWaitingTermination ) ); /*lint !e9079 void * is used as this macro is used with timers and co-routines too.  Alignment is known to be fine as the type of the pointer stored and retrieved is the same. */
 8005968:	4b0d      	ldr	r3, [pc, #52]	@ (80059a0 <prvCheckTasksWaitingTermination+0x44>)
 800596a:	68db      	ldr	r3, [r3, #12]
 800596c:	68dc      	ldr	r4, [r3, #12]
				( void ) uxListRemove( &( pxTCB->xStateListItem ) );
 800596e:	1d20      	adds	r0, r4, #4
 8005970:	f7fb fb36 	bl	8000fe0 <uxListRemove>
				--uxCurrentNumberOfTasks;
 8005974:	4a0b      	ldr	r2, [pc, #44]	@ (80059a4 <prvCheckTasksWaitingTermination+0x48>)
 8005976:	6813      	ldr	r3, [r2, #0]
 8005978:	3b01      	subs	r3, #1
 800597a:	6013      	str	r3, [r2, #0]
				--uxDeletedTasksWaitingCleanUp;
 800597c:	4a07      	ldr	r2, [pc, #28]	@ (800599c <prvCheckTasksWaitingTermination+0x40>)
 800597e:	6813      	ldr	r3, [r2, #0]
 8005980:	3b01      	subs	r3, #1
 8005982:	6013      	str	r3, [r2, #0]
			taskEXIT_CRITICAL();
 8005984:	f7fb fc40 	bl	8001208 <vPortExitCritical>
			prvDeleteTCB( pxTCB );
 8005988:	4620      	mov	r0, r4
 800598a:	f7ff ffcb 	bl	8005924 <prvDeleteTCB>
		while( uxDeletedTasksWaitingCleanUp > ( UBaseType_t ) 0U )
 800598e:	4b03      	ldr	r3, [pc, #12]	@ (800599c <prvCheckTasksWaitingTermination+0x40>)
 8005990:	681b      	ldr	r3, [r3, #0]
 8005992:	2b00      	cmp	r3, #0
 8005994:	d1e6      	bne.n	8005964 <prvCheckTasksWaitingTermination+0x8>
}
 8005996:	bd10      	pop	{r4, pc}
 8005998:	4770      	bx	lr
 800599a:	bf00      	nop
 800599c:	200046e0 	.word	0x200046e0
 80059a0:	200046e4 	.word	0x200046e4
 80059a4:	200046c8 	.word	0x200046c8

080059a8 <prvIdleTask>:
{
 80059a8:	b508      	push	{r3, lr}
		prvCheckTasksWaitingTermination();
 80059aa:	f7ff ffd7 	bl	800595c <prvCheckTasksWaitingTermination>
			if( listCURRENT_LIST_LENGTH( &( pxReadyTasksLists[ tskIDLE_PRIORITY ] ) ) > ( UBaseType_t ) 1 )
 80059ae:	4b07      	ldr	r3, [pc, #28]	@ (80059cc <prvIdleTask+0x24>)
 80059b0:	681b      	ldr	r3, [r3, #0]
 80059b2:	2b01      	cmp	r3, #1
 80059b4:	d9f9      	bls.n	80059aa <prvIdleTask+0x2>
				taskYIELD();
 80059b6:	f04f 23e0 	mov.w	r3, #3758153728	@ 0xe000e000
 80059ba:	f04f 5280 	mov.w	r2, #268435456	@ 0x10000000
 80059be:	f8c3 2d04 	str.w	r2, [r3, #3332]	@ 0xd04
 80059c2:	f3bf 8f4f 	dsb	sy
 80059c6:	f3bf 8f6f 	isb	sy
 80059ca:	e7ee      	b.n	80059aa <prvIdleTask+0x2>
 80059cc:	2000473c 	.word	0x2000473c

080059d0 <prvAddCurrentTaskToDelayedList>:

#endif
/*-----------------------------------------------------------*/

static void prvAddCurrentTaskToDelayedList( TickType_t xTicksToWait, const BaseType_t xCanBlockIndefinitely )
{
 80059d0:	b570      	push	{r4, r5, r6, lr}
 80059d2:	4604      	mov	r4, r0
 80059d4:	460d      	mov	r5, r1
TickType_t xTimeToWake;
const TickType_t xConstTickCount = xTickCount;
 80059d6:	4b17      	ldr	r3, [pc, #92]	@ (8005a34 <prvAddCurrentTaskToDelayedList+0x64>)
 80059d8:	681e      	ldr	r6, [r3, #0]
	}
	#endif

	/* Remove the task from the ready list before adding it to the blocked list
	as the same list item is used for both lists. */
	if( uxListRemove( &( pxCurrentTCB->xStateListItem ) ) == ( UBaseType_t ) 0 )
 80059da:	4b17      	ldr	r3, [pc, #92]	@ (8005a38 <prvAddCurrentTaskToDelayedList+0x68>)
 80059dc:	6818      	ldr	r0, [r3, #0]
 80059de:	3004      	adds	r0, #4
 80059e0:	f7fb fafe 	bl	8000fe0 <uxListRemove>
		mtCOVERAGE_TEST_MARKER();
	}

	#if ( INCLUDE_vTaskSuspend == 1 )
	{
		if( ( xTicksToWait == portMAX_DELAY ) && ( xCanBlockIndefinitely != pdFALSE ) )
 80059e4:	f1b4 3fff 	cmp.w	r4, #4294967295	@ 0xffffffff
 80059e8:	d00d      	beq.n	8005a06 <prvAddCurrentTaskToDelayedList+0x36>
		else
		{
			/* Calculate the time at which the task should be woken if the event
			does not occur.  This may overflow but this doesn't matter, the
			kernel will manage it correctly. */
			xTimeToWake = xConstTickCount + xTicksToWait;
 80059ea:	4434      	add	r4, r6

			/* The list item will be inserted in wake time order. */
			listSET_LIST_ITEM_VALUE( &( pxCurrentTCB->xStateListItem ), xTimeToWake );
 80059ec:	4b12      	ldr	r3, [pc, #72]	@ (8005a38 <prvAddCurrentTaskToDelayedList+0x68>)
 80059ee:	681b      	ldr	r3, [r3, #0]
 80059f0:	605c      	str	r4, [r3, #4]

			if( xTimeToWake < xConstTickCount )
 80059f2:	42a6      	cmp	r6, r4
 80059f4:	d910      	bls.n	8005a18 <prvAddCurrentTaskToDelayedList+0x48>
			{
				/* Wake time has overflowed.  Place this item in the overflow
				list. */
				vListInsert( pxOverflowDelayedTaskList, &( pxCurrentTCB->xStateListItem ) );
 80059f6:	4b11      	ldr	r3, [pc, #68]	@ (8005a3c <prvAddCurrentTaskToDelayedList+0x6c>)
 80059f8:	6818      	ldr	r0, [r3, #0]
 80059fa:	4b0f      	ldr	r3, [pc, #60]	@ (8005a38 <prvAddCurrentTaskToDelayedList+0x68>)
 80059fc:	6819      	ldr	r1, [r3, #0]
 80059fe:	3104      	adds	r1, #4
 8005a00:	f7fb fad5 	bl	8000fae <vListInsert>

		/* Avoid compiler warning when INCLUDE_vTaskSuspend is not 1. */
		( void ) xCanBlockIndefinitely;
	}
	#endif /* INCLUDE_vTaskSuspend */
}
 8005a04:	bd70      	pop	{r4, r5, r6, pc}
		if( ( xTicksToWait == portMAX_DELAY ) && ( xCanBlockIndefinitely != pdFALSE ) )
 8005a06:	2d00      	cmp	r5, #0
 8005a08:	d0ef      	beq.n	80059ea <prvAddCurrentTaskToDelayedList+0x1a>
			vListInsertEnd( &xSuspendedTaskList, &( pxCurrentTCB->xStateListItem ) );
 8005a0a:	4b0b      	ldr	r3, [pc, #44]	@ (8005a38 <prvAddCurrentTaskToDelayedList+0x68>)
 8005a0c:	6819      	ldr	r1, [r3, #0]
 8005a0e:	3104      	adds	r1, #4
 8005a10:	480b      	ldr	r0, [pc, #44]	@ (8005a40 <prvAddCurrentTaskToDelayedList+0x70>)
 8005a12:	f7fb fac1 	bl	8000f98 <vListInsertEnd>
 8005a16:	e7f5      	b.n	8005a04 <prvAddCurrentTaskToDelayedList+0x34>
				vListInsert( pxDelayedTaskList, &( pxCurrentTCB->xStateListItem ) );
 8005a18:	4b0a      	ldr	r3, [pc, #40]	@ (8005a44 <prvAddCurrentTaskToDelayedList+0x74>)
 8005a1a:	6818      	ldr	r0, [r3, #0]
 8005a1c:	4b06      	ldr	r3, [pc, #24]	@ (8005a38 <prvAddCurrentTaskToDelayedList+0x68>)
 8005a1e:	6819      	ldr	r1, [r3, #0]
 8005a20:	3104      	adds	r1, #4
 8005a22:	f7fb fac4 	bl	8000fae <vListInsert>
				if( xTimeToWake < xNextTaskUnblockTime )
 8005a26:	4b08      	ldr	r3, [pc, #32]	@ (8005a48 <prvAddCurrentTaskToDelayedList+0x78>)
 8005a28:	681b      	ldr	r3, [r3, #0]
 8005a2a:	42a3      	cmp	r3, r4
 8005a2c:	d9ea      	bls.n	8005a04 <prvAddCurrentTaskToDelayedList+0x34>
					xNextTaskUnblockTime = xTimeToWake;
 8005a2e:	4b06      	ldr	r3, [pc, #24]	@ (8005a48 <prvAddCurrentTaskToDelayedList+0x78>)
 8005a30:	601c      	str	r4, [r3, #0]
}
 8005a32:	e7e7      	b.n	8005a04 <prvAddCurrentTaskToDelayedList+0x34>
 8005a34:	200046c4 	.word	0x200046c4
 8005a38:	20004b9c 	.word	0x20004b9c
 8005a3c:	2000470c 	.word	0x2000470c
 8005a40:	200046cc 	.word	0x200046cc
 8005a44:	20004710 	.word	0x20004710
 8005a48:	200046a8 	.word	0x200046a8

08005a4c <xTaskCreateStatic>:
	{
 8005a4c:	b530      	push	{r4, r5, lr}
 8005a4e:	b087      	sub	sp, #28
 8005a50:	9c0b      	ldr	r4, [sp, #44]	@ 0x2c
		configASSERT( puxStackBuffer != NULL );
 8005a52:	b17c      	cbz	r4, 8005a74 <xTaskCreateStatic+0x28>
		configASSERT( pxTaskBuffer != NULL );
 8005a54:	9d0c      	ldr	r5, [sp, #48]	@ 0x30
 8005a56:	b1b5      	cbz	r5, 8005a86 <xTaskCreateStatic+0x3a>
			volatile size_t xSize = sizeof( StaticTask_t );
 8005a58:	255c      	movs	r5, #92	@ 0x5c
 8005a5a:	9504      	str	r5, [sp, #16]
			configASSERT( xSize == sizeof( TCB_t ) );
 8005a5c:	9d04      	ldr	r5, [sp, #16]
 8005a5e:	2d5c      	cmp	r5, #92	@ 0x5c
 8005a60:	d01a      	beq.n	8005a98 <xTaskCreateStatic+0x4c>
 8005a62:	f04f 0350 	mov.w	r3, #80	@ 0x50
 8005a66:	f383 8811 	msr	BASEPRI, r3
 8005a6a:	f3bf 8f6f 	isb	sy
 8005a6e:	f3bf 8f4f 	dsb	sy
 8005a72:	e7fe      	b.n	8005a72 <xTaskCreateStatic+0x26>
 8005a74:	f04f 0350 	mov.w	r3, #80	@ 0x50
 8005a78:	f383 8811 	msr	BASEPRI, r3
 8005a7c:	f3bf 8f6f 	isb	sy
 8005a80:	f3bf 8f4f 	dsb	sy
		configASSERT( puxStackBuffer != NULL );
 8005a84:	e7fe      	b.n	8005a84 <xTaskCreateStatic+0x38>
 8005a86:	f04f 0350 	mov.w	r3, #80	@ 0x50
 8005a8a:	f383 8811 	msr	BASEPRI, r3
 8005a8e:	f3bf 8f6f 	isb	sy
 8005a92:	f3bf 8f4f 	dsb	sy
		configASSERT( pxTaskBuffer != NULL );
 8005a96:	e7fe      	b.n	8005a96 <xTaskCreateStatic+0x4a>
			( void ) xSize; /* Prevent lint warning when configASSERT() is not used. */
 8005a98:	9d04      	ldr	r5, [sp, #16]
			pxNewTCB->pxStack = ( StackType_t * ) puxStackBuffer;
 8005a9a:	9d0c      	ldr	r5, [sp, #48]	@ 0x30
 8005a9c:	632c      	str	r4, [r5, #48]	@ 0x30
				pxNewTCB->ucStaticallyAllocated = tskSTATICALLY_ALLOCATED_STACK_AND_TCB;
 8005a9e:	2402      	movs	r4, #2
 8005aa0:	f885 4059 	strb.w	r4, [r5, #89]	@ 0x59
			prvInitialiseNewTask( pxTaskCode, pcName, ulStackDepth, pvParameters, uxPriority, &xReturn, pxNewTCB, NULL );
 8005aa4:	2400      	movs	r4, #0
 8005aa6:	9403      	str	r4, [sp, #12]
 8005aa8:	9502      	str	r5, [sp, #8]
 8005aaa:	ac05      	add	r4, sp, #20
 8005aac:	9401      	str	r4, [sp, #4]
 8005aae:	9c0a      	ldr	r4, [sp, #40]	@ 0x28
 8005ab0:	9400      	str	r4, [sp, #0]
 8005ab2:	f7ff fe5b 	bl	800576c <prvInitialiseNewTask>
			prvAddNewTaskToReadyList( pxNewTCB );
 8005ab6:	980c      	ldr	r0, [sp, #48]	@ 0x30
 8005ab8:	f7ff fede 	bl	8005878 <prvAddNewTaskToReadyList>
	}
 8005abc:	9805      	ldr	r0, [sp, #20]
 8005abe:	b007      	add	sp, #28
 8005ac0:	bd30      	pop	{r4, r5, pc}

08005ac2 <xTaskCreate>:
	{
 8005ac2:	e92d 43f0 	stmdb	sp!, {r4, r5, r6, r7, r8, r9, lr}
 8005ac6:	b085      	sub	sp, #20
 8005ac8:	4607      	mov	r7, r0
 8005aca:	4688      	mov	r8, r1
 8005acc:	4614      	mov	r4, r2
 8005ace:	461e      	mov	r6, r3
			pxStack = pvPortMalloc( ( ( ( size_t ) usStackDepth ) * sizeof( StackType_t ) ) ); /*lint !e9079 All values returned by pvPortMalloc() have at least the alignment required by the MCU's stack and this allocation is the stack. */
 8005ad0:	0090      	lsls	r0, r2, #2
 8005ad2:	f7fb f93d 	bl	8000d50 <pvPortMalloc>
			if( pxStack != NULL )
 8005ad6:	b308      	cbz	r0, 8005b1c <xTaskCreate+0x5a>
 8005ad8:	4681      	mov	r9, r0
				pxNewTCB = ( TCB_t * ) pvPortMalloc( sizeof( TCB_t ) ); /*lint !e9087 !e9079 All values returned by pvPortMalloc() have at least the alignment required by the MCU's stack, and the first member of TCB_t is always a pointer to the task's stack. */
 8005ada:	205c      	movs	r0, #92	@ 0x5c
 8005adc:	f7fb f938 	bl	8000d50 <pvPortMalloc>
				if( pxNewTCB != NULL )
 8005ae0:	4605      	mov	r5, r0
 8005ae2:	b1a8      	cbz	r0, 8005b10 <xTaskCreate+0x4e>
					pxNewTCB->pxStack = pxStack;
 8005ae4:	f8c0 9030 	str.w	r9, [r0, #48]	@ 0x30
				pxNewTCB->ucStaticallyAllocated = tskDYNAMICALLY_ALLOCATED_STACK_AND_TCB;
 8005ae8:	2300      	movs	r3, #0
 8005aea:	f880 3059 	strb.w	r3, [r0, #89]	@ 0x59
			prvInitialiseNewTask( pxTaskCode, pcName, ( uint32_t ) usStackDepth, pvParameters, uxPriority, pxCreatedTask, pxNewTCB, NULL );
 8005aee:	9303      	str	r3, [sp, #12]
 8005af0:	9002      	str	r0, [sp, #8]
 8005af2:	9b0d      	ldr	r3, [sp, #52]	@ 0x34
 8005af4:	9301      	str	r3, [sp, #4]
 8005af6:	9b0c      	ldr	r3, [sp, #48]	@ 0x30
 8005af8:	9300      	str	r3, [sp, #0]
 8005afa:	4633      	mov	r3, r6
 8005afc:	4622      	mov	r2, r4
 8005afe:	4641      	mov	r1, r8
 8005b00:	4638      	mov	r0, r7
 8005b02:	f7ff fe33 	bl	800576c <prvInitialiseNewTask>
			prvAddNewTaskToReadyList( pxNewTCB );
 8005b06:	4628      	mov	r0, r5
 8005b08:	f7ff feb6 	bl	8005878 <prvAddNewTaskToReadyList>
			xReturn = pdPASS;
 8005b0c:	2001      	movs	r0, #1
 8005b0e:	e007      	b.n	8005b20 <xTaskCreate+0x5e>
					vPortFree( pxStack );
 8005b10:	4648      	mov	r0, r9
 8005b12:	f7fb f99f 	bl	8000e54 <vPortFree>
			xReturn = errCOULD_NOT_ALLOCATE_REQUIRED_MEMORY;
 8005b16:	f04f 30ff 	mov.w	r0, #4294967295	@ 0xffffffff
 8005b1a:	e001      	b.n	8005b20 <xTaskCreate+0x5e>
 8005b1c:	f04f 30ff 	mov.w	r0, #4294967295	@ 0xffffffff
	}
 8005b20:	b005      	add	sp, #20
 8005b22:	e8bd 83f0 	ldmia.w	sp!, {r4, r5, r6, r7, r8, r9, pc}
	...

08005b28 <vTaskStartScheduler>:
{
 8005b28:	b510      	push	{r4, lr}
 8005b2a:	b088      	sub	sp, #32
		StaticTask_t *pxIdleTaskTCBBuffer = NULL;
 8005b2c:	2400      	movs	r4, #0
 8005b2e:	9405      	str	r4, [sp, #20]
		StackType_t *pxIdleTaskStackBuffer = NULL;
 8005b30:	9406      	str	r4, [sp, #24]
		vApplicationGetIdleTaskMemory( &pxIdleTaskTCBBuffer, &pxIdleTaskStackBuffer, &ulIdleTaskStackSize );
 8005b32:	aa07      	add	r2, sp, #28
 8005b34:	a906      	add	r1, sp, #24
 8005b36:	a805      	add	r0, sp, #20
 8005b38:	f7fa fcc8 	bl	80004cc <vApplicationGetIdleTaskMemory>
		xIdleTaskHandle = xTaskCreateStatic(	prvIdleTask,
 8005b3c:	9b05      	ldr	r3, [sp, #20]
 8005b3e:	9302      	str	r3, [sp, #8]
 8005b40:	9b06      	ldr	r3, [sp, #24]
 8005b42:	9301      	str	r3, [sp, #4]
 8005b44:	9400      	str	r4, [sp, #0]
 8005b46:	4623      	mov	r3, r4
 8005b48:	9a07      	ldr	r2, [sp, #28]
 8005b4a:	4917      	ldr	r1, [pc, #92]	@ (8005ba8 <vTaskStartScheduler+0x80>)
 8005b4c:	4817      	ldr	r0, [pc, #92]	@ (8005bac <vTaskStartScheduler+0x84>)
 8005b4e:	f7ff ff7d 	bl	8005a4c <xTaskCreateStatic>
 8005b52:	4b17      	ldr	r3, [pc, #92]	@ (8005bb0 <vTaskStartScheduler+0x88>)
 8005b54:	6018      	str	r0, [r3, #0]
		if( xIdleTaskHandle != NULL )
 8005b56:	b1c0      	cbz	r0, 8005b8a <vTaskStartScheduler+0x62>
			xReturn = xTimerCreateTimerTask();
 8005b58:	f000 fcaa 	bl	80064b0 <xTimerCreateTimerTask>
	if( xReturn == pdPASS )
 8005b5c:	2801      	cmp	r0, #1
 8005b5e:	d115      	bne.n	8005b8c <vTaskStartScheduler+0x64>
 8005b60:	f04f 0350 	mov.w	r3, #80	@ 0x50
 8005b64:	f383 8811 	msr	BASEPRI, r3
 8005b68:	f3bf 8f6f 	isb	sy
 8005b6c:	f3bf 8f4f 	dsb	sy
		xNextTaskUnblockTime = portMAX_DELAY;
 8005b70:	4b10      	ldr	r3, [pc, #64]	@ (8005bb4 <vTaskStartScheduler+0x8c>)
 8005b72:	f04f 32ff 	mov.w	r2, #4294967295	@ 0xffffffff
 8005b76:	601a      	str	r2, [r3, #0]
		xSchedulerRunning = pdTRUE;
 8005b78:	4b0f      	ldr	r3, [pc, #60]	@ (8005bb8 <vTaskStartScheduler+0x90>)
 8005b7a:	2201      	movs	r2, #1
 8005b7c:	601a      	str	r2, [r3, #0]
		xTickCount = ( TickType_t ) configINITIAL_TICK_COUNT;
 8005b7e:	4b0f      	ldr	r3, [pc, #60]	@ (8005bbc <vTaskStartScheduler+0x94>)
 8005b80:	2200      	movs	r2, #0
 8005b82:	601a      	str	r2, [r3, #0]
		if( xPortStartScheduler() != pdFALSE )
 8005b84:	f7fb fbb8 	bl	80012f8 <xPortStartScheduler>
		}
 8005b88:	e003      	b.n	8005b92 <vTaskStartScheduler+0x6a>
			xReturn = pdFAIL;
 8005b8a:	2000      	movs	r0, #0
		configASSERT( xReturn != errCOULD_NOT_ALLOCATE_REQUIRED_MEMORY );
 8005b8c:	f1b0 3fff 	cmp.w	r0, #4294967295	@ 0xffffffff
 8005b90:	d001      	beq.n	8005b96 <vTaskStartScheduler+0x6e>
}
 8005b92:	b008      	add	sp, #32
 8005b94:	bd10      	pop	{r4, pc}
 8005b96:	f04f 0350 	mov.w	r3, #80	@ 0x50
 8005b9a:	f383 8811 	msr	BASEPRI, r3
 8005b9e:	f3bf 8f6f 	isb	sy
 8005ba2:	f3bf 8f4f 	dsb	sy
		configASSERT( xReturn != errCOULD_NOT_ALLOCATE_REQUIRED_MEMORY );
 8005ba6:	e7fe      	b.n	8005ba6 <vTaskStartScheduler+0x7e>
 8005ba8:	08008dcc 	.word	0x08008dcc
 8005bac:	080059a9 	.word	0x080059a9
 8005bb0:	200046a4 	.word	0x200046a4
 8005bb4:	200046a8 	.word	0x200046a8
 8005bb8:	200046bc 	.word	0x200046bc
 8005bbc:	200046c4 	.word	0x200046c4

08005bc0 <vTaskSuspendAll>:
	++uxSchedulerSuspended;
 8005bc0:	4a02      	ldr	r2, [pc, #8]	@ (8005bcc <vTaskSuspendAll+0xc>)
 8005bc2:	6813      	ldr	r3, [r2, #0]
 8005bc4:	3301      	adds	r3, #1
 8005bc6:	6013      	str	r3, [r2, #0]
}
 8005bc8:	4770      	bx	lr
 8005bca:	bf00      	nop
 8005bcc:	200046a0 	.word	0x200046a0

08005bd0 <xTaskGetTickCount>:
		xTicks = xTickCount;
 8005bd0:	4b01      	ldr	r3, [pc, #4]	@ (8005bd8 <xTaskGetTickCount+0x8>)
 8005bd2:	6818      	ldr	r0, [r3, #0]
}
 8005bd4:	4770      	bx	lr
 8005bd6:	bf00      	nop
 8005bd8:	200046c4 	.word	0x200046c4

08005bdc <xTaskGetTickCountFromISR>:
{
 8005bdc:	b508      	push	{r3, lr}
	portASSERT_IF_INTERRUPT_PRIORITY_INVALID();
 8005bde:	f7fb fc17 	bl	8001410 <vPortValidateInterruptPriority>
		xReturn = xTickCount;
 8005be2:	4b01      	ldr	r3, [pc, #4]	@ (8005be8 <xTaskGetTickCountFromISR+0xc>)
 8005be4:	6818      	ldr	r0, [r3, #0]
}
 8005be6:	bd08      	pop	{r3, pc}
 8005be8:	200046c4 	.word	0x200046c4

08005bec <xTaskIncrementTick>:
{
 8005bec:	b5f8      	push	{r3, r4, r5, r6, r7, lr}
	if( uxSchedulerSuspended == ( UBaseType_t ) pdFALSE )
 8005bee:	4b3a      	ldr	r3, [pc, #232]	@ (8005cd8 <xTaskIncrementTick+0xec>)
 8005bf0:	681b      	ldr	r3, [r3, #0]
 8005bf2:	2b00      	cmp	r3, #0
 8005bf4:	d169      	bne.n	8005cca <xTaskIncrementTick+0xde>
		const TickType_t xConstTickCount = xTickCount + ( TickType_t ) 1;
 8005bf6:	4b39      	ldr	r3, [pc, #228]	@ (8005cdc <xTaskIncrementTick+0xf0>)
 8005bf8:	681d      	ldr	r5, [r3, #0]
 8005bfa:	3501      	adds	r5, #1
		xTickCount = xConstTickCount;
 8005bfc:	601d      	str	r5, [r3, #0]
		if( xConstTickCount == ( TickType_t ) 0U ) /*lint !e774 'if' does not always evaluate to false as it is looking for an overflow. */
 8005bfe:	b9c5      	cbnz	r5, 8005c32 <xTaskIncrementTick+0x46>
			taskSWITCH_DELAYED_LISTS();
 8005c00:	4b37      	ldr	r3, [pc, #220]	@ (8005ce0 <xTaskIncrementTick+0xf4>)
 8005c02:	681b      	ldr	r3, [r3, #0]
 8005c04:	681b      	ldr	r3, [r3, #0]
 8005c06:	b143      	cbz	r3, 8005c1a <xTaskIncrementTick+0x2e>
 8005c08:	f04f 0350 	mov.w	r3, #80	@ 0x50
 8005c0c:	f383 8811 	msr	BASEPRI, r3
 8005c10:	f3bf 8f6f 	isb	sy
 8005c14:	f3bf 8f4f 	dsb	sy
 8005c18:	e7fe      	b.n	8005c18 <xTaskIncrementTick+0x2c>
 8005c1a:	4a31      	ldr	r2, [pc, #196]	@ (8005ce0 <xTaskIncrementTick+0xf4>)
 8005c1c:	6811      	ldr	r1, [r2, #0]
 8005c1e:	4b31      	ldr	r3, [pc, #196]	@ (8005ce4 <xTaskIncrementTick+0xf8>)
 8005c20:	6818      	ldr	r0, [r3, #0]
 8005c22:	6010      	str	r0, [r2, #0]
 8005c24:	6019      	str	r1, [r3, #0]
 8005c26:	4a30      	ldr	r2, [pc, #192]	@ (8005ce8 <xTaskIncrementTick+0xfc>)
 8005c28:	6813      	ldr	r3, [r2, #0]
 8005c2a:	3301      	adds	r3, #1
 8005c2c:	6013      	str	r3, [r2, #0]
 8005c2e:	f7ff fd87 	bl	8005740 <prvResetNextTaskUnblockTime>
		if( xConstTickCount >= xNextTaskUnblockTime )
 8005c32:	4b2e      	ldr	r3, [pc, #184]	@ (8005cec <xTaskIncrementTick+0x100>)
 8005c34:	681b      	ldr	r3, [r3, #0]
 8005c36:	42ab      	cmp	r3, r5
 8005c38:	d93d      	bls.n	8005cb6 <xTaskIncrementTick+0xca>
BaseType_t xSwitchRequired = pdFALSE;
 8005c3a:	2700      	movs	r7, #0
			if( listCURRENT_LIST_LENGTH( &( pxReadyTasksLists[ pxCurrentTCB->uxPriority ] ) ) > ( UBaseType_t ) 1 )
 8005c3c:	4b2c      	ldr	r3, [pc, #176]	@ (8005cf0 <xTaskIncrementTick+0x104>)
 8005c3e:	681b      	ldr	r3, [r3, #0]
 8005c40:	6adb      	ldr	r3, [r3, #44]	@ 0x2c
 8005c42:	eb03 0383 	add.w	r3, r3, r3, lsl #2
 8005c46:	009a      	lsls	r2, r3, #2
 8005c48:	4b2a      	ldr	r3, [pc, #168]	@ (8005cf4 <xTaskIncrementTick+0x108>)
 8005c4a:	589b      	ldr	r3, [r3, r2]
 8005c4c:	2b01      	cmp	r3, #1
 8005c4e:	d900      	bls.n	8005c52 <xTaskIncrementTick+0x66>
				xSwitchRequired = pdTRUE;
 8005c50:	2701      	movs	r7, #1
			if( xYieldPending != pdFALSE )
 8005c52:	4b29      	ldr	r3, [pc, #164]	@ (8005cf8 <xTaskIncrementTick+0x10c>)
 8005c54:	681b      	ldr	r3, [r3, #0]
 8005c56:	2b00      	cmp	r3, #0
 8005c58:	d03c      	beq.n	8005cd4 <xTaskIncrementTick+0xe8>
				xSwitchRequired = pdTRUE;
 8005c5a:	2701      	movs	r7, #1
	return xSwitchRequired;
 8005c5c:	e03a      	b.n	8005cd4 <xTaskIncrementTick+0xe8>
							xSwitchRequired = pdTRUE;
 8005c5e:	2701      	movs	r7, #1
				if( listLIST_IS_EMPTY( pxDelayedTaskList ) != pdFALSE )
 8005c60:	4b1f      	ldr	r3, [pc, #124]	@ (8005ce0 <xTaskIncrementTick+0xf4>)
 8005c62:	681b      	ldr	r3, [r3, #0]
 8005c64:	681b      	ldr	r3, [r3, #0]
 8005c66:	b343      	cbz	r3, 8005cba <xTaskIncrementTick+0xce>
					pxTCB = listGET_OWNER_OF_HEAD_ENTRY( pxDelayedTaskList ); /*lint !e9079 void * is used as this macro is used with timers and co-routines too.  Alignment is known to be fine as the type of the pointer stored and retrieved is the same. */
 8005c68:	4b1d      	ldr	r3, [pc, #116]	@ (8005ce0 <xTaskIncrementTick+0xf4>)
 8005c6a:	681b      	ldr	r3, [r3, #0]
 8005c6c:	68db      	ldr	r3, [r3, #12]
 8005c6e:	68dc      	ldr	r4, [r3, #12]
					xItemValue = listGET_LIST_ITEM_VALUE( &( pxTCB->xStateListItem ) );
 8005c70:	6863      	ldr	r3, [r4, #4]
					if( xConstTickCount < xItemValue )
 8005c72:	429d      	cmp	r5, r3
 8005c74:	d326      	bcc.n	8005cc4 <xTaskIncrementTick+0xd8>
					( void ) uxListRemove( &( pxTCB->xStateListItem ) );
 8005c76:	1d26      	adds	r6, r4, #4
 8005c78:	4630      	mov	r0, r6
 8005c7a:	f7fb f9b1 	bl	8000fe0 <uxListRemove>
					if( listLIST_ITEM_CONTAINER( &( pxTCB->xEventListItem ) ) != NULL )
 8005c7e:	6aa3      	ldr	r3, [r4, #40]	@ 0x28
 8005c80:	b11b      	cbz	r3, 8005c8a <xTaskIncrementTick+0x9e>
						( void ) uxListRemove( &( pxTCB->xEventListItem ) );
 8005c82:	f104 0018 	add.w	r0, r4, #24
 8005c86:	f7fb f9ab 	bl	8000fe0 <uxListRemove>
					prvAddTaskToReadyList( pxTCB );
 8005c8a:	6ae3      	ldr	r3, [r4, #44]	@ 0x2c
 8005c8c:	4a1b      	ldr	r2, [pc, #108]	@ (8005cfc <xTaskIncrementTick+0x110>)
 8005c8e:	6812      	ldr	r2, [r2, #0]
 8005c90:	4293      	cmp	r3, r2
 8005c92:	d901      	bls.n	8005c98 <xTaskIncrementTick+0xac>
 8005c94:	4a19      	ldr	r2, [pc, #100]	@ (8005cfc <xTaskIncrementTick+0x110>)
 8005c96:	6013      	str	r3, [r2, #0]
 8005c98:	eb03 0383 	add.w	r3, r3, r3, lsl #2
 8005c9c:	009a      	lsls	r2, r3, #2
 8005c9e:	4631      	mov	r1, r6
 8005ca0:	4814      	ldr	r0, [pc, #80]	@ (8005cf4 <xTaskIncrementTick+0x108>)
 8005ca2:	4410      	add	r0, r2
 8005ca4:	f7fb f978 	bl	8000f98 <vListInsertEnd>
						if( pxTCB->uxPriority >= pxCurrentTCB->uxPriority )
 8005ca8:	6ae2      	ldr	r2, [r4, #44]	@ 0x2c
 8005caa:	4b11      	ldr	r3, [pc, #68]	@ (8005cf0 <xTaskIncrementTick+0x104>)
 8005cac:	681b      	ldr	r3, [r3, #0]
 8005cae:	6adb      	ldr	r3, [r3, #44]	@ 0x2c
 8005cb0:	429a      	cmp	r2, r3
 8005cb2:	d2d4      	bcs.n	8005c5e <xTaskIncrementTick+0x72>
 8005cb4:	e7d4      	b.n	8005c60 <xTaskIncrementTick+0x74>
BaseType_t xSwitchRequired = pdFALSE;
 8005cb6:	2700      	movs	r7, #0
 8005cb8:	e7d2      	b.n	8005c60 <xTaskIncrementTick+0x74>
					xNextTaskUnblockTime = portMAX_DELAY; /*lint !e961 MISRA exception as the casts are only redundant for some ports. */
 8005cba:	4b0c      	ldr	r3, [pc, #48]	@ (8005cec <xTaskIncrementTick+0x100>)
 8005cbc:	f04f 32ff 	mov.w	r2, #4294967295	@ 0xffffffff
 8005cc0:	601a      	str	r2, [r3, #0]
					break;
 8005cc2:	e7bb      	b.n	8005c3c <xTaskIncrementTick+0x50>
						xNextTaskUnblockTime = xItemValue;
 8005cc4:	4a09      	ldr	r2, [pc, #36]	@ (8005cec <xTaskIncrementTick+0x100>)
 8005cc6:	6013      	str	r3, [r2, #0]
						break; /*lint !e9011 Code structure here is deedmed easier to understand with multiple breaks. */
 8005cc8:	e7b8      	b.n	8005c3c <xTaskIncrementTick+0x50>
		++xPendedTicks;
 8005cca:	4a0d      	ldr	r2, [pc, #52]	@ (8005d00 <xTaskIncrementTick+0x114>)
 8005ccc:	6813      	ldr	r3, [r2, #0]
 8005cce:	3301      	adds	r3, #1
 8005cd0:	6013      	str	r3, [r2, #0]
BaseType_t xSwitchRequired = pdFALSE;
 8005cd2:	2700      	movs	r7, #0
}
 8005cd4:	4638      	mov	r0, r7
 8005cd6:	bdf8      	pop	{r3, r4, r5, r6, r7, pc}
 8005cd8:	200046a0 	.word	0x200046a0
 8005cdc:	200046c4 	.word	0x200046c4
 8005ce0:	20004710 	.word	0x20004710
 8005ce4:	2000470c 	.word	0x2000470c
 8005ce8:	200046b0 	.word	0x200046b0
 8005cec:	200046a8 	.word	0x200046a8
 8005cf0:	20004b9c 	.word	0x20004b9c
 8005cf4:	2000473c 	.word	0x2000473c
 8005cf8:	200046b4 	.word	0x200046b4
 8005cfc:	200046c0 	.word	0x200046c0
 8005d00:	200046b8 	.word	0x200046b8

08005d04 <xTaskResumeAll>:
{
 8005d04:	b538      	push	{r3, r4, r5, lr}
	configASSERT( uxSchedulerSuspended );
 8005d06:	4b35      	ldr	r3, [pc, #212]	@ (8005ddc <xTaskResumeAll+0xd8>)
 8005d08:	681b      	ldr	r3, [r3, #0]
 8005d0a:	b943      	cbnz	r3, 8005d1e <xTaskResumeAll+0x1a>
 8005d0c:	f04f 0350 	mov.w	r3, #80	@ 0x50
 8005d10:	f383 8811 	msr	BASEPRI, r3
 8005d14:	f3bf 8f6f 	isb	sy
 8005d18:	f3bf 8f4f 	dsb	sy
 8005d1c:	e7fe      	b.n	8005d1c <xTaskResumeAll+0x18>
	taskENTER_CRITICAL();
 8005d1e:	f7fb fa51 	bl	80011c4 <vPortEnterCritical>
		--uxSchedulerSuspended;
 8005d22:	4b2e      	ldr	r3, [pc, #184]	@ (8005ddc <xTaskResumeAll+0xd8>)
 8005d24:	681a      	ldr	r2, [r3, #0]
 8005d26:	3a01      	subs	r2, #1
 8005d28:	601a      	str	r2, [r3, #0]
		if( uxSchedulerSuspended == ( UBaseType_t ) pdFALSE )
 8005d2a:	681b      	ldr	r3, [r3, #0]
 8005d2c:	2b00      	cmp	r3, #0
 8005d2e:	d14f      	bne.n	8005dd0 <xTaskResumeAll+0xcc>
			if( uxCurrentNumberOfTasks > ( UBaseType_t ) 0U )
 8005d30:	4b2b      	ldr	r3, [pc, #172]	@ (8005de0 <xTaskResumeAll+0xdc>)
 8005d32:	681b      	ldr	r3, [r3, #0]
 8005d34:	b90b      	cbnz	r3, 8005d3a <xTaskResumeAll+0x36>
BaseType_t xAlreadyYielded = pdFALSE;
 8005d36:	2400      	movs	r4, #0
 8005d38:	e04b      	b.n	8005dd2 <xTaskResumeAll+0xce>
TCB_t *pxTCB = NULL;
 8005d3a:	2400      	movs	r4, #0
				while( listLIST_IS_EMPTY( &xPendingReadyList ) == pdFALSE )
 8005d3c:	4b29      	ldr	r3, [pc, #164]	@ (8005de4 <xTaskResumeAll+0xe0>)
 8005d3e:	681b      	ldr	r3, [r3, #0]
 8005d40:	b31b      	cbz	r3, 8005d8a <xTaskResumeAll+0x86>
					pxTCB = listGET_OWNER_OF_HEAD_ENTRY( ( &xPendingReadyList ) ); /*lint !e9079 void * is used as this macro is used with timers and co-routines too.  Alignment is known to be fine as the type of the pointer stored and retrieved is the same. */
 8005d42:	4b28      	ldr	r3, [pc, #160]	@ (8005de4 <xTaskResumeAll+0xe0>)
 8005d44:	68db      	ldr	r3, [r3, #12]
 8005d46:	68dc      	ldr	r4, [r3, #12]
					( void ) uxListRemove( &( pxTCB->xEventListItem ) );
 8005d48:	f104 0018 	add.w	r0, r4, #24
 8005d4c:	f7fb f948 	bl	8000fe0 <uxListRemove>
					( void ) uxListRemove( &( pxTCB->xStateListItem ) );
 8005d50:	1d25      	adds	r5, r4, #4
 8005d52:	4628      	mov	r0, r5
 8005d54:	f7fb f944 	bl	8000fe0 <uxListRemove>
					prvAddTaskToReadyList( pxTCB );
 8005d58:	6ae0      	ldr	r0, [r4, #44]	@ 0x2c
 8005d5a:	4b23      	ldr	r3, [pc, #140]	@ (8005de8 <xTaskResumeAll+0xe4>)
 8005d5c:	681b      	ldr	r3, [r3, #0]
 8005d5e:	4298      	cmp	r0, r3
 8005d60:	d901      	bls.n	8005d66 <xTaskResumeAll+0x62>
 8005d62:	4b21      	ldr	r3, [pc, #132]	@ (8005de8 <xTaskResumeAll+0xe4>)
 8005d64:	6018      	str	r0, [r3, #0]
 8005d66:	eb00 0080 	add.w	r0, r0, r0, lsl #2
 8005d6a:	4629      	mov	r1, r5
 8005d6c:	4b1f      	ldr	r3, [pc, #124]	@ (8005dec <xTaskResumeAll+0xe8>)
 8005d6e:	eb03 0080 	add.w	r0, r3, r0, lsl #2
 8005d72:	f7fb f911 	bl	8000f98 <vListInsertEnd>
					if( pxTCB->uxPriority >= pxCurrentTCB->uxPriority )
 8005d76:	6ae2      	ldr	r2, [r4, #44]	@ 0x2c
 8005d78:	4b1d      	ldr	r3, [pc, #116]	@ (8005df0 <xTaskResumeAll+0xec>)
 8005d7a:	681b      	ldr	r3, [r3, #0]
 8005d7c:	6adb      	ldr	r3, [r3, #44]	@ 0x2c
 8005d7e:	429a      	cmp	r2, r3
 8005d80:	d3dc      	bcc.n	8005d3c <xTaskResumeAll+0x38>
						xYieldPending = pdTRUE;
 8005d82:	4b1c      	ldr	r3, [pc, #112]	@ (8005df4 <xTaskResumeAll+0xf0>)
 8005d84:	2201      	movs	r2, #1
 8005d86:	601a      	str	r2, [r3, #0]
 8005d88:	e7d8      	b.n	8005d3c <xTaskResumeAll+0x38>
				if( pxTCB != NULL )
 8005d8a:	b10c      	cbz	r4, 8005d90 <xTaskResumeAll+0x8c>
					prvResetNextTaskUnblockTime();
 8005d8c:	f7ff fcd8 	bl	8005740 <prvResetNextTaskUnblockTime>
					TickType_t xPendedCounts = xPendedTicks; /* Non-volatile copy. */
 8005d90:	4b19      	ldr	r3, [pc, #100]	@ (8005df8 <xTaskResumeAll+0xf4>)
 8005d92:	681c      	ldr	r4, [r3, #0]
					if( xPendedCounts > ( TickType_t ) 0U )
 8005d94:	b984      	cbnz	r4, 8005db8 <xTaskResumeAll+0xb4>
				if( xYieldPending != pdFALSE )
 8005d96:	4b17      	ldr	r3, [pc, #92]	@ (8005df4 <xTaskResumeAll+0xf0>)
 8005d98:	681c      	ldr	r4, [r3, #0]
 8005d9a:	b1d4      	cbz	r4, 8005dd2 <xTaskResumeAll+0xce>
					taskYIELD_IF_USING_PREEMPTION();
 8005d9c:	f04f 23e0 	mov.w	r3, #3758153728	@ 0xe000e000
 8005da0:	f04f 5280 	mov.w	r2, #268435456	@ 0x10000000
 8005da4:	f8c3 2d04 	str.w	r2, [r3, #3332]	@ 0xd04
 8005da8:	f3bf 8f4f 	dsb	sy
 8005dac:	f3bf 8f6f 	isb	sy
						xAlreadyYielded = pdTRUE;
 8005db0:	2401      	movs	r4, #1
 8005db2:	e00e      	b.n	8005dd2 <xTaskResumeAll+0xce>
						} while( xPendedCounts > ( TickType_t ) 0U );
 8005db4:	3c01      	subs	r4, #1
 8005db6:	d007      	beq.n	8005dc8 <xTaskResumeAll+0xc4>
							if( xTaskIncrementTick() != pdFALSE )
 8005db8:	f7ff ff18 	bl	8005bec <xTaskIncrementTick>
 8005dbc:	2800      	cmp	r0, #0
 8005dbe:	d0f9      	beq.n	8005db4 <xTaskResumeAll+0xb0>
								xYieldPending = pdTRUE;
 8005dc0:	4b0c      	ldr	r3, [pc, #48]	@ (8005df4 <xTaskResumeAll+0xf0>)
 8005dc2:	2201      	movs	r2, #1
 8005dc4:	601a      	str	r2, [r3, #0]
 8005dc6:	e7f5      	b.n	8005db4 <xTaskResumeAll+0xb0>
						xPendedTicks = 0;
 8005dc8:	4b0b      	ldr	r3, [pc, #44]	@ (8005df8 <xTaskResumeAll+0xf4>)
 8005dca:	2200      	movs	r2, #0
 8005dcc:	601a      	str	r2, [r3, #0]
 8005dce:	e7e2      	b.n	8005d96 <xTaskResumeAll+0x92>
BaseType_t xAlreadyYielded = pdFALSE;
 8005dd0:	2400      	movs	r4, #0
	taskEXIT_CRITICAL();
 8005dd2:	f7fb fa19 	bl	8001208 <vPortExitCritical>
}
 8005dd6:	4620      	mov	r0, r4
 8005dd8:	bd38      	pop	{r3, r4, r5, pc}
 8005dda:	bf00      	nop
 8005ddc:	200046a0 	.word	0x200046a0
 8005de0:	200046c8 	.word	0x200046c8
 8005de4:	200046f8 	.word	0x200046f8
 8005de8:	200046c0 	.word	0x200046c0
 8005dec:	2000473c 	.word	0x2000473c
 8005df0:	20004b9c 	.word	0x20004b9c
 8005df4:	200046b4 	.word	0x200046b4
 8005df8:	200046b8 	.word	0x200046b8

08005dfc <vTaskDelay>:
	{
 8005dfc:	b510      	push	{r4, lr}
		if( xTicksToDelay > ( TickType_t ) 0U )
 8005dfe:	b1a8      	cbz	r0, 8005e2c <vTaskDelay+0x30>
 8005e00:	4604      	mov	r4, r0
			configASSERT( uxSchedulerSuspended == 0 );
 8005e02:	4b10      	ldr	r3, [pc, #64]	@ (8005e44 <vTaskDelay+0x48>)
 8005e04:	681b      	ldr	r3, [r3, #0]
 8005e06:	b143      	cbz	r3, 8005e1a <vTaskDelay+0x1e>
 8005e08:	f04f 0350 	mov.w	r3, #80	@ 0x50
 8005e0c:	f383 8811 	msr	BASEPRI, r3
 8005e10:	f3bf 8f6f 	isb	sy
 8005e14:	f3bf 8f4f 	dsb	sy
 8005e18:	e7fe      	b.n	8005e18 <vTaskDelay+0x1c>
			vTaskSuspendAll();
 8005e1a:	f7ff fed1 	bl	8005bc0 <vTaskSuspendAll>
				prvAddCurrentTaskToDelayedList( xTicksToDelay, pdFALSE );
 8005e1e:	2100      	movs	r1, #0
 8005e20:	4620      	mov	r0, r4
 8005e22:	f7ff fdd5 	bl	80059d0 <prvAddCurrentTaskToDelayedList>
			xAlreadyYielded = xTaskResumeAll();
 8005e26:	f7ff ff6d 	bl	8005d04 <xTaskResumeAll>
		if( xAlreadyYielded == pdFALSE )
 8005e2a:	b948      	cbnz	r0, 8005e40 <vTaskDelay+0x44>
			portYIELD_WITHIN_API();
 8005e2c:	f04f 23e0 	mov.w	r3, #3758153728	@ 0xe000e000
 8005e30:	f04f 5280 	mov.w	r2, #268435456	@ 0x10000000
 8005e34:	f8c3 2d04 	str.w	r2, [r3, #3332]	@ 0xd04
 8005e38:	f3bf 8f4f 	dsb	sy
 8005e3c:	f3bf 8f6f 	isb	sy
	}
 8005e40:	bd10      	pop	{r4, pc}
 8005e42:	bf00      	nop
 8005e44:	200046a0 	.word	0x200046a0

08005e48 <vTaskSwitchContext>:
	if( uxSchedulerSuspended != ( UBaseType_t ) pdFALSE )
 8005e48:	4b20      	ldr	r3, [pc, #128]	@ (8005ecc <vTaskSwitchContext+0x84>)
 8005e4a:	681b      	ldr	r3, [r3, #0]
 8005e4c:	b11b      	cbz	r3, 8005e56 <vTaskSwitchContext+0xe>
		xYieldPending = pdTRUE;
 8005e4e:	4b20      	ldr	r3, [pc, #128]	@ (8005ed0 <vTaskSwitchContext+0x88>)
 8005e50:	2201      	movs	r2, #1
 8005e52:	601a      	str	r2, [r3, #0]
 8005e54:	4770      	bx	lr
		xYieldPending = pdFALSE;
 8005e56:	4b1e      	ldr	r3, [pc, #120]	@ (8005ed0 <vTaskSwitchContext+0x88>)
 8005e58:	2200      	movs	r2, #0
 8005e5a:	601a      	str	r2, [r3, #0]
		taskSELECT_HIGHEST_PRIORITY_TASK(); /*lint !e9079 void * is used as this macro is used with timers and co-routines too.  Alignment is known to be fine as the type of the pointer stored and retrieved is the same. */
 8005e5c:	4b1d      	ldr	r3, [pc, #116]	@ (8005ed4 <vTaskSwitchContext+0x8c>)
 8005e5e:	681b      	ldr	r3, [r3, #0]
 8005e60:	eb03 0183 	add.w	r1, r3, r3, lsl #2
 8005e64:	008a      	lsls	r2, r1, #2
 8005e66:	491c      	ldr	r1, [pc, #112]	@ (8005ed8 <vTaskSwitchContext+0x90>)
 8005e68:	588a      	ldr	r2, [r1, r2]
 8005e6a:	b95a      	cbnz	r2, 8005e84 <vTaskSwitchContext+0x3c>
 8005e6c:	b10b      	cbz	r3, 8005e72 <vTaskSwitchContext+0x2a>
 8005e6e:	3b01      	subs	r3, #1
 8005e70:	e7f6      	b.n	8005e60 <vTaskSwitchContext+0x18>
 8005e72:	f04f 0350 	mov.w	r3, #80	@ 0x50
 8005e76:	f383 8811 	msr	BASEPRI, r3
 8005e7a:	f3bf 8f6f 	isb	sy
 8005e7e:	f3bf 8f4f 	dsb	sy
 8005e82:	e7fe      	b.n	8005e82 <vTaskSwitchContext+0x3a>
 8005e84:	4608      	mov	r0, r1
 8005e86:	eb03 0183 	add.w	r1, r3, r3, lsl #2
 8005e8a:	008a      	lsls	r2, r1, #2
 8005e8c:	4402      	add	r2, r0
 8005e8e:	6851      	ldr	r1, [r2, #4]
 8005e90:	6849      	ldr	r1, [r1, #4]
 8005e92:	6051      	str	r1, [r2, #4]
 8005e94:	eb03 0c83 	add.w	ip, r3, r3, lsl #2
 8005e98:	ea4f 028c 	mov.w	r2, ip, lsl #2
 8005e9c:	3208      	adds	r2, #8
 8005e9e:	4402      	add	r2, r0
 8005ea0:	4291      	cmp	r1, r2
 8005ea2:	d00b      	beq.n	8005ebc <vTaskSwitchContext+0x74>
 8005ea4:	eb03 0283 	add.w	r2, r3, r3, lsl #2
 8005ea8:	0091      	lsls	r1, r2, #2
 8005eaa:	4a0b      	ldr	r2, [pc, #44]	@ (8005ed8 <vTaskSwitchContext+0x90>)
 8005eac:	440a      	add	r2, r1
 8005eae:	6852      	ldr	r2, [r2, #4]
 8005eb0:	68d1      	ldr	r1, [r2, #12]
 8005eb2:	4a0a      	ldr	r2, [pc, #40]	@ (8005edc <vTaskSwitchContext+0x94>)
 8005eb4:	6011      	str	r1, [r2, #0]
 8005eb6:	4a07      	ldr	r2, [pc, #28]	@ (8005ed4 <vTaskSwitchContext+0x8c>)
 8005eb8:	6013      	str	r3, [r2, #0]
}
 8005eba:	4770      	bx	lr
		taskSELECT_HIGHEST_PRIORITY_TASK(); /*lint !e9079 void * is used as this macro is used with timers and co-routines too.  Alignment is known to be fine as the type of the pointer stored and retrieved is the same. */
 8005ebc:	6848      	ldr	r0, [r1, #4]
 8005ebe:	4662      	mov	r2, ip
 8005ec0:	0091      	lsls	r1, r2, #2
 8005ec2:	4a05      	ldr	r2, [pc, #20]	@ (8005ed8 <vTaskSwitchContext+0x90>)
 8005ec4:	440a      	add	r2, r1
 8005ec6:	6050      	str	r0, [r2, #4]
 8005ec8:	e7ec      	b.n	8005ea4 <vTaskSwitchContext+0x5c>
 8005eca:	bf00      	nop
 8005ecc:	200046a0 	.word	0x200046a0
 8005ed0:	200046b4 	.word	0x200046b4
 8005ed4:	200046c0 	.word	0x200046c0
 8005ed8:	2000473c 	.word	0x2000473c
 8005edc:	20004b9c 	.word	0x20004b9c

08005ee0 <vTaskPlaceOnEventList>:
	configASSERT( pxEventList );
 8005ee0:	b158      	cbz	r0, 8005efa <vTaskPlaceOnEventList+0x1a>
{
 8005ee2:	b510      	push	{r4, lr}
 8005ee4:	460c      	mov	r4, r1
	vListInsert( pxEventList, &( pxCurrentTCB->xEventListItem ) );
 8005ee6:	4a09      	ldr	r2, [pc, #36]	@ (8005f0c <vTaskPlaceOnEventList+0x2c>)
 8005ee8:	6811      	ldr	r1, [r2, #0]
 8005eea:	3118      	adds	r1, #24
 8005eec:	f7fb f85f 	bl	8000fae <vListInsert>
	prvAddCurrentTaskToDelayedList( xTicksToWait, pdTRUE );
 8005ef0:	2101      	movs	r1, #1
 8005ef2:	4620      	mov	r0, r4
 8005ef4:	f7ff fd6c 	bl	80059d0 <prvAddCurrentTaskToDelayedList>
}
 8005ef8:	bd10      	pop	{r4, pc}
 8005efa:	f04f 0350 	mov.w	r3, #80	@ 0x50
 8005efe:	f383 8811 	msr	BASEPRI, r3
 8005f02:	f3bf 8f6f 	isb	sy
 8005f06:	f3bf 8f4f 	dsb	sy
	configASSERT( pxEventList );
 8005f0a:	e7fe      	b.n	8005f0a <vTaskPlaceOnEventList+0x2a>
 8005f0c:	20004b9c 	.word	0x20004b9c

08005f10 <vTaskPlaceOnEventListRestricted>:
	{
 8005f10:	b538      	push	{r3, r4, r5, lr}
		configASSERT( pxEventList );
 8005f12:	b170      	cbz	r0, 8005f32 <vTaskPlaceOnEventListRestricted+0x22>
 8005f14:	460d      	mov	r5, r1
 8005f16:	4614      	mov	r4, r2
		vListInsertEnd( pxEventList, &( pxCurrentTCB->xEventListItem ) );
 8005f18:	4a0a      	ldr	r2, [pc, #40]	@ (8005f44 <vTaskPlaceOnEventListRestricted+0x34>)
 8005f1a:	6811      	ldr	r1, [r2, #0]
 8005f1c:	3118      	adds	r1, #24
 8005f1e:	f7fb f83b 	bl	8000f98 <vListInsertEnd>
		if( xWaitIndefinitely != pdFALSE )
 8005f22:	b10c      	cbz	r4, 8005f28 <vTaskPlaceOnEventListRestricted+0x18>
			xTicksToWait = portMAX_DELAY;
 8005f24:	f04f 35ff 	mov.w	r5, #4294967295	@ 0xffffffff
		prvAddCurrentTaskToDelayedList( xTicksToWait, xWaitIndefinitely );
 8005f28:	4621      	mov	r1, r4
 8005f2a:	4628      	mov	r0, r5
 8005f2c:	f7ff fd50 	bl	80059d0 <prvAddCurrentTaskToDelayedList>
	}
 8005f30:	bd38      	pop	{r3, r4, r5, pc}
 8005f32:	f04f 0350 	mov.w	r3, #80	@ 0x50
 8005f36:	f383 8811 	msr	BASEPRI, r3
 8005f3a:	f3bf 8f6f 	isb	sy
 8005f3e:	f3bf 8f4f 	dsb	sy
		configASSERT( pxEventList );
 8005f42:	e7fe      	b.n	8005f42 <vTaskPlaceOnEventListRestricted+0x32>
 8005f44:	20004b9c 	.word	0x20004b9c

08005f48 <xTaskRemoveFromEventList>:
{
 8005f48:	b538      	push	{r3, r4, r5, lr}
	pxUnblockedTCB = listGET_OWNER_OF_HEAD_ENTRY( pxEventList ); /*lint !e9079 void * is used as this macro is used with timers and co-routines too.  Alignment is known to be fine as the type of the pointer stored and retrieved is the same. */
 8005f4a:	68c3      	ldr	r3, [r0, #12]
 8005f4c:	68dc      	ldr	r4, [r3, #12]
	configASSERT( pxUnblockedTCB );
 8005f4e:	b324      	cbz	r4, 8005f9a <xTaskRemoveFromEventList+0x52>
	( void ) uxListRemove( &( pxUnblockedTCB->xEventListItem ) );
 8005f50:	f104 0518 	add.w	r5, r4, #24
 8005f54:	4628      	mov	r0, r5
 8005f56:	f7fb f843 	bl	8000fe0 <uxListRemove>
	if( uxSchedulerSuspended == ( UBaseType_t ) pdFALSE )
 8005f5a:	4b18      	ldr	r3, [pc, #96]	@ (8005fbc <xTaskRemoveFromEventList+0x74>)
 8005f5c:	681b      	ldr	r3, [r3, #0]
 8005f5e:	bb2b      	cbnz	r3, 8005fac <xTaskRemoveFromEventList+0x64>
		( void ) uxListRemove( &( pxUnblockedTCB->xStateListItem ) );
 8005f60:	1d25      	adds	r5, r4, #4
 8005f62:	4628      	mov	r0, r5
 8005f64:	f7fb f83c 	bl	8000fe0 <uxListRemove>
		prvAddTaskToReadyList( pxUnblockedTCB );
 8005f68:	6ae0      	ldr	r0, [r4, #44]	@ 0x2c
 8005f6a:	4b15      	ldr	r3, [pc, #84]	@ (8005fc0 <xTaskRemoveFromEventList+0x78>)
 8005f6c:	681b      	ldr	r3, [r3, #0]
 8005f6e:	4298      	cmp	r0, r3
 8005f70:	d901      	bls.n	8005f76 <xTaskRemoveFromEventList+0x2e>
 8005f72:	4b13      	ldr	r3, [pc, #76]	@ (8005fc0 <xTaskRemoveFromEventList+0x78>)
 8005f74:	6018      	str	r0, [r3, #0]
 8005f76:	eb00 0080 	add.w	r0, r0, r0, lsl #2
 8005f7a:	4629      	mov	r1, r5
 8005f7c:	4b11      	ldr	r3, [pc, #68]	@ (8005fc4 <xTaskRemoveFromEventList+0x7c>)
 8005f7e:	eb03 0080 	add.w	r0, r3, r0, lsl #2
 8005f82:	f7fb f809 	bl	8000f98 <vListInsertEnd>
	if( pxUnblockedTCB->uxPriority > pxCurrentTCB->uxPriority )
 8005f86:	6ae2      	ldr	r2, [r4, #44]	@ 0x2c
 8005f88:	4b0f      	ldr	r3, [pc, #60]	@ (8005fc8 <xTaskRemoveFromEventList+0x80>)
 8005f8a:	681b      	ldr	r3, [r3, #0]
 8005f8c:	6adb      	ldr	r3, [r3, #44]	@ 0x2c
 8005f8e:	429a      	cmp	r2, r3
 8005f90:	d911      	bls.n	8005fb6 <xTaskRemoveFromEventList+0x6e>
		xYieldPending = pdTRUE;
 8005f92:	2001      	movs	r0, #1
 8005f94:	4b0d      	ldr	r3, [pc, #52]	@ (8005fcc <xTaskRemoveFromEventList+0x84>)
 8005f96:	6018      	str	r0, [r3, #0]
}
 8005f98:	bd38      	pop	{r3, r4, r5, pc}
 8005f9a:	f04f 0350 	mov.w	r3, #80	@ 0x50
 8005f9e:	f383 8811 	msr	BASEPRI, r3
 8005fa2:	f3bf 8f6f 	isb	sy
 8005fa6:	f3bf 8f4f 	dsb	sy
	configASSERT( pxUnblockedTCB );
 8005faa:	e7fe      	b.n	8005faa <xTaskRemoveFromEventList+0x62>
		vListInsertEnd( &( xPendingReadyList ), &( pxUnblockedTCB->xEventListItem ) );
 8005fac:	4629      	mov	r1, r5
 8005fae:	4808      	ldr	r0, [pc, #32]	@ (8005fd0 <xTaskRemoveFromEventList+0x88>)
 8005fb0:	f7fa fff2 	bl	8000f98 <vListInsertEnd>
 8005fb4:	e7e7      	b.n	8005f86 <xTaskRemoveFromEventList+0x3e>
		xReturn = pdFALSE;
 8005fb6:	2000      	movs	r0, #0
	return xReturn;
 8005fb8:	e7ee      	b.n	8005f98 <xTaskRemoveFromEventList+0x50>
 8005fba:	bf00      	nop
 8005fbc:	200046a0 	.word	0x200046a0
 8005fc0:	200046c0 	.word	0x200046c0
 8005fc4:	2000473c 	.word	0x2000473c
 8005fc8:	20004b9c 	.word	0x20004b9c
 8005fcc:	200046b4 	.word	0x200046b4
 8005fd0:	200046f8 	.word	0x200046f8

08005fd4 <vTaskInternalSetTimeOutState>:
	pxTimeOut->xOverflowCount = xNumOfOverflows;
 8005fd4:	4b03      	ldr	r3, [pc, #12]	@ (8005fe4 <vTaskInternalSetTimeOutState+0x10>)
 8005fd6:	681b      	ldr	r3, [r3, #0]
 8005fd8:	6003      	str	r3, [r0, #0]
	pxTimeOut->xTimeOnEntering = xTickCount;
 8005fda:	4b03      	ldr	r3, [pc, #12]	@ (8005fe8 <vTaskInternalSetTimeOutState+0x14>)
 8005fdc:	681b      	ldr	r3, [r3, #0]
 8005fde:	6043      	str	r3, [r0, #4]
}
 8005fe0:	4770      	bx	lr
 8005fe2:	bf00      	nop
 8005fe4:	200046b0 	.word	0x200046b0
 8005fe8:	200046c4 	.word	0x200046c4

08005fec <xTaskCheckForTimeOut>:
	configASSERT( pxTimeOut );
 8005fec:	b1e0      	cbz	r0, 8006028 <xTaskCheckForTimeOut+0x3c>
{
 8005fee:	b570      	push	{r4, r5, r6, lr}
 8005ff0:	460c      	mov	r4, r1
 8005ff2:	4605      	mov	r5, r0
	configASSERT( pxTicksToWait );
 8005ff4:	b309      	cbz	r1, 800603a <xTaskCheckForTimeOut+0x4e>
	taskENTER_CRITICAL();
 8005ff6:	f7fb f8e5 	bl	80011c4 <vPortEnterCritical>
		const TickType_t xConstTickCount = xTickCount;
 8005ffa:	4b1c      	ldr	r3, [pc, #112]	@ (800606c <xTaskCheckForTimeOut+0x80>)
 8005ffc:	6819      	ldr	r1, [r3, #0]
		const TickType_t xElapsedTime = xConstTickCount - pxTimeOut->xTimeOnEntering;
 8005ffe:	686b      	ldr	r3, [r5, #4]
 8006000:	1ac8      	subs	r0, r1, r3
			if( *pxTicksToWait == portMAX_DELAY )
 8006002:	6822      	ldr	r2, [r4, #0]
 8006004:	f1b2 3fff 	cmp.w	r2, #4294967295	@ 0xffffffff
 8006008:	d028      	beq.n	800605c <xTaskCheckForTimeOut+0x70>
		if( ( xNumOfOverflows != pxTimeOut->xOverflowCount ) && ( xConstTickCount >= pxTimeOut->xTimeOnEntering ) ) /*lint !e525 Indentation preferred as is to make code within pre-processor directives clearer. */
 800600a:	f8df c064 	ldr.w	ip, [pc, #100]	@ 8006070 <xTaskCheckForTimeOut+0x84>
 800600e:	f8dc c000 	ldr.w	ip, [ip]
 8006012:	682e      	ldr	r6, [r5, #0]
 8006014:	4566      	cmp	r6, ip
 8006016:	d001      	beq.n	800601c <xTaskCheckForTimeOut+0x30>
 8006018:	428b      	cmp	r3, r1
 800601a:	d924      	bls.n	8006066 <xTaskCheckForTimeOut+0x7a>
		else if( xElapsedTime < *pxTicksToWait ) /*lint !e961 Explicit casting is only redundant with some compilers, whereas others require it to prevent integer conversion errors. */
 800601c:	4282      	cmp	r2, r0
 800601e:	d815      	bhi.n	800604c <xTaskCheckForTimeOut+0x60>
			*pxTicksToWait = 0;
 8006020:	2300      	movs	r3, #0
 8006022:	6023      	str	r3, [r4, #0]
			xReturn = pdTRUE;
 8006024:	2401      	movs	r4, #1
 8006026:	e01a      	b.n	800605e <xTaskCheckForTimeOut+0x72>
 8006028:	f04f 0350 	mov.w	r3, #80	@ 0x50
 800602c:	f383 8811 	msr	BASEPRI, r3
 8006030:	f3bf 8f6f 	isb	sy
 8006034:	f3bf 8f4f 	dsb	sy
	configASSERT( pxTimeOut );
 8006038:	e7fe      	b.n	8006038 <xTaskCheckForTimeOut+0x4c>
 800603a:	f04f 0350 	mov.w	r3, #80	@ 0x50
 800603e:	f383 8811 	msr	BASEPRI, r3
 8006042:	f3bf 8f6f 	isb	sy
 8006046:	f3bf 8f4f 	dsb	sy
	configASSERT( pxTicksToWait );
 800604a:	e7fe      	b.n	800604a <xTaskCheckForTimeOut+0x5e>
			*pxTicksToWait -= xElapsedTime;
 800604c:	1a5b      	subs	r3, r3, r1
 800604e:	4413      	add	r3, r2
 8006050:	6023      	str	r3, [r4, #0]
			vTaskInternalSetTimeOutState( pxTimeOut );
 8006052:	4628      	mov	r0, r5
 8006054:	f7ff ffbe 	bl	8005fd4 <vTaskInternalSetTimeOutState>
			xReturn = pdFALSE;
 8006058:	2400      	movs	r4, #0
 800605a:	e000      	b.n	800605e <xTaskCheckForTimeOut+0x72>
				xReturn = pdFALSE;
 800605c:	2400      	movs	r4, #0
	taskEXIT_CRITICAL();
 800605e:	f7fb f8d3 	bl	8001208 <vPortExitCritical>
}
 8006062:	4620      	mov	r0, r4
 8006064:	bd70      	pop	{r4, r5, r6, pc}
			xReturn = pdTRUE;
 8006066:	2401      	movs	r4, #1
 8006068:	e7f9      	b.n	800605e <xTaskCheckForTimeOut+0x72>
 800606a:	bf00      	nop
 800606c:	200046c4 	.word	0x200046c4
 8006070:	200046b0 	.word	0x200046b0

08006074 <vTaskMissedYield>:
	xYieldPending = pdTRUE;
 8006074:	4b01      	ldr	r3, [pc, #4]	@ (800607c <vTaskMissedYield+0x8>)
 8006076:	2201      	movs	r2, #1
 8006078:	601a      	str	r2, [r3, #0]
}
 800607a:	4770      	bx	lr
 800607c:	200046b4 	.word	0x200046b4

08006080 <xTaskGetSchedulerState>:
		if( xSchedulerRunning == pdFALSE )
 8006080:	4b05      	ldr	r3, [pc, #20]	@ (8006098 <xTaskGetSchedulerState+0x18>)
 8006082:	681b      	ldr	r3, [r3, #0]
 8006084:	b133      	cbz	r3, 8006094 <xTaskGetSchedulerState+0x14>
			if( uxSchedulerSuspended == ( UBaseType_t ) pdFALSE )
 8006086:	4b05      	ldr	r3, [pc, #20]	@ (800609c <xTaskGetSchedulerState+0x1c>)
 8006088:	681b      	ldr	r3, [r3, #0]
 800608a:	b10b      	cbz	r3, 8006090 <xTaskGetSchedulerState+0x10>
				xReturn = taskSCHEDULER_SUSPENDED;
 800608c:	2000      	movs	r0, #0
	}
 800608e:	4770      	bx	lr
				xReturn = taskSCHEDULER_RUNNING;
 8006090:	2002      	movs	r0, #2
 8006092:	4770      	bx	lr
			xReturn = taskSCHEDULER_NOT_STARTED;
 8006094:	2001      	movs	r0, #1
 8006096:	4770      	bx	lr
 8006098:	200046bc 	.word	0x200046bc
 800609c:	200046a0 	.word	0x200046a0

080060a0 <xTaskPriorityDisinherit>:
		if( pxMutexHolder != NULL )
 80060a0:	2800      	cmp	r0, #0
 80060a2:	d03b      	beq.n	800611c <xTaskPriorityDisinherit+0x7c>
	{
 80060a4:	b538      	push	{r3, r4, r5, lr}
 80060a6:	4604      	mov	r4, r0
			configASSERT( pxTCB == pxCurrentTCB );
 80060a8:	4b1e      	ldr	r3, [pc, #120]	@ (8006124 <xTaskPriorityDisinherit+0x84>)
 80060aa:	681b      	ldr	r3, [r3, #0]
 80060ac:	4283      	cmp	r3, r0
 80060ae:	d008      	beq.n	80060c2 <xTaskPriorityDisinherit+0x22>
 80060b0:	f04f 0350 	mov.w	r3, #80	@ 0x50
 80060b4:	f383 8811 	msr	BASEPRI, r3
 80060b8:	f3bf 8f6f 	isb	sy
 80060bc:	f3bf 8f4f 	dsb	sy
 80060c0:	e7fe      	b.n	80060c0 <xTaskPriorityDisinherit+0x20>
			configASSERT( pxTCB->uxMutexesHeld );
 80060c2:	6d03      	ldr	r3, [r0, #80]	@ 0x50
 80060c4:	b943      	cbnz	r3, 80060d8 <xTaskPriorityDisinherit+0x38>
 80060c6:	f04f 0350 	mov.w	r3, #80	@ 0x50
 80060ca:	f383 8811 	msr	BASEPRI, r3
 80060ce:	f3bf 8f6f 	isb	sy
 80060d2:	f3bf 8f4f 	dsb	sy
 80060d6:	e7fe      	b.n	80060d6 <xTaskPriorityDisinherit+0x36>
			( pxTCB->uxMutexesHeld )--;
 80060d8:	3b01      	subs	r3, #1
 80060da:	6503      	str	r3, [r0, #80]	@ 0x50
			if( pxTCB->uxPriority != pxTCB->uxBasePriority )
 80060dc:	6ac1      	ldr	r1, [r0, #44]	@ 0x2c
 80060de:	6cc2      	ldr	r2, [r0, #76]	@ 0x4c
 80060e0:	4291      	cmp	r1, r2
 80060e2:	d01d      	beq.n	8006120 <xTaskPriorityDisinherit+0x80>
				if( pxTCB->uxMutexesHeld == ( UBaseType_t ) 0 )
 80060e4:	b10b      	cbz	r3, 80060ea <xTaskPriorityDisinherit+0x4a>
	BaseType_t xReturn = pdFALSE;
 80060e6:	2000      	movs	r0, #0
	}
 80060e8:	bd38      	pop	{r3, r4, r5, pc}
					if( uxListRemove( &( pxTCB->xStateListItem ) ) == ( UBaseType_t ) 0 )
 80060ea:	1d05      	adds	r5, r0, #4
 80060ec:	4628      	mov	r0, r5
 80060ee:	f7fa ff77 	bl	8000fe0 <uxListRemove>
					pxTCB->uxPriority = pxTCB->uxBasePriority;
 80060f2:	6ce0      	ldr	r0, [r4, #76]	@ 0x4c
 80060f4:	62e0      	str	r0, [r4, #44]	@ 0x2c
					listSET_LIST_ITEM_VALUE( &( pxTCB->xEventListItem ), ( TickType_t ) configMAX_PRIORITIES - ( TickType_t ) pxTCB->uxPriority ); /*lint !e961 MISRA exception as the casts are only redundant for some ports. */
 80060f6:	f1c0 0338 	rsb	r3, r0, #56	@ 0x38
 80060fa:	61a3      	str	r3, [r4, #24]
					prvAddTaskToReadyList( pxTCB );
 80060fc:	4b0a      	ldr	r3, [pc, #40]	@ (8006128 <xTaskPriorityDisinherit+0x88>)
 80060fe:	681b      	ldr	r3, [r3, #0]
 8006100:	4298      	cmp	r0, r3
 8006102:	d901      	bls.n	8006108 <xTaskPriorityDisinherit+0x68>
 8006104:	4b08      	ldr	r3, [pc, #32]	@ (8006128 <xTaskPriorityDisinherit+0x88>)
 8006106:	6018      	str	r0, [r3, #0]
 8006108:	eb00 0080 	add.w	r0, r0, r0, lsl #2
 800610c:	4629      	mov	r1, r5
 800610e:	4b07      	ldr	r3, [pc, #28]	@ (800612c <xTaskPriorityDisinherit+0x8c>)
 8006110:	eb03 0080 	add.w	r0, r3, r0, lsl #2
 8006114:	f7fa ff40 	bl	8000f98 <vListInsertEnd>
					xReturn = pdTRUE;
 8006118:	2001      	movs	r0, #1
 800611a:	e7e5      	b.n	80060e8 <xTaskPriorityDisinherit+0x48>
	BaseType_t xReturn = pdFALSE;
 800611c:	2000      	movs	r0, #0
	}
 800611e:	4770      	bx	lr
	BaseType_t xReturn = pdFALSE;
 8006120:	2000      	movs	r0, #0
 8006122:	e7e1      	b.n	80060e8 <xTaskPriorityDisinherit+0x48>
 8006124:	20004b9c 	.word	0x20004b9c
 8006128:	200046c0 	.word	0x200046c0
 800612c:	2000473c 	.word	0x2000473c

08006130 <HAL_TIM_Base_MspInit>:
  HAL_TIM_MspPostInit(&htim2);

}

void HAL_TIM_Base_MspInit(TIM_HandleTypeDef* tim_baseHandle)
{
 8006130:	b082      	sub	sp, #8

  if(tim_baseHandle->Instance==TIM1)
 8006132:	6803      	ldr	r3, [r0, #0]
 8006134:	4a10      	ldr	r2, [pc, #64]	@ (8006178 <HAL_TIM_Base_MspInit+0x48>)
 8006136:	4293      	cmp	r3, r2
 8006138:	d004      	beq.n	8006144 <HAL_TIM_Base_MspInit+0x14>
    __HAL_RCC_TIM1_CLK_ENABLE();
  /* USER CODE BEGIN TIM1_MspInit 1 */

  /* USER CODE END TIM1_MspInit 1 */
  }
  else if(tim_baseHandle->Instance==TIM2)
 800613a:	f1b3 4f80 	cmp.w	r3, #1073741824	@ 0x40000000
 800613e:	d00e      	beq.n	800615e <HAL_TIM_Base_MspInit+0x2e>
    __HAL_RCC_TIM2_CLK_ENABLE();
  /* USER CODE BEGIN TIM2_MspInit 1 */

  /* USER CODE END TIM2_MspInit 1 */
  }
}
 8006140:	b002      	add	sp, #8
 8006142:	4770      	bx	lr
    __HAL_RCC_TIM1_CLK_ENABLE();
 8006144:	2300      	movs	r3, #0
 8006146:	9300      	str	r3, [sp, #0]
 8006148:	4b0c      	ldr	r3, [pc, #48]	@ (800617c <HAL_TIM_Base_MspInit+0x4c>)
 800614a:	6c5a      	ldr	r2, [r3, #68]	@ 0x44
 800614c:	f042 0201 	orr.w	r2, r2, #1
 8006150:	645a      	str	r2, [r3, #68]	@ 0x44
 8006152:	6c5b      	ldr	r3, [r3, #68]	@ 0x44
 8006154:	f003 0301 	and.w	r3, r3, #1
 8006158:	9300      	str	r3, [sp, #0]
 800615a:	9b00      	ldr	r3, [sp, #0]
 800615c:	e7f0      	b.n	8006140 <HAL_TIM_Base_MspInit+0x10>
    __HAL_RCC_TIM2_CLK_ENABLE();
 800615e:	2300      	movs	r3, #0
 8006160:	9301      	str	r3, [sp, #4]
 8006162:	4b06      	ldr	r3, [pc, #24]	@ (800617c <HAL_TIM_Base_MspInit+0x4c>)
 8006164:	6c1a      	ldr	r2, [r3, #64]	@ 0x40
 8006166:	f042 0201 	orr.w	r2, r2, #1
 800616a:	641a      	str	r2, [r3, #64]	@ 0x40
 800616c:	6c1b      	ldr	r3, [r3, #64]	@ 0x40
 800616e:	f003 0301 	and.w	r3, r3, #1
 8006172:	9301      	str	r3, [sp, #4]
 8006174:	9b01      	ldr	r3, [sp, #4]
}
 8006176:	e7e3      	b.n	8006140 <HAL_TIM_Base_MspInit+0x10>
 8006178:	40010000 	.word	0x40010000
 800617c:	40023800 	.word	0x40023800

08006180 <HAL_TIM_MspPostInit>:
void HAL_TIM_MspPostInit(TIM_HandleTypeDef* timHandle)
{
 8006180:	b500      	push	{lr}
 8006182:	b089      	sub	sp, #36	@ 0x24

  GPIO_InitTypeDef GPIO_InitStruct = {0};
 8006184:	2300      	movs	r3, #0
 8006186:	9303      	str	r3, [sp, #12]
 8006188:	9304      	str	r3, [sp, #16]
 800618a:	9305      	str	r3, [sp, #20]
 800618c:	9306      	str	r3, [sp, #24]
 800618e:	9307      	str	r3, [sp, #28]
  if(timHandle->Instance==TIM1)
 8006190:	6803      	ldr	r3, [r0, #0]
 8006192:	4a1c      	ldr	r2, [pc, #112]	@ (8006204 <HAL_TIM_MspPostInit+0x84>)
 8006194:	4293      	cmp	r3, r2
 8006196:	d005      	beq.n	80061a4 <HAL_TIM_MspPostInit+0x24>

  /* USER CODE BEGIN TIM1_MspPostInit 1 */

  /* USER CODE END TIM1_MspPostInit 1 */
  }
  else if(timHandle->Instance==TIM2)
 8006198:	f1b3 4f80 	cmp.w	r3, #1073741824	@ 0x40000000
 800619c:	d01a      	beq.n	80061d4 <HAL_TIM_MspPostInit+0x54>
  /* USER CODE BEGIN TIM2_MspPostInit 1 */

  /* USER CODE END TIM2_MspPostInit 1 */
  }

}
 800619e:	b009      	add	sp, #36	@ 0x24
 80061a0:	f85d fb04 	ldr.w	pc, [sp], #4
    __HAL_RCC_GPIOA_CLK_ENABLE();
 80061a4:	2300      	movs	r3, #0
 80061a6:	9301      	str	r3, [sp, #4]
 80061a8:	4b17      	ldr	r3, [pc, #92]	@ (8006208 <HAL_TIM_MspPostInit+0x88>)
 80061aa:	6b1a      	ldr	r2, [r3, #48]	@ 0x30
 80061ac:	f042 0201 	orr.w	r2, r2, #1
 80061b0:	631a      	str	r2, [r3, #48]	@ 0x30
 80061b2:	6b1b      	ldr	r3, [r3, #48]	@ 0x30
 80061b4:	f003 0301 	and.w	r3, r3, #1
 80061b8:	9301      	str	r3, [sp, #4]
 80061ba:	9b01      	ldr	r3, [sp, #4]
    GPIO_InitStruct.Pin = Servo_1_Pin|Servo_2_Pin|Servo_Tilt_Pin;
 80061bc:	f44f 63e0 	mov.w	r3, #1792	@ 0x700
 80061c0:	9303      	str	r3, [sp, #12]
    GPIO_InitStruct.Mode = GPIO_MODE_AF_PP;
 80061c2:	2302      	movs	r3, #2
 80061c4:	9304      	str	r3, [sp, #16]
    GPIO_InitStruct.Alternate = GPIO_AF1_TIM1;
 80061c6:	2301      	movs	r3, #1
 80061c8:	9307      	str	r3, [sp, #28]
    HAL_GPIO_Init(GPIOA, &GPIO_InitStruct);
 80061ca:	a903      	add	r1, sp, #12
 80061cc:	480f      	ldr	r0, [pc, #60]	@ (800620c <HAL_TIM_MspPostInit+0x8c>)
 80061ce:	f7fc f9cd 	bl	800256c <HAL_GPIO_Init>
 80061d2:	e7e4      	b.n	800619e <HAL_TIM_MspPostInit+0x1e>
    __HAL_RCC_GPIOA_CLK_ENABLE();
 80061d4:	2300      	movs	r3, #0
 80061d6:	9302      	str	r3, [sp, #8]
 80061d8:	4b0b      	ldr	r3, [pc, #44]	@ (8006208 <HAL_TIM_MspPostInit+0x88>)
 80061da:	6b1a      	ldr	r2, [r3, #48]	@ 0x30
 80061dc:	f042 0201 	orr.w	r2, r2, #1
 80061e0:	631a      	str	r2, [r3, #48]	@ 0x30
 80061e2:	6b1b      	ldr	r3, [r3, #48]	@ 0x30
 80061e4:	f003 0301 	and.w	r3, r3, #1
 80061e8:	9302      	str	r3, [sp, #8]
 80061ea:	9b02      	ldr	r3, [sp, #8]
    GPIO_InitStruct.Pin = Motor_2_Pin|Motor_1_Pin;
 80061ec:	2322      	movs	r3, #34	@ 0x22
 80061ee:	9303      	str	r3, [sp, #12]
    GPIO_InitStruct.Mode = GPIO_MODE_AF_PP;
 80061f0:	2302      	movs	r3, #2
 80061f2:	9304      	str	r3, [sp, #16]
    GPIO_InitStruct.Alternate = GPIO_AF1_TIM2;
 80061f4:	2301      	movs	r3, #1
 80061f6:	9307      	str	r3, [sp, #28]
    HAL_GPIO_Init(GPIOA, &GPIO_InitStruct);
 80061f8:	a903      	add	r1, sp, #12
 80061fa:	4804      	ldr	r0, [pc, #16]	@ (800620c <HAL_TIM_MspPostInit+0x8c>)
 80061fc:	f7fc f9b6 	bl	800256c <HAL_GPIO_Init>
}
 8006200:	e7cd      	b.n	800619e <HAL_TIM_MspPostInit+0x1e>
 8006202:	bf00      	nop
 8006204:	40010000 	.word	0x40010000
 8006208:	40023800 	.word	0x40023800
 800620c:	40020000 	.word	0x40020000

08006210 <MX_TIM1_Init>:
{
 8006210:	b510      	push	{r4, lr}
 8006212:	b096      	sub	sp, #88	@ 0x58
  TIM_ClockConfigTypeDef sClockSourceConfig = {0};
 8006214:	2400      	movs	r4, #0
 8006216:	9412      	str	r4, [sp, #72]	@ 0x48
 8006218:	9413      	str	r4, [sp, #76]	@ 0x4c
 800621a:	9414      	str	r4, [sp, #80]	@ 0x50
 800621c:	9415      	str	r4, [sp, #84]	@ 0x54
  TIM_MasterConfigTypeDef sMasterConfig = {0};
 800621e:	9410      	str	r4, [sp, #64]	@ 0x40
 8006220:	9411      	str	r4, [sp, #68]	@ 0x44
  TIM_OC_InitTypeDef sConfigOC = {0};
 8006222:	9409      	str	r4, [sp, #36]	@ 0x24
 8006224:	940a      	str	r4, [sp, #40]	@ 0x28
 8006226:	940b      	str	r4, [sp, #44]	@ 0x2c
 8006228:	940c      	str	r4, [sp, #48]	@ 0x30
 800622a:	940d      	str	r4, [sp, #52]	@ 0x34
 800622c:	940e      	str	r4, [sp, #56]	@ 0x38
 800622e:	940f      	str	r4, [sp, #60]	@ 0x3c
  TIM_BreakDeadTimeConfigTypeDef sBreakDeadTimeConfig = {0};
 8006230:	2220      	movs	r2, #32
 8006232:	4621      	mov	r1, r4
 8006234:	a801      	add	r0, sp, #4
 8006236:	f001 fee5 	bl	8008004 <memset>
  htim1.Instance = TIM1;
 800623a:	4836      	ldr	r0, [pc, #216]	@ (8006314 <MX_TIM1_Init+0x104>)
 800623c:	4b36      	ldr	r3, [pc, #216]	@ (8006318 <MX_TIM1_Init+0x108>)
 800623e:	6003      	str	r3, [r0, #0]
  htim1.Init.Prescaler = 95;
 8006240:	235f      	movs	r3, #95	@ 0x5f
 8006242:	6043      	str	r3, [r0, #4]
  htim1.Init.CounterMode = TIM_COUNTERMODE_UP;
 8006244:	6084      	str	r4, [r0, #8]
  htim1.Init.Period = 19999;
 8006246:	f644 631f 	movw	r3, #19999	@ 0x4e1f
 800624a:	60c3      	str	r3, [r0, #12]
  htim1.Init.ClockDivision = TIM_CLOCKDIVISION_DIV1;
 800624c:	6104      	str	r4, [r0, #16]
  htim1.Init.RepetitionCounter = 0;
 800624e:	6144      	str	r4, [r0, #20]
  htim1.Init.AutoReloadPreload = TIM_AUTORELOAD_PRELOAD_DISABLE;
 8006250:	6184      	str	r4, [r0, #24]
  if (HAL_TIM_Base_Init(&htim1) != HAL_OK)
 8006252:	f7fd fddf 	bl	8003e14 <HAL_TIM_Base_Init>
 8006256:	2800      	cmp	r0, #0
 8006258:	d144      	bne.n	80062e4 <MX_TIM1_Init+0xd4>
  sClockSourceConfig.ClockSource = TIM_CLOCKSOURCE_INTERNAL;
 800625a:	f44f 5380 	mov.w	r3, #4096	@ 0x1000
 800625e:	9312      	str	r3, [sp, #72]	@ 0x48
  if (HAL_TIM_ConfigClockSource(&htim1, &sClockSourceConfig) != HAL_OK)
 8006260:	a912      	add	r1, sp, #72	@ 0x48
 8006262:	482c      	ldr	r0, [pc, #176]	@ (8006314 <MX_TIM1_Init+0x104>)
 8006264:	f7fd fed7 	bl	8004016 <HAL_TIM_ConfigClockSource>
 8006268:	2800      	cmp	r0, #0
 800626a:	d13e      	bne.n	80062ea <MX_TIM1_Init+0xda>
  if (HAL_TIM_PWM_Init(&htim1) != HAL_OK)
 800626c:	4829      	ldr	r0, [pc, #164]	@ (8006314 <MX_TIM1_Init+0x104>)
 800626e:	f7fd fdfd 	bl	8003e6c <HAL_TIM_PWM_Init>
 8006272:	2800      	cmp	r0, #0
 8006274:	d13c      	bne.n	80062f0 <MX_TIM1_Init+0xe0>
  sMasterConfig.MasterOutputTrigger = TIM_TRGO_RESET;
 8006276:	2300      	movs	r3, #0
 8006278:	9310      	str	r3, [sp, #64]	@ 0x40
  sMasterConfig.MasterSlaveMode = TIM_MASTERSLAVEMODE_DISABLE;
 800627a:	9311      	str	r3, [sp, #68]	@ 0x44
  if (HAL_TIMEx_MasterConfigSynchronization(&htim1, &sMasterConfig) != HAL_OK)
 800627c:	a910      	add	r1, sp, #64	@ 0x40
 800627e:	4825      	ldr	r0, [pc, #148]	@ (8006314 <MX_TIM1_Init+0x104>)
 8006280:	f7fd ffca 	bl	8004218 <HAL_TIMEx_MasterConfigSynchronization>
 8006284:	2800      	cmp	r0, #0
 8006286:	d136      	bne.n	80062f6 <MX_TIM1_Init+0xe6>
  sConfigOC.OCMode = TIM_OCMODE_PWM1;
 8006288:	2360      	movs	r3, #96	@ 0x60
 800628a:	9309      	str	r3, [sp, #36]	@ 0x24
  sConfigOC.Pulse = 0;
 800628c:	2200      	movs	r2, #0
 800628e:	920a      	str	r2, [sp, #40]	@ 0x28
  sConfigOC.OCPolarity = TIM_OCPOLARITY_HIGH;
 8006290:	920b      	str	r2, [sp, #44]	@ 0x2c
  sConfigOC.OCNPolarity = TIM_OCNPOLARITY_HIGH;
 8006292:	920c      	str	r2, [sp, #48]	@ 0x30
  sConfigOC.OCFastMode = TIM_OCFAST_DISABLE;
 8006294:	920d      	str	r2, [sp, #52]	@ 0x34
  sConfigOC.OCIdleState = TIM_OCIDLESTATE_RESET;
 8006296:	920e      	str	r2, [sp, #56]	@ 0x38
  sConfigOC.OCNIdleState = TIM_OCNIDLESTATE_RESET;
 8006298:	920f      	str	r2, [sp, #60]	@ 0x3c
  if (HAL_TIM_PWM_ConfigChannel(&htim1, &sConfigOC, TIM_CHANNEL_1) != HAL_OK)
 800629a:	a909      	add	r1, sp, #36	@ 0x24
 800629c:	481d      	ldr	r0, [pc, #116]	@ (8006314 <MX_TIM1_Init+0x104>)
 800629e:	f7fd fe3f 	bl	8003f20 <HAL_TIM_PWM_ConfigChannel>
 80062a2:	bb58      	cbnz	r0, 80062fc <MX_TIM1_Init+0xec>
  if (HAL_TIM_PWM_ConfigChannel(&htim1, &sConfigOC, TIM_CHANNEL_2) != HAL_OK)
 80062a4:	2204      	movs	r2, #4
 80062a6:	a909      	add	r1, sp, #36	@ 0x24
 80062a8:	481a      	ldr	r0, [pc, #104]	@ (8006314 <MX_TIM1_Init+0x104>)
 80062aa:	f7fd fe39 	bl	8003f20 <HAL_TIM_PWM_ConfigChannel>
 80062ae:	bb40      	cbnz	r0, 8006302 <MX_TIM1_Init+0xf2>
  if (HAL_TIM_PWM_ConfigChannel(&htim1, &sConfigOC, TIM_CHANNEL_3) != HAL_OK)
 80062b0:	2208      	movs	r2, #8
 80062b2:	a909      	add	r1, sp, #36	@ 0x24
 80062b4:	4817      	ldr	r0, [pc, #92]	@ (8006314 <MX_TIM1_Init+0x104>)
 80062b6:	f7fd fe33 	bl	8003f20 <HAL_TIM_PWM_ConfigChannel>
 80062ba:	bb28      	cbnz	r0, 8006308 <MX_TIM1_Init+0xf8>
  sBreakDeadTimeConfig.OffStateRunMode = TIM_OSSR_DISABLE;
 80062bc:	2300      	movs	r3, #0
 80062be:	9301      	str	r3, [sp, #4]
  sBreakDeadTimeConfig.OffStateIDLEMode = TIM_OSSI_DISABLE;
 80062c0:	9302      	str	r3, [sp, #8]
  sBreakDeadTimeConfig.LockLevel = TIM_LOCKLEVEL_OFF;
 80062c2:	9303      	str	r3, [sp, #12]
  sBreakDeadTimeConfig.DeadTime = 0;
 80062c4:	9304      	str	r3, [sp, #16]
  sBreakDeadTimeConfig.BreakState = TIM_BREAK_DISABLE;
 80062c6:	9305      	str	r3, [sp, #20]
  sBreakDeadTimeConfig.BreakPolarity = TIM_BREAKPOLARITY_HIGH;
 80062c8:	f44f 5200 	mov.w	r2, #8192	@ 0x2000
 80062cc:	9206      	str	r2, [sp, #24]
  sBreakDeadTimeConfig.AutomaticOutput = TIM_AUTOMATICOUTPUT_DISABLE;
 80062ce:	9308      	str	r3, [sp, #32]
  if (HAL_TIMEx_ConfigBreakDeadTime(&htim1, &sBreakDeadTimeConfig) != HAL_OK)
 80062d0:	a901      	add	r1, sp, #4
 80062d2:	4810      	ldr	r0, [pc, #64]	@ (8006314 <MX_TIM1_Init+0x104>)
 80062d4:	f7fd ffde 	bl	8004294 <HAL_TIMEx_ConfigBreakDeadTime>
 80062d8:	b9c8      	cbnz	r0, 800630e <MX_TIM1_Init+0xfe>
  HAL_TIM_MspPostInit(&htim1);
 80062da:	480e      	ldr	r0, [pc, #56]	@ (8006314 <MX_TIM1_Init+0x104>)
 80062dc:	f7ff ff50 	bl	8006180 <HAL_TIM_MspPostInit>
}
 80062e0:	b016      	add	sp, #88	@ 0x58
 80062e2:	bd10      	pop	{r4, pc}
    Error_Handler();
 80062e4:	f7fa fe8f 	bl	8001006 <Error_Handler>
 80062e8:	e7b7      	b.n	800625a <MX_TIM1_Init+0x4a>
    Error_Handler();
 80062ea:	f7fa fe8c 	bl	8001006 <Error_Handler>
 80062ee:	e7bd      	b.n	800626c <MX_TIM1_Init+0x5c>
    Error_Handler();
 80062f0:	f7fa fe89 	bl	8001006 <Error_Handler>
 80062f4:	e7bf      	b.n	8006276 <MX_TIM1_Init+0x66>
    Error_Handler();
 80062f6:	f7fa fe86 	bl	8001006 <Error_Handler>
 80062fa:	e7c5      	b.n	8006288 <MX_TIM1_Init+0x78>
    Error_Handler();
 80062fc:	f7fa fe83 	bl	8001006 <Error_Handler>
 8006300:	e7d0      	b.n	80062a4 <MX_TIM1_Init+0x94>
    Error_Handler();
 8006302:	f7fa fe80 	bl	8001006 <Error_Handler>
 8006306:	e7d3      	b.n	80062b0 <MX_TIM1_Init+0xa0>
    Error_Handler();
 8006308:	f7fa fe7d 	bl	8001006 <Error_Handler>
 800630c:	e7d6      	b.n	80062bc <MX_TIM1_Init+0xac>
    Error_Handler();
 800630e:	f7fa fe7a 	bl	8001006 <Error_Handler>
 8006312:	e7e2      	b.n	80062da <MX_TIM1_Init+0xca>
 8006314:	20004be8 	.word	0x20004be8
 8006318:	40010000 	.word	0x40010000

0800631c <MX_TIM2_Init>:
{
 800631c:	b500      	push	{lr}
 800631e:	b08f      	sub	sp, #60	@ 0x3c
  TIM_ClockConfigTypeDef sClockSourceConfig = {0};
 8006320:	2300      	movs	r3, #0
 8006322:	930a      	str	r3, [sp, #40]	@ 0x28
 8006324:	930b      	str	r3, [sp, #44]	@ 0x2c
 8006326:	930c      	str	r3, [sp, #48]	@ 0x30
 8006328:	930d      	str	r3, [sp, #52]	@ 0x34
  TIM_MasterConfigTypeDef sMasterConfig = {0};
 800632a:	9308      	str	r3, [sp, #32]
 800632c:	9309      	str	r3, [sp, #36]	@ 0x24
  TIM_OC_InitTypeDef sConfigOC = {0};
 800632e:	9301      	str	r3, [sp, #4]
 8006330:	9302      	str	r3, [sp, #8]
 8006332:	9303      	str	r3, [sp, #12]
 8006334:	9304      	str	r3, [sp, #16]
 8006336:	9305      	str	r3, [sp, #20]
 8006338:	9306      	str	r3, [sp, #24]
 800633a:	9307      	str	r3, [sp, #28]
  htim2.Instance = TIM2;
 800633c:	4825      	ldr	r0, [pc, #148]	@ (80063d4 <MX_TIM2_Init+0xb8>)
 800633e:	f04f 4280 	mov.w	r2, #1073741824	@ 0x40000000
 8006342:	6002      	str	r2, [r0, #0]
  htim2.Init.Prescaler = 96;
 8006344:	2260      	movs	r2, #96	@ 0x60
 8006346:	6042      	str	r2, [r0, #4]
  htim2.Init.CounterMode = TIM_COUNTERMODE_UP;
 8006348:	6083      	str	r3, [r0, #8]
  htim2.Init.Period = 100;
 800634a:	2264      	movs	r2, #100	@ 0x64
 800634c:	60c2      	str	r2, [r0, #12]
  htim2.Init.ClockDivision = TIM_CLOCKDIVISION_DIV1;
 800634e:	6103      	str	r3, [r0, #16]
  htim2.Init.AutoReloadPreload = TIM_AUTORELOAD_PRELOAD_DISABLE;
 8006350:	6183      	str	r3, [r0, #24]
  if (HAL_TIM_Base_Init(&htim2) != HAL_OK)
 8006352:	f7fd fd5f 	bl	8003e14 <HAL_TIM_Base_Init>
 8006356:	bb58      	cbnz	r0, 80063b0 <MX_TIM2_Init+0x94>
  sClockSourceConfig.ClockSource = TIM_CLOCKSOURCE_INTERNAL;
 8006358:	f44f 5380 	mov.w	r3, #4096	@ 0x1000
 800635c:	930a      	str	r3, [sp, #40]	@ 0x28
  if (HAL_TIM_ConfigClockSource(&htim2, &sClockSourceConfig) != HAL_OK)
 800635e:	a90a      	add	r1, sp, #40	@ 0x28
 8006360:	481c      	ldr	r0, [pc, #112]	@ (80063d4 <MX_TIM2_Init+0xb8>)
 8006362:	f7fd fe58 	bl	8004016 <HAL_TIM_ConfigClockSource>
 8006366:	bb30      	cbnz	r0, 80063b6 <MX_TIM2_Init+0x9a>
  if (HAL_TIM_PWM_Init(&htim2) != HAL_OK)
 8006368:	481a      	ldr	r0, [pc, #104]	@ (80063d4 <MX_TIM2_Init+0xb8>)
 800636a:	f7fd fd7f 	bl	8003e6c <HAL_TIM_PWM_Init>
 800636e:	bb28      	cbnz	r0, 80063bc <MX_TIM2_Init+0xa0>
  sMasterConfig.MasterOutputTrigger = TIM_TRGO_RESET;
 8006370:	2300      	movs	r3, #0
 8006372:	9308      	str	r3, [sp, #32]
  sMasterConfig.MasterSlaveMode = TIM_MASTERSLAVEMODE_DISABLE;
 8006374:	9309      	str	r3, [sp, #36]	@ 0x24
  if (HAL_TIMEx_MasterConfigSynchronization(&htim2, &sMasterConfig) != HAL_OK)
 8006376:	a908      	add	r1, sp, #32
 8006378:	4816      	ldr	r0, [pc, #88]	@ (80063d4 <MX_TIM2_Init+0xb8>)
 800637a:	f7fd ff4d 	bl	8004218 <HAL_TIMEx_MasterConfigSynchronization>
 800637e:	bb00      	cbnz	r0, 80063c2 <MX_TIM2_Init+0xa6>
  sConfigOC.OCMode = TIM_OCMODE_PWM1;
 8006380:	2360      	movs	r3, #96	@ 0x60
 8006382:	9301      	str	r3, [sp, #4]
  sConfigOC.Pulse = 0;
 8006384:	2200      	movs	r2, #0
 8006386:	9202      	str	r2, [sp, #8]
  sConfigOC.OCPolarity = TIM_OCPOLARITY_HIGH;
 8006388:	9203      	str	r2, [sp, #12]
  sConfigOC.OCFastMode = TIM_OCFAST_DISABLE;
 800638a:	9205      	str	r2, [sp, #20]
  if (HAL_TIM_PWM_ConfigChannel(&htim2, &sConfigOC, TIM_CHANNEL_1) != HAL_OK)
 800638c:	a901      	add	r1, sp, #4
 800638e:	4811      	ldr	r0, [pc, #68]	@ (80063d4 <MX_TIM2_Init+0xb8>)
 8006390:	f7fd fdc6 	bl	8003f20 <HAL_TIM_PWM_ConfigChannel>
 8006394:	b9c0      	cbnz	r0, 80063c8 <MX_TIM2_Init+0xac>
  if (HAL_TIM_PWM_ConfigChannel(&htim2, &sConfigOC, TIM_CHANNEL_2) != HAL_OK)
 8006396:	2204      	movs	r2, #4
 8006398:	eb0d 0102 	add.w	r1, sp, r2
 800639c:	480d      	ldr	r0, [pc, #52]	@ (80063d4 <MX_TIM2_Init+0xb8>)
 800639e:	f7fd fdbf 	bl	8003f20 <HAL_TIM_PWM_ConfigChannel>
 80063a2:	b9a0      	cbnz	r0, 80063ce <MX_TIM2_Init+0xb2>
  HAL_TIM_MspPostInit(&htim2);
 80063a4:	480b      	ldr	r0, [pc, #44]	@ (80063d4 <MX_TIM2_Init+0xb8>)
 80063a6:	f7ff feeb 	bl	8006180 <HAL_TIM_MspPostInit>
}
 80063aa:	b00f      	add	sp, #60	@ 0x3c
 80063ac:	f85d fb04 	ldr.w	pc, [sp], #4
    Error_Handler();
 80063b0:	f7fa fe29 	bl	8001006 <Error_Handler>
 80063b4:	e7d0      	b.n	8006358 <MX_TIM2_Init+0x3c>
    Error_Handler();
 80063b6:	f7fa fe26 	bl	8001006 <Error_Handler>
 80063ba:	e7d5      	b.n	8006368 <MX_TIM2_Init+0x4c>
    Error_Handler();
 80063bc:	f7fa fe23 	bl	8001006 <Error_Handler>
 80063c0:	e7d6      	b.n	8006370 <MX_TIM2_Init+0x54>
    Error_Handler();
 80063c2:	f7fa fe20 	bl	8001006 <Error_Handler>
 80063c6:	e7db      	b.n	8006380 <MX_TIM2_Init+0x64>
    Error_Handler();
 80063c8:	f7fa fe1d 	bl	8001006 <Error_Handler>
 80063cc:	e7e3      	b.n	8006396 <MX_TIM2_Init+0x7a>
    Error_Handler();
 80063ce:	f7fa fe1a 	bl	8001006 <Error_Handler>
 80063d2:	e7e7      	b.n	80063a4 <MX_TIM2_Init+0x88>
 80063d4:	20004ba0 	.word	0x20004ba0

080063d8 <prvGetNextExpireTime>:
	the timer with the nearest expiry time will expire.  If there are no
	active timers then just set the next expire time to 0.  That will cause
	this task to unblock when the tick count overflows, at which point the
	timer lists will be switched and the next expiry time can be
	re-assessed.  */
	*pxListWasEmpty = listLIST_IS_EMPTY( pxCurrentTimerList );
 80063d8:	4b06      	ldr	r3, [pc, #24]	@ (80063f4 <prvGetNextExpireTime+0x1c>)
 80063da:	681a      	ldr	r2, [r3, #0]
 80063dc:	6813      	ldr	r3, [r2, #0]
 80063de:	b92b      	cbnz	r3, 80063ec <prvGetNextExpireTime+0x14>
 80063e0:	2301      	movs	r3, #1
 80063e2:	6003      	str	r3, [r0, #0]
	if( *pxListWasEmpty == pdFALSE )
 80063e4:	b923      	cbnz	r3, 80063f0 <prvGetNextExpireTime+0x18>
	{
		xNextExpireTime = listGET_ITEM_VALUE_OF_HEAD_ENTRY( pxCurrentTimerList );
 80063e6:	68d3      	ldr	r3, [r2, #12]
 80063e8:	6818      	ldr	r0, [r3, #0]
 80063ea:	4770      	bx	lr
	*pxListWasEmpty = listLIST_IS_EMPTY( pxCurrentTimerList );
 80063ec:	2300      	movs	r3, #0
 80063ee:	e7f8      	b.n	80063e2 <prvGetNextExpireTime+0xa>
	}
	else
	{
		/* Ensure the task unblocks when the tick count rolls over. */
		xNextExpireTime = ( TickType_t ) 0U;
 80063f0:	2000      	movs	r0, #0
	}

	return xNextExpireTime;
}
 80063f2:	4770      	bx	lr
 80063f4:	20004d30 	.word	0x20004d30

080063f8 <prvInsertTimerInActiveList>:
	return xTimeNow;
}
/*-----------------------------------------------------------*/

static BaseType_t prvInsertTimerInActiveList( Timer_t * const pxTimer, const TickType_t xNextExpiryTime, const TickType_t xTimeNow, const TickType_t xCommandTime )
{
 80063f8:	b508      	push	{r3, lr}
BaseType_t xProcessTimerNow = pdFALSE;

	listSET_LIST_ITEM_VALUE( &( pxTimer->xTimerListItem ), xNextExpiryTime );
 80063fa:	6041      	str	r1, [r0, #4]
	listSET_LIST_ITEM_OWNER( &( pxTimer->xTimerListItem ), pxTimer );
 80063fc:	6100      	str	r0, [r0, #16]

	if( xNextExpiryTime <= xTimeNow )
 80063fe:	4291      	cmp	r1, r2
 8006400:	d80c      	bhi.n	800641c <prvInsertTimerInActiveList+0x24>
	{
		/* Has the expiry time elapsed between the command to start/reset a
		timer was issued, and the time the command was processed? */
		if( ( ( TickType_t ) ( xTimeNow - xCommandTime ) ) >= pxTimer->xTimerPeriodInTicks ) /*lint !e961 MISRA exception as the casts are only redundant for some ports. */
 8006402:	1ad2      	subs	r2, r2, r3
 8006404:	6983      	ldr	r3, [r0, #24]
 8006406:	429a      	cmp	r2, r3
 8006408:	d301      	bcc.n	800640e <prvInsertTimerInActiveList+0x16>
		{
			/* The time between a command being issued and the command being
			processed actually exceeds the timers period.  */
			xProcessTimerNow = pdTRUE;
 800640a:	2001      	movs	r0, #1
			vListInsert( pxCurrentTimerList, &( pxTimer->xTimerListItem ) );
		}
	}

	return xProcessTimerNow;
}
 800640c:	bd08      	pop	{r3, pc}
			vListInsert( pxOverflowTimerList, &( pxTimer->xTimerListItem ) );
 800640e:	1d01      	adds	r1, r0, #4
 8006410:	4b09      	ldr	r3, [pc, #36]	@ (8006438 <prvInsertTimerInActiveList+0x40>)
 8006412:	6818      	ldr	r0, [r3, #0]
 8006414:	f7fa fdcb 	bl	8000fae <vListInsert>
BaseType_t xProcessTimerNow = pdFALSE;
 8006418:	2000      	movs	r0, #0
 800641a:	e7f7      	b.n	800640c <prvInsertTimerInActiveList+0x14>
		if( ( xTimeNow < xCommandTime ) && ( xNextExpiryTime >= xCommandTime ) )
 800641c:	429a      	cmp	r2, r3
 800641e:	d201      	bcs.n	8006424 <prvInsertTimerInActiveList+0x2c>
 8006420:	4299      	cmp	r1, r3
 8006422:	d206      	bcs.n	8006432 <prvInsertTimerInActiveList+0x3a>
			vListInsert( pxCurrentTimerList, &( pxTimer->xTimerListItem ) );
 8006424:	1d01      	adds	r1, r0, #4
 8006426:	4b05      	ldr	r3, [pc, #20]	@ (800643c <prvInsertTimerInActiveList+0x44>)
 8006428:	6818      	ldr	r0, [r3, #0]
 800642a:	f7fa fdc0 	bl	8000fae <vListInsert>
BaseType_t xProcessTimerNow = pdFALSE;
 800642e:	2000      	movs	r0, #0
 8006430:	e7ec      	b.n	800640c <prvInsertTimerInActiveList+0x14>
			xProcessTimerNow = pdTRUE;
 8006432:	2001      	movs	r0, #1
	return xProcessTimerNow;
 8006434:	e7ea      	b.n	800640c <prvInsertTimerInActiveList+0x14>
 8006436:	bf00      	nop
 8006438:	20004d2c 	.word	0x20004d2c
 800643c:	20004d30 	.word	0x20004d30

08006440 <prvCheckForValidListAndQueue>:
	pxOverflowTimerList = pxTemp;
}
/*-----------------------------------------------------------*/

static void prvCheckForValidListAndQueue( void )
{
 8006440:	b530      	push	{r4, r5, lr}
 8006442:	b083      	sub	sp, #12
	/* Check that the list from which active timers are referenced, and the
	queue used to communicate with the timer service, have been
	initialised. */
	taskENTER_CRITICAL();
 8006444:	f7fa febe 	bl	80011c4 <vPortEnterCritical>
	{
		if( xTimerQueue == NULL )
 8006448:	4b11      	ldr	r3, [pc, #68]	@ (8006490 <prvCheckForValidListAndQueue+0x50>)
 800644a:	681b      	ldr	r3, [r3, #0]
 800644c:	b11b      	cbz	r3, 8006456 <prvCheckForValidListAndQueue+0x16>
		else
		{
			mtCOVERAGE_TEST_MARKER();
		}
	}
	taskEXIT_CRITICAL();
 800644e:	f7fa fedb 	bl	8001208 <vPortExitCritical>
}
 8006452:	b003      	add	sp, #12
 8006454:	bd30      	pop	{r4, r5, pc}
			vListInitialise( &xActiveTimerList1 );
 8006456:	4d0f      	ldr	r5, [pc, #60]	@ (8006494 <prvCheckForValidListAndQueue+0x54>)
 8006458:	4628      	mov	r0, r5
 800645a:	f7fa fd8f 	bl	8000f7c <vListInitialise>
			vListInitialise( &xActiveTimerList2 );
 800645e:	4c0e      	ldr	r4, [pc, #56]	@ (8006498 <prvCheckForValidListAndQueue+0x58>)
 8006460:	4620      	mov	r0, r4
 8006462:	f7fa fd8b 	bl	8000f7c <vListInitialise>
			pxCurrentTimerList = &xActiveTimerList1;
 8006466:	4b0d      	ldr	r3, [pc, #52]	@ (800649c <prvCheckForValidListAndQueue+0x5c>)
 8006468:	601d      	str	r5, [r3, #0]
			pxOverflowTimerList = &xActiveTimerList2;
 800646a:	4b0d      	ldr	r3, [pc, #52]	@ (80064a0 <prvCheckForValidListAndQueue+0x60>)
 800646c:	601c      	str	r4, [r3, #0]
				xTimerQueue = xQueueCreateStatic( ( UBaseType_t ) configTIMER_QUEUE_LENGTH, ( UBaseType_t ) sizeof( DaemonTaskMessage_t ), &( ucStaticTimerQueueStorage[ 0 ] ), &xStaticTimerQueue );
 800646e:	2300      	movs	r3, #0
 8006470:	9300      	str	r3, [sp, #0]
 8006472:	4b0c      	ldr	r3, [pc, #48]	@ (80064a4 <prvCheckForValidListAndQueue+0x64>)
 8006474:	4a0c      	ldr	r2, [pc, #48]	@ (80064a8 <prvCheckForValidListAndQueue+0x68>)
 8006476:	2110      	movs	r1, #16
 8006478:	200a      	movs	r0, #10
 800647a:	f7fb f8ea 	bl	8001652 <xQueueGenericCreateStatic>
 800647e:	4b04      	ldr	r3, [pc, #16]	@ (8006490 <prvCheckForValidListAndQueue+0x50>)
 8006480:	6018      	str	r0, [r3, #0]
				if( xTimerQueue != NULL )
 8006482:	2800      	cmp	r0, #0
 8006484:	d0e3      	beq.n	800644e <prvCheckForValidListAndQueue+0xe>
					vQueueAddToRegistry( xTimerQueue, "TmrQ" );
 8006486:	4909      	ldr	r1, [pc, #36]	@ (80064ac <prvCheckForValidListAndQueue+0x6c>)
 8006488:	f7fb fb08 	bl	8001a9c <vQueueAddToRegistry>
 800648c:	e7df      	b.n	800644e <prvCheckForValidListAndQueue+0xe>
 800648e:	bf00      	nop
 8006490:	20004d28 	.word	0x20004d28
 8006494:	20004d48 	.word	0x20004d48
 8006498:	20004d34 	.word	0x20004d34
 800649c:	20004d30 	.word	0x20004d30
 80064a0:	20004d2c 	.word	0x20004d2c
 80064a4:	20004c30 	.word	0x20004c30
 80064a8:	20004c80 	.word	0x20004c80
 80064ac:	08008dd4 	.word	0x08008dd4

080064b0 <xTimerCreateTimerTask>:
{
 80064b0:	b510      	push	{r4, lr}
 80064b2:	b088      	sub	sp, #32
	prvCheckForValidListAndQueue();
 80064b4:	f7ff ffc4 	bl	8006440 <prvCheckForValidListAndQueue>
	if( xTimerQueue != NULL )
 80064b8:	4b12      	ldr	r3, [pc, #72]	@ (8006504 <xTimerCreateTimerTask+0x54>)
 80064ba:	681b      	ldr	r3, [r3, #0]
 80064bc:	b1cb      	cbz	r3, 80064f2 <xTimerCreateTimerTask+0x42>
			StaticTask_t *pxTimerTaskTCBBuffer = NULL;
 80064be:	2400      	movs	r4, #0
 80064c0:	9405      	str	r4, [sp, #20]
			StackType_t *pxTimerTaskStackBuffer = NULL;
 80064c2:	9406      	str	r4, [sp, #24]
			vApplicationGetTimerTaskMemory( &pxTimerTaskTCBBuffer, &pxTimerTaskStackBuffer, &ulTimerTaskStackSize );
 80064c4:	aa07      	add	r2, sp, #28
 80064c6:	a906      	add	r1, sp, #24
 80064c8:	a805      	add	r0, sp, #20
 80064ca:	f7fa f80b 	bl	80004e4 <vApplicationGetTimerTaskMemory>
			xTimerTaskHandle = xTaskCreateStatic(	prvTimerTask,
 80064ce:	9b05      	ldr	r3, [sp, #20]
 80064d0:	9302      	str	r3, [sp, #8]
 80064d2:	9b06      	ldr	r3, [sp, #24]
 80064d4:	9301      	str	r3, [sp, #4]
 80064d6:	2302      	movs	r3, #2
 80064d8:	9300      	str	r3, [sp, #0]
 80064da:	4623      	mov	r3, r4
 80064dc:	9a07      	ldr	r2, [sp, #28]
 80064de:	490a      	ldr	r1, [pc, #40]	@ (8006508 <xTimerCreateTimerTask+0x58>)
 80064e0:	480a      	ldr	r0, [pc, #40]	@ (800650c <xTimerCreateTimerTask+0x5c>)
 80064e2:	f7ff fab3 	bl	8005a4c <xTaskCreateStatic>
 80064e6:	4b0a      	ldr	r3, [pc, #40]	@ (8006510 <xTimerCreateTimerTask+0x60>)
 80064e8:	6018      	str	r0, [r3, #0]
			if( xTimerTaskHandle != NULL )
 80064ea:	b110      	cbz	r0, 80064f2 <xTimerCreateTimerTask+0x42>
}
 80064ec:	2001      	movs	r0, #1
 80064ee:	b008      	add	sp, #32
 80064f0:	bd10      	pop	{r4, pc}
 80064f2:	f04f 0350 	mov.w	r3, #80	@ 0x50
 80064f6:	f383 8811 	msr	BASEPRI, r3
 80064fa:	f3bf 8f6f 	isb	sy
 80064fe:	f3bf 8f4f 	dsb	sy
	configASSERT( xReturn );
 8006502:	e7fe      	b.n	8006502 <xTimerCreateTimerTask+0x52>
 8006504:	20004d28 	.word	0x20004d28
 8006508:	08008ddc 	.word	0x08008ddc
 800650c:	08006815 	.word	0x08006815
 8006510:	20004d24 	.word	0x20004d24

08006514 <xTimerGenericCommand>:
	configASSERT( xTimer );
 8006514:	b1b8      	cbz	r0, 8006546 <xTimerGenericCommand+0x32>
 8006516:	469c      	mov	ip, r3
 8006518:	4603      	mov	r3, r0
	if( xTimerQueue != NULL )
 800651a:	4818      	ldr	r0, [pc, #96]	@ (800657c <xTimerGenericCommand+0x68>)
 800651c:	6800      	ldr	r0, [r0, #0]
 800651e:	b358      	cbz	r0, 8006578 <xTimerGenericCommand+0x64>
{
 8006520:	b500      	push	{lr}
 8006522:	b085      	sub	sp, #20
		xMessage.xMessageID = xCommandID;
 8006524:	9100      	str	r1, [sp, #0]
		xMessage.u.xTimerParameters.xMessageValue = xOptionalValue;
 8006526:	9201      	str	r2, [sp, #4]
		xMessage.u.xTimerParameters.pxTimer = xTimer;
 8006528:	9302      	str	r3, [sp, #8]
		if( xCommandID < tmrFIRST_FROM_ISR_COMMAND )
 800652a:	2905      	cmp	r1, #5
 800652c:	dc1c      	bgt.n	8006568 <xTimerGenericCommand+0x54>
			if( xTaskGetSchedulerState() == taskSCHEDULER_RUNNING )
 800652e:	f7ff fda7 	bl	8006080 <xTaskGetSchedulerState>
 8006532:	2802      	cmp	r0, #2
 8006534:	d010      	beq.n	8006558 <xTimerGenericCommand+0x44>
				xReturn = xQueueSendToBack( xTimerQueue, &xMessage, tmrNO_DELAY );
 8006536:	2300      	movs	r3, #0
 8006538:	461a      	mov	r2, r3
 800653a:	4669      	mov	r1, sp
 800653c:	480f      	ldr	r0, [pc, #60]	@ (800657c <xTimerGenericCommand+0x68>)
 800653e:	6800      	ldr	r0, [r0, #0]
 8006540:	f7fb f8d1 	bl	80016e6 <xQueueGenericSend>
 8006544:	e015      	b.n	8006572 <xTimerGenericCommand+0x5e>
 8006546:	f04f 0350 	mov.w	r3, #80	@ 0x50
 800654a:	f383 8811 	msr	BASEPRI, r3
 800654e:	f3bf 8f6f 	isb	sy
 8006552:	f3bf 8f4f 	dsb	sy
	configASSERT( xTimer );
 8006556:	e7fe      	b.n	8006556 <xTimerGenericCommand+0x42>
				xReturn = xQueueSendToBack( xTimerQueue, &xMessage, xTicksToWait );
 8006558:	2300      	movs	r3, #0
 800655a:	9a06      	ldr	r2, [sp, #24]
 800655c:	4669      	mov	r1, sp
 800655e:	4807      	ldr	r0, [pc, #28]	@ (800657c <xTimerGenericCommand+0x68>)
 8006560:	6800      	ldr	r0, [r0, #0]
 8006562:	f7fb f8c0 	bl	80016e6 <xQueueGenericSend>
 8006566:	e004      	b.n	8006572 <xTimerGenericCommand+0x5e>
			xReturn = xQueueSendToBackFromISR( xTimerQueue, &xMessage, pxHigherPriorityTaskWoken );
 8006568:	2300      	movs	r3, #0
 800656a:	4662      	mov	r2, ip
 800656c:	4669      	mov	r1, sp
 800656e:	f7fb f97e 	bl	800186e <xQueueGenericSendFromISR>
}
 8006572:	b005      	add	sp, #20
 8006574:	f85d fb04 	ldr.w	pc, [sp], #4
BaseType_t xReturn = pdFAIL;
 8006578:	2000      	movs	r0, #0
}
 800657a:	4770      	bx	lr
 800657c:	20004d28 	.word	0x20004d28

08006580 <prvSwitchTimerLists>:
{
 8006580:	b570      	push	{r4, r5, r6, lr}
 8006582:	b082      	sub	sp, #8
	while( listLIST_IS_EMPTY( pxCurrentTimerList ) == pdFALSE )
 8006584:	4b1b      	ldr	r3, [pc, #108]	@ (80065f4 <prvSwitchTimerLists+0x74>)
 8006586:	681b      	ldr	r3, [r3, #0]
 8006588:	681a      	ldr	r2, [r3, #0]
 800658a:	b362      	cbz	r2, 80065e6 <prvSwitchTimerLists+0x66>
		xNextExpireTime = listGET_ITEM_VALUE_OF_HEAD_ENTRY( pxCurrentTimerList );
 800658c:	68db      	ldr	r3, [r3, #12]
 800658e:	681e      	ldr	r6, [r3, #0]
		pxTimer = ( Timer_t * ) listGET_OWNER_OF_HEAD_ENTRY( pxCurrentTimerList ); /*lint !e9087 !e9079 void * is used as this macro is used with tasks and co-routines too.  Alignment is known to be fine as the type of the pointer stored and retrieved is the same. */
 8006590:	68dc      	ldr	r4, [r3, #12]
		( void ) uxListRemove( &( pxTimer->xTimerListItem ) );
 8006592:	1d25      	adds	r5, r4, #4
 8006594:	4628      	mov	r0, r5
 8006596:	f7fa fd23 	bl	8000fe0 <uxListRemove>
		pxTimer->pxCallbackFunction( ( TimerHandle_t ) pxTimer );
 800659a:	6a23      	ldr	r3, [r4, #32]
 800659c:	4620      	mov	r0, r4
 800659e:	4798      	blx	r3
		if( ( pxTimer->ucStatus & tmrSTATUS_IS_AUTORELOAD ) != 0 )
 80065a0:	f894 3028 	ldrb.w	r3, [r4, #40]	@ 0x28
 80065a4:	f013 0f04 	tst.w	r3, #4
 80065a8:	d0ec      	beq.n	8006584 <prvSwitchTimerLists+0x4>
			xReloadTime = ( xNextExpireTime + pxTimer->xTimerPeriodInTicks );
 80065aa:	69a3      	ldr	r3, [r4, #24]
 80065ac:	4433      	add	r3, r6
			if( xReloadTime > xNextExpireTime )
 80065ae:	429e      	cmp	r6, r3
 80065b0:	d207      	bcs.n	80065c2 <prvSwitchTimerLists+0x42>
				listSET_LIST_ITEM_VALUE( &( pxTimer->xTimerListItem ), xReloadTime );
 80065b2:	6063      	str	r3, [r4, #4]
				listSET_LIST_ITEM_OWNER( &( pxTimer->xTimerListItem ), pxTimer );
 80065b4:	6124      	str	r4, [r4, #16]
				vListInsert( pxCurrentTimerList, &( pxTimer->xTimerListItem ) );
 80065b6:	4629      	mov	r1, r5
 80065b8:	4b0e      	ldr	r3, [pc, #56]	@ (80065f4 <prvSwitchTimerLists+0x74>)
 80065ba:	6818      	ldr	r0, [r3, #0]
 80065bc:	f7fa fcf7 	bl	8000fae <vListInsert>
 80065c0:	e7e0      	b.n	8006584 <prvSwitchTimerLists+0x4>
				xResult = xTimerGenericCommand( pxTimer, tmrCOMMAND_START_DONT_TRACE, xNextExpireTime, NULL, tmrNO_DELAY );
 80065c2:	2100      	movs	r1, #0
 80065c4:	9100      	str	r1, [sp, #0]
 80065c6:	460b      	mov	r3, r1
 80065c8:	4632      	mov	r2, r6
 80065ca:	4620      	mov	r0, r4
 80065cc:	f7ff ffa2 	bl	8006514 <xTimerGenericCommand>
				configASSERT( xResult );
 80065d0:	2800      	cmp	r0, #0
 80065d2:	d1d7      	bne.n	8006584 <prvSwitchTimerLists+0x4>
 80065d4:	f04f 0350 	mov.w	r3, #80	@ 0x50
 80065d8:	f383 8811 	msr	BASEPRI, r3
 80065dc:	f3bf 8f6f 	isb	sy
 80065e0:	f3bf 8f4f 	dsb	sy
 80065e4:	e7fe      	b.n	80065e4 <prvSwitchTimerLists+0x64>
	pxCurrentTimerList = pxOverflowTimerList;
 80065e6:	4a04      	ldr	r2, [pc, #16]	@ (80065f8 <prvSwitchTimerLists+0x78>)
 80065e8:	6810      	ldr	r0, [r2, #0]
 80065ea:	4902      	ldr	r1, [pc, #8]	@ (80065f4 <prvSwitchTimerLists+0x74>)
 80065ec:	6008      	str	r0, [r1, #0]
	pxOverflowTimerList = pxTemp;
 80065ee:	6013      	str	r3, [r2, #0]
}
 80065f0:	b002      	add	sp, #8
 80065f2:	bd70      	pop	{r4, r5, r6, pc}
 80065f4:	20004d30 	.word	0x20004d30
 80065f8:	20004d2c 	.word	0x20004d2c

080065fc <prvSampleTimeNow>:
{
 80065fc:	b538      	push	{r3, r4, r5, lr}
 80065fe:	4605      	mov	r5, r0
	xTimeNow = xTaskGetTickCount();
 8006600:	f7ff fae6 	bl	8005bd0 <xTaskGetTickCount>
 8006604:	4604      	mov	r4, r0
	if( xTimeNow < xLastTime )
 8006606:	4b07      	ldr	r3, [pc, #28]	@ (8006624 <prvSampleTimeNow+0x28>)
 8006608:	681b      	ldr	r3, [r3, #0]
 800660a:	4283      	cmp	r3, r0
 800660c:	d805      	bhi.n	800661a <prvSampleTimeNow+0x1e>
		*pxTimerListsWereSwitched = pdFALSE;
 800660e:	2300      	movs	r3, #0
 8006610:	602b      	str	r3, [r5, #0]
	xLastTime = xTimeNow;
 8006612:	4b04      	ldr	r3, [pc, #16]	@ (8006624 <prvSampleTimeNow+0x28>)
 8006614:	601c      	str	r4, [r3, #0]
}
 8006616:	4620      	mov	r0, r4
 8006618:	bd38      	pop	{r3, r4, r5, pc}
		prvSwitchTimerLists();
 800661a:	f7ff ffb1 	bl	8006580 <prvSwitchTimerLists>
		*pxTimerListsWereSwitched = pdTRUE;
 800661e:	2301      	movs	r3, #1
 8006620:	602b      	str	r3, [r5, #0]
 8006622:	e7f6      	b.n	8006612 <prvSampleTimeNow+0x16>
 8006624:	20004d20 	.word	0x20004d20

08006628 <prvProcessExpiredTimer>:
{
 8006628:	b570      	push	{r4, r5, r6, lr}
 800662a:	b082      	sub	sp, #8
 800662c:	4606      	mov	r6, r0
 800662e:	460d      	mov	r5, r1
Timer_t * const pxTimer = ( Timer_t * ) listGET_OWNER_OF_HEAD_ENTRY( pxCurrentTimerList ); /*lint !e9087 !e9079 void * is used as this macro is used with tasks and co-routines too.  Alignment is known to be fine as the type of the pointer stored and retrieved is the same. */
 8006630:	4917      	ldr	r1, [pc, #92]	@ (8006690 <prvProcessExpiredTimer+0x68>)
 8006632:	6809      	ldr	r1, [r1, #0]
 8006634:	68c9      	ldr	r1, [r1, #12]
 8006636:	68cc      	ldr	r4, [r1, #12]
	( void ) uxListRemove( &( pxTimer->xTimerListItem ) );
 8006638:	1d20      	adds	r0, r4, #4
 800663a:	f7fa fcd1 	bl	8000fe0 <uxListRemove>
	if( ( pxTimer->ucStatus & tmrSTATUS_IS_AUTORELOAD ) != 0 )
 800663e:	f894 c028 	ldrb.w	ip, [r4, #40]	@ 0x28
 8006642:	f01c 0f04 	tst.w	ip, #4
 8006646:	d108      	bne.n	800665a <prvProcessExpiredTimer+0x32>
		pxTimer->ucStatus &= ~tmrSTATUS_IS_ACTIVE;
 8006648:	f02c 0c01 	bic.w	ip, ip, #1
 800664c:	f884 c028 	strb.w	ip, [r4, #40]	@ 0x28
	pxTimer->pxCallbackFunction( ( TimerHandle_t ) pxTimer );
 8006650:	6a23      	ldr	r3, [r4, #32]
 8006652:	4620      	mov	r0, r4
 8006654:	4798      	blx	r3
}
 8006656:	b002      	add	sp, #8
 8006658:	bd70      	pop	{r4, r5, r6, pc}
		if( prvInsertTimerInActiveList( pxTimer, ( xNextExpireTime + pxTimer->xTimerPeriodInTicks ), xTimeNow, xNextExpireTime ) != pdFALSE )
 800665a:	69a1      	ldr	r1, [r4, #24]
 800665c:	4633      	mov	r3, r6
 800665e:	462a      	mov	r2, r5
 8006660:	4431      	add	r1, r6
 8006662:	4620      	mov	r0, r4
 8006664:	f7ff fec8 	bl	80063f8 <prvInsertTimerInActiveList>
 8006668:	2800      	cmp	r0, #0
 800666a:	d0f1      	beq.n	8006650 <prvProcessExpiredTimer+0x28>
			xResult = xTimerGenericCommand( pxTimer, tmrCOMMAND_START_DONT_TRACE, xNextExpireTime, NULL, tmrNO_DELAY );
 800666c:	2100      	movs	r1, #0
 800666e:	9100      	str	r1, [sp, #0]
 8006670:	460b      	mov	r3, r1
 8006672:	4632      	mov	r2, r6
 8006674:	4620      	mov	r0, r4
 8006676:	f7ff ff4d 	bl	8006514 <xTimerGenericCommand>
			configASSERT( xResult );
 800667a:	2800      	cmp	r0, #0
 800667c:	d1e8      	bne.n	8006650 <prvProcessExpiredTimer+0x28>
 800667e:	f04f 0350 	mov.w	r3, #80	@ 0x50
 8006682:	f383 8811 	msr	BASEPRI, r3
 8006686:	f3bf 8f6f 	isb	sy
 800668a:	f3bf 8f4f 	dsb	sy
 800668e:	e7fe      	b.n	800668e <prvProcessExpiredTimer+0x66>
 8006690:	20004d30 	.word	0x20004d30

08006694 <prvProcessTimerOrBlockTask>:
{
 8006694:	b570      	push	{r4, r5, r6, lr}
 8006696:	b082      	sub	sp, #8
 8006698:	4606      	mov	r6, r0
 800669a:	460c      	mov	r4, r1
	vTaskSuspendAll();
 800669c:	f7ff fa90 	bl	8005bc0 <vTaskSuspendAll>
		xTimeNow = prvSampleTimeNow( &xTimerListsWereSwitched );
 80066a0:	a801      	add	r0, sp, #4
 80066a2:	f7ff ffab 	bl	80065fc <prvSampleTimeNow>
		if( xTimerListsWereSwitched == pdFALSE )
 80066a6:	9b01      	ldr	r3, [sp, #4]
 80066a8:	bb33      	cbnz	r3, 80066f8 <prvProcessTimerOrBlockTask+0x64>
 80066aa:	4605      	mov	r5, r0
			if( ( xListWasEmpty == pdFALSE ) && ( xNextExpireTime <= xTimeNow ) )
 80066ac:	b9e4      	cbnz	r4, 80066e8 <prvProcessTimerOrBlockTask+0x54>
 80066ae:	42b0      	cmp	r0, r6
 80066b0:	d213      	bcs.n	80066da <prvProcessTimerOrBlockTask+0x46>
				vQueueWaitForMessageRestricted( xTimerQueue, ( xNextExpireTime - xTimeNow ), xListWasEmpty );
 80066b2:	4622      	mov	r2, r4
 80066b4:	1b71      	subs	r1, r6, r5
 80066b6:	4b12      	ldr	r3, [pc, #72]	@ (8006700 <prvProcessTimerOrBlockTask+0x6c>)
 80066b8:	6818      	ldr	r0, [r3, #0]
 80066ba:	f7fb fa03 	bl	8001ac4 <vQueueWaitForMessageRestricted>
				if( xTaskResumeAll() == pdFALSE )
 80066be:	f7ff fb21 	bl	8005d04 <xTaskResumeAll>
 80066c2:	b9d8      	cbnz	r0, 80066fc <prvProcessTimerOrBlockTask+0x68>
					portYIELD_WITHIN_API();
 80066c4:	f04f 23e0 	mov.w	r3, #3758153728	@ 0xe000e000
 80066c8:	f04f 5280 	mov.w	r2, #268435456	@ 0x10000000
 80066cc:	f8c3 2d04 	str.w	r2, [r3, #3332]	@ 0xd04
 80066d0:	f3bf 8f4f 	dsb	sy
 80066d4:	f3bf 8f6f 	isb	sy
 80066d8:	e010      	b.n	80066fc <prvProcessTimerOrBlockTask+0x68>
				( void ) xTaskResumeAll();
 80066da:	f7ff fb13 	bl	8005d04 <xTaskResumeAll>
				prvProcessExpiredTimer( xNextExpireTime, xTimeNow );
 80066de:	4629      	mov	r1, r5
 80066e0:	4630      	mov	r0, r6
 80066e2:	f7ff ffa1 	bl	8006628 <prvProcessExpiredTimer>
 80066e6:	e009      	b.n	80066fc <prvProcessTimerOrBlockTask+0x68>
					xListWasEmpty = listLIST_IS_EMPTY( pxOverflowTimerList );
 80066e8:	4a06      	ldr	r2, [pc, #24]	@ (8006704 <prvProcessTimerOrBlockTask+0x70>)
 80066ea:	6812      	ldr	r2, [r2, #0]
 80066ec:	6812      	ldr	r2, [r2, #0]
 80066ee:	b90a      	cbnz	r2, 80066f4 <prvProcessTimerOrBlockTask+0x60>
 80066f0:	2401      	movs	r4, #1
 80066f2:	e7de      	b.n	80066b2 <prvProcessTimerOrBlockTask+0x1e>
 80066f4:	461c      	mov	r4, r3
 80066f6:	e7dc      	b.n	80066b2 <prvProcessTimerOrBlockTask+0x1e>
			( void ) xTaskResumeAll();
 80066f8:	f7ff fb04 	bl	8005d04 <xTaskResumeAll>
}
 80066fc:	b002      	add	sp, #8
 80066fe:	bd70      	pop	{r4, r5, r6, pc}
 8006700:	20004d28 	.word	0x20004d28
 8006704:	20004d2c 	.word	0x20004d2c

08006708 <prvProcessReceivedCommands>:
{
 8006708:	b510      	push	{r4, lr}
 800670a:	b088      	sub	sp, #32
	while( xQueueReceive( xTimerQueue, &xMessage, tmrNO_DELAY ) != pdFAIL ) /*lint !e603 xMessage does not have to be initialised as it is passed out, not in, and it is not used unless xQueueReceive() returns pdTRUE. */
 800670c:	e002      	b.n	8006714 <prvProcessReceivedCommands+0xc>
		if( xMessage.xMessageID >= ( BaseType_t ) 0 )
 800670e:	9b04      	ldr	r3, [sp, #16]
 8006710:	2b00      	cmp	r3, #0
 8006712:	da0f      	bge.n	8006734 <prvProcessReceivedCommands+0x2c>
	while( xQueueReceive( xTimerQueue, &xMessage, tmrNO_DELAY ) != pdFAIL ) /*lint !e603 xMessage does not have to be initialised as it is passed out, not in, and it is not used unless xQueueReceive() returns pdTRUE. */
 8006714:	2200      	movs	r2, #0
 8006716:	a904      	add	r1, sp, #16
 8006718:	4b3d      	ldr	r3, [pc, #244]	@ (8006810 <prvProcessReceivedCommands+0x108>)
 800671a:	6818      	ldr	r0, [r3, #0]
 800671c:	f7fb f90e 	bl	800193c <xQueueReceive>
 8006720:	2800      	cmp	r0, #0
 8006722:	d072      	beq.n	800680a <prvProcessReceivedCommands+0x102>
			if( xMessage.xMessageID < ( BaseType_t ) 0 )
 8006724:	9b04      	ldr	r3, [sp, #16]
 8006726:	2b00      	cmp	r3, #0
 8006728:	daf1      	bge.n	800670e <prvProcessReceivedCommands+0x6>
				pxCallback->pxCallbackFunction( pxCallback->pvParameter1, pxCallback->ulParameter2 );
 800672a:	9907      	ldr	r1, [sp, #28]
 800672c:	9806      	ldr	r0, [sp, #24]
 800672e:	9b05      	ldr	r3, [sp, #20]
 8006730:	4798      	blx	r3
 8006732:	e7ec      	b.n	800670e <prvProcessReceivedCommands+0x6>
			pxTimer = xMessage.u.xTimerParameters.pxTimer;
 8006734:	9c06      	ldr	r4, [sp, #24]
			if( listIS_CONTAINED_WITHIN( NULL, &( pxTimer->xTimerListItem ) ) == pdFALSE ) /*lint !e961. The cast is only redundant when NULL is passed into the macro. */
 8006736:	6963      	ldr	r3, [r4, #20]
 8006738:	b113      	cbz	r3, 8006740 <prvProcessReceivedCommands+0x38>
				( void ) uxListRemove( &( pxTimer->xTimerListItem ) );
 800673a:	1d20      	adds	r0, r4, #4
 800673c:	f7fa fc50 	bl	8000fe0 <uxListRemove>
			xTimeNow = prvSampleTimeNow( &xTimerListsWereSwitched );
 8006740:	a803      	add	r0, sp, #12
 8006742:	f7ff ff5b 	bl	80065fc <prvSampleTimeNow>
 8006746:	4602      	mov	r2, r0
			switch( xMessage.xMessageID )
 8006748:	9b04      	ldr	r3, [sp, #16]
 800674a:	2b09      	cmp	r3, #9
 800674c:	d8e2      	bhi.n	8006714 <prvProcessReceivedCommands+0xc>
 800674e:	e8df f003 	tbb	[pc, r3]
 8006752:	0505      	.short	0x0505
 8006754:	4e362f05 	.word	0x4e362f05
 8006758:	362f0505 	.word	0x362f0505
					pxTimer->ucStatus |= tmrSTATUS_IS_ACTIVE;
 800675c:	f894 3028 	ldrb.w	r3, [r4, #40]	@ 0x28
 8006760:	f043 0301 	orr.w	r3, r3, #1
 8006764:	f884 3028 	strb.w	r3, [r4, #40]	@ 0x28
					if( prvInsertTimerInActiveList( pxTimer,  xMessage.u.xTimerParameters.xMessageValue + pxTimer->xTimerPeriodInTicks, xTimeNow, xMessage.u.xTimerParameters.xMessageValue ) != pdFALSE )
 8006768:	9b05      	ldr	r3, [sp, #20]
 800676a:	69a1      	ldr	r1, [r4, #24]
 800676c:	4419      	add	r1, r3
 800676e:	4620      	mov	r0, r4
 8006770:	f7ff fe42 	bl	80063f8 <prvInsertTimerInActiveList>
 8006774:	2800      	cmp	r0, #0
 8006776:	d0cd      	beq.n	8006714 <prvProcessReceivedCommands+0xc>
						pxTimer->pxCallbackFunction( ( TimerHandle_t ) pxTimer );
 8006778:	6a23      	ldr	r3, [r4, #32]
 800677a:	4620      	mov	r0, r4
 800677c:	4798      	blx	r3
						if( ( pxTimer->ucStatus & tmrSTATUS_IS_AUTORELOAD ) != 0 )
 800677e:	f894 3028 	ldrb.w	r3, [r4, #40]	@ 0x28
 8006782:	f013 0f04 	tst.w	r3, #4
 8006786:	d0c5      	beq.n	8006714 <prvProcessReceivedCommands+0xc>
							xResult = xTimerGenericCommand( pxTimer, tmrCOMMAND_START_DONT_TRACE, xMessage.u.xTimerParameters.xMessageValue + pxTimer->xTimerPeriodInTicks, NULL, tmrNO_DELAY );
 8006788:	69a2      	ldr	r2, [r4, #24]
 800678a:	2100      	movs	r1, #0
 800678c:	9100      	str	r1, [sp, #0]
 800678e:	460b      	mov	r3, r1
 8006790:	9805      	ldr	r0, [sp, #20]
 8006792:	4402      	add	r2, r0
 8006794:	4620      	mov	r0, r4
 8006796:	f7ff febd 	bl	8006514 <xTimerGenericCommand>
							configASSERT( xResult );
 800679a:	2800      	cmp	r0, #0
 800679c:	d1ba      	bne.n	8006714 <prvProcessReceivedCommands+0xc>
 800679e:	f04f 0350 	mov.w	r3, #80	@ 0x50
 80067a2:	f383 8811 	msr	BASEPRI, r3
 80067a6:	f3bf 8f6f 	isb	sy
 80067aa:	f3bf 8f4f 	dsb	sy
 80067ae:	e7fe      	b.n	80067ae <prvProcessReceivedCommands+0xa6>
					pxTimer->ucStatus &= ~tmrSTATUS_IS_ACTIVE;
 80067b0:	f894 3028 	ldrb.w	r3, [r4, #40]	@ 0x28
 80067b4:	f023 0301 	bic.w	r3, r3, #1
 80067b8:	f884 3028 	strb.w	r3, [r4, #40]	@ 0x28
					break;
 80067bc:	e7aa      	b.n	8006714 <prvProcessReceivedCommands+0xc>
					pxTimer->ucStatus |= tmrSTATUS_IS_ACTIVE;
 80067be:	f894 3028 	ldrb.w	r3, [r4, #40]	@ 0x28
 80067c2:	f043 0301 	orr.w	r3, r3, #1
 80067c6:	f884 3028 	strb.w	r3, [r4, #40]	@ 0x28
					pxTimer->xTimerPeriodInTicks = xMessage.u.xTimerParameters.xMessageValue;
 80067ca:	9905      	ldr	r1, [sp, #20]
 80067cc:	61a1      	str	r1, [r4, #24]
					configASSERT( ( pxTimer->xTimerPeriodInTicks > 0 ) );
 80067ce:	b129      	cbz	r1, 80067dc <prvProcessReceivedCommands+0xd4>
					( void ) prvInsertTimerInActiveList( pxTimer, ( xTimeNow + pxTimer->xTimerPeriodInTicks ), xTimeNow, xTimeNow );
 80067d0:	4603      	mov	r3, r0
 80067d2:	4401      	add	r1, r0
 80067d4:	4620      	mov	r0, r4
 80067d6:	f7ff fe0f 	bl	80063f8 <prvInsertTimerInActiveList>
					break;
 80067da:	e79b      	b.n	8006714 <prvProcessReceivedCommands+0xc>
 80067dc:	f04f 0350 	mov.w	r3, #80	@ 0x50
 80067e0:	f383 8811 	msr	BASEPRI, r3
 80067e4:	f3bf 8f6f 	isb	sy
 80067e8:	f3bf 8f4f 	dsb	sy
					configASSERT( ( pxTimer->xTimerPeriodInTicks > 0 ) );
 80067ec:	e7fe      	b.n	80067ec <prvProcessReceivedCommands+0xe4>
						if( ( pxTimer->ucStatus & tmrSTATUS_IS_STATICALLY_ALLOCATED ) == ( uint8_t ) 0 )
 80067ee:	f894 3028 	ldrb.w	r3, [r4, #40]	@ 0x28
 80067f2:	f013 0f02 	tst.w	r3, #2
 80067f6:	d004      	beq.n	8006802 <prvProcessReceivedCommands+0xfa>
							pxTimer->ucStatus &= ~tmrSTATUS_IS_ACTIVE;
 80067f8:	f023 0301 	bic.w	r3, r3, #1
 80067fc:	f884 3028 	strb.w	r3, [r4, #40]	@ 0x28
 8006800:	e788      	b.n	8006714 <prvProcessReceivedCommands+0xc>
							vPortFree( pxTimer );
 8006802:	4620      	mov	r0, r4
 8006804:	f7fa fb26 	bl	8000e54 <vPortFree>
 8006808:	e784      	b.n	8006714 <prvProcessReceivedCommands+0xc>
}
 800680a:	b008      	add	sp, #32
 800680c:	bd10      	pop	{r4, pc}
 800680e:	bf00      	nop
 8006810:	20004d28 	.word	0x20004d28

08006814 <prvTimerTask>:
{
 8006814:	b500      	push	{lr}
 8006816:	b083      	sub	sp, #12
		xNextExpireTime = prvGetNextExpireTime( &xListWasEmpty );
 8006818:	a801      	add	r0, sp, #4
 800681a:	f7ff fddd 	bl	80063d8 <prvGetNextExpireTime>
		prvProcessTimerOrBlockTask( xNextExpireTime, xListWasEmpty );
 800681e:	9901      	ldr	r1, [sp, #4]
 8006820:	f7ff ff38 	bl	8006694 <prvProcessTimerOrBlockTask>
		prvProcessReceivedCommands();
 8006824:	f7ff ff70 	bl	8006708 <prvProcessReceivedCommands>
	for( ;; )
 8006828:	e7f6      	b.n	8006818 <prvTimerTask+0x4>
	...

0800682c <MX_USART1_UART_Init>:
DMA_HandleTypeDef hdma_usart1_rx;

/* USART1 init function */

void MX_USART1_UART_Init(void)
{
 800682c:	b508      	push	{r3, lr}
  /* USER CODE END USART1_Init 0 */

  /* USER CODE BEGIN USART1_Init 1 */

  /* USER CODE END USART1_Init 1 */
  huart1.Instance = USART1;
 800682e:	480a      	ldr	r0, [pc, #40]	@ (8006858 <MX_USART1_UART_Init+0x2c>)
 8006830:	4b0a      	ldr	r3, [pc, #40]	@ (800685c <MX_USART1_UART_Init+0x30>)
 8006832:	6003      	str	r3, [r0, #0]
  huart1.Init.BaudRate = 420000;
 8006834:	4b0a      	ldr	r3, [pc, #40]	@ (8006860 <MX_USART1_UART_Init+0x34>)
 8006836:	6043      	str	r3, [r0, #4]
  huart1.Init.WordLength = UART_WORDLENGTH_8B;
 8006838:	2300      	movs	r3, #0
 800683a:	6083      	str	r3, [r0, #8]
  huart1.Init.StopBits = UART_STOPBITS_1;
 800683c:	60c3      	str	r3, [r0, #12]
  huart1.Init.Parity = UART_PARITY_NONE;
 800683e:	6103      	str	r3, [r0, #16]
  huart1.Init.Mode = UART_MODE_TX_RX;
 8006840:	220c      	movs	r2, #12
 8006842:	6142      	str	r2, [r0, #20]
  huart1.Init.HwFlowCtl = UART_HWCONTROL_NONE;
 8006844:	6183      	str	r3, [r0, #24]
  huart1.Init.OverSampling = UART_OVERSAMPLING_16;
 8006846:	61c3      	str	r3, [r0, #28]
  if (HAL_UART_Init(&huart1) != HAL_OK)
 8006848:	f7fd fe42 	bl	80044d0 <HAL_UART_Init>
 800684c:	b900      	cbnz	r0, 8006850 <MX_USART1_UART_Init+0x24>
  }
  /* USER CODE BEGIN USART1_Init 2 */

  /* USER CODE END USART1_Init 2 */

}
 800684e:	bd08      	pop	{r3, pc}
    Error_Handler();
 8006850:	f7fa fbd9 	bl	8001006 <Error_Handler>
}
 8006854:	e7fb      	b.n	800684e <MX_USART1_UART_Init+0x22>
 8006856:	bf00      	nop
 8006858:	20004e04 	.word	0x20004e04
 800685c:	40011000 	.word	0x40011000
 8006860:	000668a0 	.word	0x000668a0

08006864 <MX_USART2_UART_Init>:
/* USART2 init function */

void MX_USART2_UART_Init(void)
{
 8006864:	b508      	push	{r3, lr}
  /* USER CODE END USART2_Init 0 */

  /* USER CODE BEGIN USART2_Init 1 */

  /* USER CODE END USART2_Init 1 */
  huart2.Instance = USART2;
 8006866:	480a      	ldr	r0, [pc, #40]	@ (8006890 <MX_USART2_UART_Init+0x2c>)
 8006868:	4b0a      	ldr	r3, [pc, #40]	@ (8006894 <MX_USART2_UART_Init+0x30>)
 800686a:	6003      	str	r3, [r0, #0]
  huart2.Init.BaudRate = 115200;
 800686c:	f44f 33e1 	mov.w	r3, #115200	@ 0x1c200
 8006870:	6043      	str	r3, [r0, #4]
  huart2.Init.WordLength = UART_WORDLENGTH_8B;
 8006872:	2300      	movs	r3, #0
 8006874:	6083      	str	r3, [r0, #8]
  huart2.Init.StopBits = UART_STOPBITS_1;
 8006876:	60c3      	str	r3, [r0, #12]
  huart2.Init.Parity = UART_PARITY_NONE;
 8006878:	6103      	str	r3, [r0, #16]
  huart2.Init.Mode = UART_MODE_TX_RX;
 800687a:	220c      	movs	r2, #12
 800687c:	6142      	str	r2, [r0, #20]
  huart2.Init.HwFlowCtl = UART_HWCONTROL_NONE;
 800687e:	6183      	str	r3, [r0, #24]
  huart2.Init.OverSampling = UART_OVERSAMPLING_16;
 8006880:	61c3      	str	r3, [r0, #28]
  if (HAL_UART_Init(&huart2) != HAL_OK)
 8006882:	f7fd fe25 	bl	80044d0 <HAL_UART_Init>
 8006886:	b900      	cbnz	r0, 800688a <MX_USART2_UART_Init+0x26>
  }
  /* USER CODE BEGIN USART2_Init 2 */

  /* USER CODE END USART2_Init 2 */

}
 8006888:	bd08      	pop	{r3, pc}
    Error_Handler();
 800688a:	f7fa fbbc 	bl	8001006 <Error_Handler>
}
 800688e:	e7fb      	b.n	8006888 <MX_USART2_UART_Init+0x24>
 8006890:	20004dbc 	.word	0x20004dbc
 8006894:	40004400 	.word	0x40004400

08006898 <HAL_UART_MspInit>:

void HAL_UART_MspInit(UART_HandleTypeDef* uartHandle)
{
 8006898:	e92d 43f0 	stmdb	sp!, {r4, r5, r6, r7, r8, r9, lr}
 800689c:	b08b      	sub	sp, #44	@ 0x2c

  GPIO_InitTypeDef GPIO_InitStruct = {0};
 800689e:	2300      	movs	r3, #0
 80068a0:	9305      	str	r3, [sp, #20]
 80068a2:	9306      	str	r3, [sp, #24]
 80068a4:	9307      	str	r3, [sp, #28]
 80068a6:	9308      	str	r3, [sp, #32]
 80068a8:	9309      	str	r3, [sp, #36]	@ 0x24
  if(uartHandle->Instance==USART1)
 80068aa:	6803      	ldr	r3, [r0, #0]
 80068ac:	4a47      	ldr	r2, [pc, #284]	@ (80069cc <HAL_UART_MspInit+0x134>)
 80068ae:	4293      	cmp	r3, r2
 80068b0:	d005      	beq.n	80068be <HAL_UART_MspInit+0x26>
    HAL_NVIC_EnableIRQ(USART1_IRQn);
  /* USER CODE BEGIN USART1_MspInit 1 */

  /* USER CODE END USART1_MspInit 1 */
  }
  else if(uartHandle->Instance==USART2)
 80068b2:	4a47      	ldr	r2, [pc, #284]	@ (80069d0 <HAL_UART_MspInit+0x138>)
 80068b4:	4293      	cmp	r3, r2
 80068b6:	d065      	beq.n	8006984 <HAL_UART_MspInit+0xec>

  /* USER CODE BEGIN USART2_MspInit 1 */

  /* USER CODE END USART2_MspInit 1 */
  }
}
 80068b8:	b00b      	add	sp, #44	@ 0x2c
 80068ba:	e8bd 83f0 	ldmia.w	sp!, {r4, r5, r6, r7, r8, r9, pc}
 80068be:	4604      	mov	r4, r0
    __HAL_RCC_USART1_CLK_ENABLE();
 80068c0:	2500      	movs	r5, #0
 80068c2:	9500      	str	r5, [sp, #0]
 80068c4:	4b43      	ldr	r3, [pc, #268]	@ (80069d4 <HAL_UART_MspInit+0x13c>)
 80068c6:	6c5a      	ldr	r2, [r3, #68]	@ 0x44
 80068c8:	f042 0210 	orr.w	r2, r2, #16
 80068cc:	645a      	str	r2, [r3, #68]	@ 0x44
 80068ce:	6c5a      	ldr	r2, [r3, #68]	@ 0x44
 80068d0:	f002 0210 	and.w	r2, r2, #16
 80068d4:	9200      	str	r2, [sp, #0]
 80068d6:	9a00      	ldr	r2, [sp, #0]
    __HAL_RCC_GPIOA_CLK_ENABLE();
 80068d8:	9501      	str	r5, [sp, #4]
 80068da:	6b1a      	ldr	r2, [r3, #48]	@ 0x30
 80068dc:	f042 0201 	orr.w	r2, r2, #1
 80068e0:	631a      	str	r2, [r3, #48]	@ 0x30
 80068e2:	6b1a      	ldr	r2, [r3, #48]	@ 0x30
 80068e4:	f002 0201 	and.w	r2, r2, #1
 80068e8:	9201      	str	r2, [sp, #4]
 80068ea:	9a01      	ldr	r2, [sp, #4]
    __HAL_RCC_GPIOB_CLK_ENABLE();
 80068ec:	9502      	str	r5, [sp, #8]
 80068ee:	6b1a      	ldr	r2, [r3, #48]	@ 0x30
 80068f0:	f042 0202 	orr.w	r2, r2, #2
 80068f4:	631a      	str	r2, [r3, #48]	@ 0x30
 80068f6:	6b1b      	ldr	r3, [r3, #48]	@ 0x30
 80068f8:	f003 0302 	and.w	r3, r3, #2
 80068fc:	9302      	str	r3, [sp, #8]
 80068fe:	9b02      	ldr	r3, [sp, #8]
    GPIO_InitStruct.Pin = GPIO_PIN_15;
 8006900:	f44f 4300 	mov.w	r3, #32768	@ 0x8000
 8006904:	9305      	str	r3, [sp, #20]
    GPIO_InitStruct.Mode = GPIO_MODE_AF_PP;
 8006906:	f04f 0902 	mov.w	r9, #2
 800690a:	f8cd 9018 	str.w	r9, [sp, #24]
    GPIO_InitStruct.Speed = GPIO_SPEED_FREQ_VERY_HIGH;
 800690e:	f04f 0803 	mov.w	r8, #3
 8006912:	f8cd 8020 	str.w	r8, [sp, #32]
    GPIO_InitStruct.Alternate = GPIO_AF7_USART1;
 8006916:	2707      	movs	r7, #7
 8006918:	9709      	str	r7, [sp, #36]	@ 0x24
    HAL_GPIO_Init(GPIOA, &GPIO_InitStruct);
 800691a:	ae05      	add	r6, sp, #20
 800691c:	4631      	mov	r1, r6
 800691e:	482e      	ldr	r0, [pc, #184]	@ (80069d8 <HAL_UART_MspInit+0x140>)
 8006920:	f7fb fe24 	bl	800256c <HAL_GPIO_Init>
    GPIO_InitStruct.Pin = GPIO_PIN_3;
 8006924:	2308      	movs	r3, #8
 8006926:	9305      	str	r3, [sp, #20]
    GPIO_InitStruct.Mode = GPIO_MODE_AF_PP;
 8006928:	f8cd 9018 	str.w	r9, [sp, #24]
    GPIO_InitStruct.Pull = GPIO_NOPULL;
 800692c:	9507      	str	r5, [sp, #28]
    GPIO_InitStruct.Speed = GPIO_SPEED_FREQ_VERY_HIGH;
 800692e:	f8cd 8020 	str.w	r8, [sp, #32]
    GPIO_InitStruct.Alternate = GPIO_AF7_USART1;
 8006932:	9709      	str	r7, [sp, #36]	@ 0x24
    HAL_GPIO_Init(GPIOB, &GPIO_InitStruct);
 8006934:	4631      	mov	r1, r6
 8006936:	4829      	ldr	r0, [pc, #164]	@ (80069dc <HAL_UART_MspInit+0x144>)
 8006938:	f7fb fe18 	bl	800256c <HAL_GPIO_Init>
    hdma_usart1_rx.Instance = DMA2_Stream2;
 800693c:	4828      	ldr	r0, [pc, #160]	@ (80069e0 <HAL_UART_MspInit+0x148>)
 800693e:	4b29      	ldr	r3, [pc, #164]	@ (80069e4 <HAL_UART_MspInit+0x14c>)
 8006940:	6003      	str	r3, [r0, #0]
    hdma_usart1_rx.Init.Channel = DMA_CHANNEL_4;
 8006942:	f04f 6300 	mov.w	r3, #134217728	@ 0x8000000
 8006946:	6043      	str	r3, [r0, #4]
    hdma_usart1_rx.Init.Direction = DMA_PERIPH_TO_MEMORY;
 8006948:	6085      	str	r5, [r0, #8]
    hdma_usart1_rx.Init.PeriphInc = DMA_PINC_DISABLE;
 800694a:	60c5      	str	r5, [r0, #12]
    hdma_usart1_rx.Init.MemInc = DMA_MINC_ENABLE;
 800694c:	f44f 6380 	mov.w	r3, #1024	@ 0x400
 8006950:	6103      	str	r3, [r0, #16]
    hdma_usart1_rx.Init.PeriphDataAlignment = DMA_PDATAALIGN_BYTE;
 8006952:	6145      	str	r5, [r0, #20]
    hdma_usart1_rx.Init.MemDataAlignment = DMA_MDATAALIGN_BYTE;
 8006954:	6185      	str	r5, [r0, #24]
    hdma_usart1_rx.Init.Mode = DMA_CIRCULAR;
 8006956:	f44f 7380 	mov.w	r3, #256	@ 0x100
 800695a:	61c3      	str	r3, [r0, #28]
    hdma_usart1_rx.Init.Priority = DMA_PRIORITY_LOW;
 800695c:	6205      	str	r5, [r0, #32]
    hdma_usart1_rx.Init.FIFOMode = DMA_FIFOMODE_DISABLE;
 800695e:	6245      	str	r5, [r0, #36]	@ 0x24
    if (HAL_DMA_Init(&hdma_usart1_rx) != HAL_OK)
 8006960:	f7fb fc20 	bl	80021a4 <HAL_DMA_Init>
 8006964:	b958      	cbnz	r0, 800697e <HAL_UART_MspInit+0xe6>
    __HAL_LINKDMA(uartHandle,hdmarx,hdma_usart1_rx);
 8006966:	4b1e      	ldr	r3, [pc, #120]	@ (80069e0 <HAL_UART_MspInit+0x148>)
 8006968:	63e3      	str	r3, [r4, #60]	@ 0x3c
 800696a:	639c      	str	r4, [r3, #56]	@ 0x38
    HAL_NVIC_SetPriority(USART1_IRQn, 5, 0);
 800696c:	2200      	movs	r2, #0
 800696e:	2105      	movs	r1, #5
 8006970:	2025      	movs	r0, #37	@ 0x25
 8006972:	f7fb fb73 	bl	800205c <HAL_NVIC_SetPriority>
    HAL_NVIC_EnableIRQ(USART1_IRQn);
 8006976:	2025      	movs	r0, #37	@ 0x25
 8006978:	f7fb fb80 	bl	800207c <HAL_NVIC_EnableIRQ>
 800697c:	e79c      	b.n	80068b8 <HAL_UART_MspInit+0x20>
      Error_Handler();
 800697e:	f7fa fb42 	bl	8001006 <Error_Handler>
 8006982:	e7f0      	b.n	8006966 <HAL_UART_MspInit+0xce>
    __HAL_RCC_USART2_CLK_ENABLE();
 8006984:	2100      	movs	r1, #0
 8006986:	9103      	str	r1, [sp, #12]
 8006988:	4b12      	ldr	r3, [pc, #72]	@ (80069d4 <HAL_UART_MspInit+0x13c>)
 800698a:	6c1a      	ldr	r2, [r3, #64]	@ 0x40
 800698c:	f442 3200 	orr.w	r2, r2, #131072	@ 0x20000
 8006990:	641a      	str	r2, [r3, #64]	@ 0x40
 8006992:	6c1a      	ldr	r2, [r3, #64]	@ 0x40
 8006994:	f402 3200 	and.w	r2, r2, #131072	@ 0x20000
 8006998:	9203      	str	r2, [sp, #12]
 800699a:	9a03      	ldr	r2, [sp, #12]
    __HAL_RCC_GPIOA_CLK_ENABLE();
 800699c:	9104      	str	r1, [sp, #16]
 800699e:	6b1a      	ldr	r2, [r3, #48]	@ 0x30
 80069a0:	f042 0201 	orr.w	r2, r2, #1
 80069a4:	631a      	str	r2, [r3, #48]	@ 0x30
 80069a6:	6b1b      	ldr	r3, [r3, #48]	@ 0x30
 80069a8:	f003 0301 	and.w	r3, r3, #1
 80069ac:	9304      	str	r3, [sp, #16]
 80069ae:	9b04      	ldr	r3, [sp, #16]
    GPIO_InitStruct.Pin = GPIO_PIN_2|GPIO_PIN_3;
 80069b0:	230c      	movs	r3, #12
 80069b2:	9305      	str	r3, [sp, #20]
    GPIO_InitStruct.Mode = GPIO_MODE_AF_PP;
 80069b4:	2302      	movs	r3, #2
 80069b6:	9306      	str	r3, [sp, #24]
    GPIO_InitStruct.Speed = GPIO_SPEED_FREQ_VERY_HIGH;
 80069b8:	2303      	movs	r3, #3
 80069ba:	9308      	str	r3, [sp, #32]
    GPIO_InitStruct.Alternate = GPIO_AF7_USART2;
 80069bc:	2307      	movs	r3, #7
 80069be:	9309      	str	r3, [sp, #36]	@ 0x24
    HAL_GPIO_Init(GPIOA, &GPIO_InitStruct);
 80069c0:	a905      	add	r1, sp, #20
 80069c2:	4805      	ldr	r0, [pc, #20]	@ (80069d8 <HAL_UART_MspInit+0x140>)
 80069c4:	f7fb fdd2 	bl	800256c <HAL_GPIO_Init>
}
 80069c8:	e776      	b.n	80068b8 <HAL_UART_MspInit+0x20>
 80069ca:	bf00      	nop
 80069cc:	40011000 	.word	0x40011000
 80069d0:	40004400 	.word	0x40004400
 80069d4:	40023800 	.word	0x40023800
 80069d8:	40020000 	.word	0x40020000
 80069dc:	40020400 	.word	0x40020400
 80069e0:	20004d5c 	.word	0x20004d5c
 80069e4:	40026440 	.word	0x40026440

080069e8 <MX_USB_DEVICE_Init>:
/**
  * Init USB device Library, add supported class and start the library
  * @retval None
  */
void MX_USB_DEVICE_Init(void)
{
 80069e8:	b508      	push	{r3, lr}
  /* USER CODE BEGIN USB_DEVICE_Init_PreTreatment */

  /* USER CODE END USB_DEVICE_Init_PreTreatment */

  /* Init Device Library, add supported class and start the library. */
  if (USBD_Init(&hUsbDeviceFS, &FS_Desc, DEVICE_FS) != USBD_OK)
 80069ea:	2200      	movs	r2, #0
 80069ec:	490f      	ldr	r1, [pc, #60]	@ (8006a2c <MX_USB_DEVICE_Init+0x44>)
 80069ee:	4810      	ldr	r0, [pc, #64]	@ (8006a30 <MX_USB_DEVICE_Init+0x48>)
 80069f0:	f000 fc32 	bl	8007258 <USBD_Init>
 80069f4:	b970      	cbnz	r0, 8006a14 <MX_USB_DEVICE_Init+0x2c>
  {
    Error_Handler();
  }
  if (USBD_RegisterClass(&hUsbDeviceFS, &USBD_CDC) != USBD_OK)
 80069f6:	490f      	ldr	r1, [pc, #60]	@ (8006a34 <MX_USB_DEVICE_Init+0x4c>)
 80069f8:	480d      	ldr	r0, [pc, #52]	@ (8006a30 <MX_USB_DEVICE_Init+0x48>)
 80069fa:	f000 fc44 	bl	8007286 <USBD_RegisterClass>
 80069fe:	b960      	cbnz	r0, 8006a1a <MX_USB_DEVICE_Init+0x32>
  {
    Error_Handler();
  }
  if (USBD_CDC_RegisterInterface(&hUsbDeviceFS, &USBD_Interface_fops_FS) != USBD_OK)
 8006a00:	490d      	ldr	r1, [pc, #52]	@ (8006a38 <MX_USB_DEVICE_Init+0x50>)
 8006a02:	480b      	ldr	r0, [pc, #44]	@ (8006a30 <MX_USB_DEVICE_Init+0x48>)
 8006a04:	f000 fa39 	bl	8006e7a <USBD_CDC_RegisterInterface>
 8006a08:	b950      	cbnz	r0, 8006a20 <MX_USB_DEVICE_Init+0x38>
  {
    Error_Handler();
  }
  if (USBD_Start(&hUsbDeviceFS) != USBD_OK)
 8006a0a:	4809      	ldr	r0, [pc, #36]	@ (8006a30 <MX_USB_DEVICE_Init+0x48>)
 8006a0c:	f000 fc5b 	bl	80072c6 <USBD_Start>
 8006a10:	b948      	cbnz	r0, 8006a26 <MX_USB_DEVICE_Init+0x3e>
  }

  /* USER CODE BEGIN USB_DEVICE_Init_PostTreatment */

  /* USER CODE END USB_DEVICE_Init_PostTreatment */
}
 8006a12:	bd08      	pop	{r3, pc}
    Error_Handler();
 8006a14:	f7fa faf7 	bl	8001006 <Error_Handler>
 8006a18:	e7ed      	b.n	80069f6 <MX_USB_DEVICE_Init+0xe>
    Error_Handler();
 8006a1a:	f7fa faf4 	bl	8001006 <Error_Handler>
 8006a1e:	e7ef      	b.n	8006a00 <MX_USB_DEVICE_Init+0x18>
    Error_Handler();
 8006a20:	f7fa faf1 	bl	8001006 <Error_Handler>
 8006a24:	e7f1      	b.n	8006a0a <MX_USB_DEVICE_Init+0x22>
    Error_Handler();
 8006a26:	f7fa faee 	bl	8001006 <Error_Handler>
}
 8006a2a:	e7f2      	b.n	8006a12 <MX_USB_DEVICE_Init+0x2a>
 8006a2c:	200000e0 	.word	0x200000e0
 8006a30:	20004e4c 	.word	0x20004e4c
 8006a34:	20000054 	.word	0x20000054
 8006a38:	20000098 	.word	0x20000098

08006a3c <USBD_CDC_EP0_RxReady>:
  *         Handle EP0 Rx Ready event
  * @param  pdev: device instance
  * @retval status
  */
static uint8_t USBD_CDC_EP0_RxReady(USBD_HandleTypeDef *pdev)
{
 8006a3c:	b510      	push	{r4, lr}
  USBD_CDC_HandleTypeDef *hcdc = (USBD_CDC_HandleTypeDef *)pdev->pClassDataCmsit[pdev->classId];
 8006a3e:	f8d0 32d4 	ldr.w	r3, [r0, #724]	@ 0x2d4
 8006a42:	f103 02b0 	add.w	r2, r3, #176	@ 0xb0
 8006a46:	f850 4022 	ldr.w	r4, [r0, r2, lsl #2]

  if (hcdc == NULL)
 8006a4a:	b18c      	cbz	r4, 8006a70 <USBD_CDC_EP0_RxReady+0x34>
  {
    return (uint8_t)USBD_FAIL;
  }

  if ((pdev->pUserData[pdev->classId] != NULL) && (hcdc->CmdOpCode != 0xFFU))
 8006a4c:	eb00 0082 	add.w	r0, r0, r2, lsl #2
 8006a50:	6843      	ldr	r3, [r0, #4]
 8006a52:	b17b      	cbz	r3, 8006a74 <USBD_CDC_EP0_RxReady+0x38>
 8006a54:	f894 0200 	ldrb.w	r0, [r4, #512]	@ 0x200
 8006a58:	28ff      	cmp	r0, #255	@ 0xff
 8006a5a:	d00d      	beq.n	8006a78 <USBD_CDC_EP0_RxReady+0x3c>
  {
    ((USBD_CDC_ItfTypeDef *)pdev->pUserData[pdev->classId])->Control(hcdc->CmdOpCode,
 8006a5c:	689b      	ldr	r3, [r3, #8]
 8006a5e:	f894 2201 	ldrb.w	r2, [r4, #513]	@ 0x201
 8006a62:	4621      	mov	r1, r4
 8006a64:	4798      	blx	r3
                                                                     (uint8_t *)hcdc->data,
                                                                     (uint16_t)hcdc->CmdLength);
    hcdc->CmdOpCode = 0xFFU;
 8006a66:	23ff      	movs	r3, #255	@ 0xff
 8006a68:	f884 3200 	strb.w	r3, [r4, #512]	@ 0x200
  }

  return (uint8_t)USBD_OK;
 8006a6c:	2000      	movs	r0, #0
}
 8006a6e:	bd10      	pop	{r4, pc}
    return (uint8_t)USBD_FAIL;
 8006a70:	2003      	movs	r0, #3
 8006a72:	e7fc      	b.n	8006a6e <USBD_CDC_EP0_RxReady+0x32>
  return (uint8_t)USBD_OK;
 8006a74:	2000      	movs	r0, #0
 8006a76:	e7fa      	b.n	8006a6e <USBD_CDC_EP0_RxReady+0x32>
 8006a78:	2000      	movs	r0, #0
 8006a7a:	e7f8      	b.n	8006a6e <USBD_CDC_EP0_RxReady+0x32>

08006a7c <USBD_CDC_GetDeviceQualifierDescriptor>:
  * @param  length : pointer data length
  * @retval pointer to descriptor buffer
  */
uint8_t *USBD_CDC_GetDeviceQualifierDescriptor(uint16_t *length)
{
  *length = (uint16_t)sizeof(USBD_CDC_DeviceQualifierDesc);
 8006a7c:	230a      	movs	r3, #10
 8006a7e:	8003      	strh	r3, [r0, #0]

  return USBD_CDC_DeviceQualifierDesc;
}
 8006a80:	4800      	ldr	r0, [pc, #0]	@ (8006a84 <USBD_CDC_GetDeviceQualifierDescriptor+0x8>)
 8006a82:	4770      	bx	lr
 8006a84:	2000008c 	.word	0x2000008c

08006a88 <USBD_CDC_GetOtherSpeedCfgDesc>:
{
 8006a88:	b5f8      	push	{r3, r4, r5, r6, r7, lr}
 8006a8a:	4606      	mov	r6, r0
  USBD_EpDescTypeDef *pEpCmdDesc = USBD_GetEpDesc(USBD_CDC_CfgDesc, CDC_CMD_EP);
 8006a8c:	4f0f      	ldr	r7, [pc, #60]	@ (8006acc <USBD_CDC_GetOtherSpeedCfgDesc+0x44>)
 8006a8e:	2182      	movs	r1, #130	@ 0x82
 8006a90:	4638      	mov	r0, r7
 8006a92:	f000 fdd0 	bl	8007636 <USBD_GetEpDesc>
 8006a96:	4605      	mov	r5, r0
  USBD_EpDescTypeDef *pEpOutDesc = USBD_GetEpDesc(USBD_CDC_CfgDesc, CDC_OUT_EP);
 8006a98:	2101      	movs	r1, #1
 8006a9a:	4638      	mov	r0, r7
 8006a9c:	f000 fdcb 	bl	8007636 <USBD_GetEpDesc>
 8006aa0:	4604      	mov	r4, r0
  USBD_EpDescTypeDef *pEpInDesc = USBD_GetEpDesc(USBD_CDC_CfgDesc, CDC_IN_EP);
 8006aa2:	2181      	movs	r1, #129	@ 0x81
 8006aa4:	4638      	mov	r0, r7
 8006aa6:	f000 fdc6 	bl	8007636 <USBD_GetEpDesc>
  if (pEpCmdDesc != NULL)
 8006aaa:	b10d      	cbz	r5, 8006ab0 <USBD_CDC_GetOtherSpeedCfgDesc+0x28>
    pEpCmdDesc->bInterval = CDC_FS_BINTERVAL;
 8006aac:	2210      	movs	r2, #16
 8006aae:	71aa      	strb	r2, [r5, #6]
  if (pEpOutDesc != NULL)
 8006ab0:	b11c      	cbz	r4, 8006aba <USBD_CDC_GetOtherSpeedCfgDesc+0x32>
    pEpOutDesc->wMaxPacketSize = CDC_DATA_FS_MAX_PACKET_SIZE;
 8006ab2:	2240      	movs	r2, #64	@ 0x40
 8006ab4:	7122      	strb	r2, [r4, #4]
 8006ab6:	2200      	movs	r2, #0
 8006ab8:	7162      	strb	r2, [r4, #5]
  if (pEpInDesc != NULL)
 8006aba:	b118      	cbz	r0, 8006ac4 <USBD_CDC_GetOtherSpeedCfgDesc+0x3c>
    pEpInDesc->wMaxPacketSize = CDC_DATA_FS_MAX_PACKET_SIZE;
 8006abc:	2240      	movs	r2, #64	@ 0x40
 8006abe:	7102      	strb	r2, [r0, #4]
 8006ac0:	2200      	movs	r2, #0
 8006ac2:	7142      	strb	r2, [r0, #5]
  *length = (uint16_t)sizeof(USBD_CDC_CfgDesc);
 8006ac4:	2343      	movs	r3, #67	@ 0x43
 8006ac6:	8033      	strh	r3, [r6, #0]
}
 8006ac8:	4800      	ldr	r0, [pc, #0]	@ (8006acc <USBD_CDC_GetOtherSpeedCfgDesc+0x44>)
 8006aca:	bdf8      	pop	{r3, r4, r5, r6, r7, pc}
 8006acc:	20000010 	.word	0x20000010

08006ad0 <USBD_CDC_GetFSCfgDesc>:
{
 8006ad0:	b5f8      	push	{r3, r4, r5, r6, r7, lr}
 8006ad2:	4606      	mov	r6, r0
  USBD_EpDescTypeDef *pEpCmdDesc = USBD_GetEpDesc(USBD_CDC_CfgDesc, CDC_CMD_EP);
 8006ad4:	4f0f      	ldr	r7, [pc, #60]	@ (8006b14 <USBD_CDC_GetFSCfgDesc+0x44>)
 8006ad6:	2182      	movs	r1, #130	@ 0x82
 8006ad8:	4638      	mov	r0, r7
 8006ada:	f000 fdac 	bl	8007636 <USBD_GetEpDesc>
 8006ade:	4605      	mov	r5, r0
  USBD_EpDescTypeDef *pEpOutDesc = USBD_GetEpDesc(USBD_CDC_CfgDesc, CDC_OUT_EP);
 8006ae0:	2101      	movs	r1, #1
 8006ae2:	4638      	mov	r0, r7
 8006ae4:	f000 fda7 	bl	8007636 <USBD_GetEpDesc>
 8006ae8:	4604      	mov	r4, r0
  USBD_EpDescTypeDef *pEpInDesc = USBD_GetEpDesc(USBD_CDC_CfgDesc, CDC_IN_EP);
 8006aea:	2181      	movs	r1, #129	@ 0x81
 8006aec:	4638      	mov	r0, r7
 8006aee:	f000 fda2 	bl	8007636 <USBD_GetEpDesc>
  if (pEpCmdDesc != NULL)
 8006af2:	b10d      	cbz	r5, 8006af8 <USBD_CDC_GetFSCfgDesc+0x28>
    pEpCmdDesc->bInterval = CDC_FS_BINTERVAL;
 8006af4:	2210      	movs	r2, #16
 8006af6:	71aa      	strb	r2, [r5, #6]
  if (pEpOutDesc != NULL)
 8006af8:	b11c      	cbz	r4, 8006b02 <USBD_CDC_GetFSCfgDesc+0x32>
    pEpOutDesc->wMaxPacketSize = CDC_DATA_FS_MAX_PACKET_SIZE;
 8006afa:	2240      	movs	r2, #64	@ 0x40
 8006afc:	7122      	strb	r2, [r4, #4]
 8006afe:	2200      	movs	r2, #0
 8006b00:	7162      	strb	r2, [r4, #5]
  if (pEpInDesc != NULL)
 8006b02:	b118      	cbz	r0, 8006b0c <USBD_CDC_GetFSCfgDesc+0x3c>
    pEpInDesc->wMaxPacketSize = CDC_DATA_FS_MAX_PACKET_SIZE;
 8006b04:	2240      	movs	r2, #64	@ 0x40
 8006b06:	7102      	strb	r2, [r0, #4]
 8006b08:	2200      	movs	r2, #0
 8006b0a:	7142      	strb	r2, [r0, #5]
  *length = (uint16_t)sizeof(USBD_CDC_CfgDesc);
 8006b0c:	2343      	movs	r3, #67	@ 0x43
 8006b0e:	8033      	strh	r3, [r6, #0]
}
 8006b10:	4800      	ldr	r0, [pc, #0]	@ (8006b14 <USBD_CDC_GetFSCfgDesc+0x44>)
 8006b12:	bdf8      	pop	{r3, r4, r5, r6, r7, pc}
 8006b14:	20000010 	.word	0x20000010

08006b18 <USBD_CDC_GetHSCfgDesc>:
{
 8006b18:	b5f8      	push	{r3, r4, r5, r6, r7, lr}
 8006b1a:	4606      	mov	r6, r0
  USBD_EpDescTypeDef *pEpCmdDesc = USBD_GetEpDesc(USBD_CDC_CfgDesc, CDC_CMD_EP);
 8006b1c:	4f0f      	ldr	r7, [pc, #60]	@ (8006b5c <USBD_CDC_GetHSCfgDesc+0x44>)
 8006b1e:	2182      	movs	r1, #130	@ 0x82
 8006b20:	4638      	mov	r0, r7
 8006b22:	f000 fd88 	bl	8007636 <USBD_GetEpDesc>
 8006b26:	4605      	mov	r5, r0
  USBD_EpDescTypeDef *pEpOutDesc = USBD_GetEpDesc(USBD_CDC_CfgDesc, CDC_OUT_EP);
 8006b28:	2101      	movs	r1, #1
 8006b2a:	4638      	mov	r0, r7
 8006b2c:	f000 fd83 	bl	8007636 <USBD_GetEpDesc>
 8006b30:	4604      	mov	r4, r0
  USBD_EpDescTypeDef *pEpInDesc = USBD_GetEpDesc(USBD_CDC_CfgDesc, CDC_IN_EP);
 8006b32:	2181      	movs	r1, #129	@ 0x81
 8006b34:	4638      	mov	r0, r7
 8006b36:	f000 fd7e 	bl	8007636 <USBD_GetEpDesc>
  if (pEpCmdDesc != NULL)
 8006b3a:	b10d      	cbz	r5, 8006b40 <USBD_CDC_GetHSCfgDesc+0x28>
    pEpCmdDesc->bInterval = CDC_HS_BINTERVAL;
 8006b3c:	2210      	movs	r2, #16
 8006b3e:	71aa      	strb	r2, [r5, #6]
  if (pEpOutDesc != NULL)
 8006b40:	b11c      	cbz	r4, 8006b4a <USBD_CDC_GetHSCfgDesc+0x32>
    pEpOutDesc->wMaxPacketSize = CDC_DATA_HS_MAX_PACKET_SIZE;
 8006b42:	2200      	movs	r2, #0
 8006b44:	7122      	strb	r2, [r4, #4]
 8006b46:	2202      	movs	r2, #2
 8006b48:	7162      	strb	r2, [r4, #5]
  if (pEpInDesc != NULL)
 8006b4a:	b118      	cbz	r0, 8006b54 <USBD_CDC_GetHSCfgDesc+0x3c>
    pEpInDesc->wMaxPacketSize = CDC_DATA_HS_MAX_PACKET_SIZE;
 8006b4c:	2200      	movs	r2, #0
 8006b4e:	7102      	strb	r2, [r0, #4]
 8006b50:	2202      	movs	r2, #2
 8006b52:	7142      	strb	r2, [r0, #5]
  *length = (uint16_t)sizeof(USBD_CDC_CfgDesc);
 8006b54:	2343      	movs	r3, #67	@ 0x43
 8006b56:	8033      	strh	r3, [r6, #0]
}
 8006b58:	4800      	ldr	r0, [pc, #0]	@ (8006b5c <USBD_CDC_GetHSCfgDesc+0x44>)
 8006b5a:	bdf8      	pop	{r3, r4, r5, r6, r7, pc}
 8006b5c:	20000010 	.word	0x20000010

08006b60 <USBD_CDC_DataOut>:
{
 8006b60:	b538      	push	{r3, r4, r5, lr}
  USBD_CDC_HandleTypeDef *hcdc = (USBD_CDC_HandleTypeDef *)pdev->pClassDataCmsit[pdev->classId];
 8006b62:	f8d0 32d4 	ldr.w	r3, [r0, #724]	@ 0x2d4
 8006b66:	33b0      	adds	r3, #176	@ 0xb0
 8006b68:	f850 5023 	ldr.w	r5, [r0, r3, lsl #2]
  if (pdev->pClassDataCmsit[pdev->classId] == NULL)
 8006b6c:	b195      	cbz	r5, 8006b94 <USBD_CDC_DataOut+0x34>
 8006b6e:	4604      	mov	r4, r0
  hcdc->RxLength = USBD_LL_GetRxDataSize(pdev, epnum);
 8006b70:	f000 fb1a 	bl	80071a8 <USBD_LL_GetRxDataSize>
 8006b74:	f8c5 020c 	str.w	r0, [r5, #524]	@ 0x20c
  ((USBD_CDC_ItfTypeDef *)pdev->pUserData[pdev->classId])->Receive(hcdc->RxBuffer, &hcdc->RxLength);
 8006b78:	f8d4 32d4 	ldr.w	r3, [r4, #724]	@ 0x2d4
 8006b7c:	33b0      	adds	r3, #176	@ 0xb0
 8006b7e:	eb04 0483 	add.w	r4, r4, r3, lsl #2
 8006b82:	6863      	ldr	r3, [r4, #4]
 8006b84:	68db      	ldr	r3, [r3, #12]
 8006b86:	f505 7103 	add.w	r1, r5, #524	@ 0x20c
 8006b8a:	f8d5 0204 	ldr.w	r0, [r5, #516]	@ 0x204
 8006b8e:	4798      	blx	r3
  return (uint8_t)USBD_OK;
 8006b90:	2000      	movs	r0, #0
}
 8006b92:	bd38      	pop	{r3, r4, r5, pc}
    return (uint8_t)USBD_FAIL;
 8006b94:	2003      	movs	r0, #3
 8006b96:	e7fc      	b.n	8006b92 <USBD_CDC_DataOut+0x32>

08006b98 <USBD_CDC_DataIn>:
{
 8006b98:	b538      	push	{r3, r4, r5, lr}
  PCD_HandleTypeDef *hpcd = (PCD_HandleTypeDef *)pdev->pData;
 8006b9a:	f8d0 52c8 	ldr.w	r5, [r0, #712]	@ 0x2c8
  if (pdev->pClassDataCmsit[pdev->classId] == NULL)
 8006b9e:	f8d0 32d4 	ldr.w	r3, [r0, #724]	@ 0x2d4
 8006ba2:	33b0      	adds	r3, #176	@ 0xb0
 8006ba4:	f850 4023 	ldr.w	r4, [r0, r3, lsl #2]
 8006ba8:	b384      	cbz	r4, 8006c0c <USBD_CDC_DataIn+0x74>
  if ((pdev->ep_in[epnum & 0xFU].total_length > 0U) &&
 8006baa:	f001 030f 	and.w	r3, r1, #15
 8006bae:	eb03 0283 	add.w	r2, r3, r3, lsl #2
 8006bb2:	eb00 0282 	add.w	r2, r0, r2, lsl #2
 8006bb6:	6952      	ldr	r2, [r2, #20]
 8006bb8:	b14a      	cbz	r2, 8006bce <USBD_CDC_DataIn+0x36>
      ((pdev->ep_in[epnum & 0xFU].total_length % hpcd->IN_ep[epnum & 0xFU].maxpacket) == 0U))
 8006bba:	eb03 0cc3 	add.w	ip, r3, r3, lsl #3
 8006bbe:	eb05 058c 	add.w	r5, r5, ip, lsl #2
 8006bc2:	69ed      	ldr	r5, [r5, #28]
 8006bc4:	fbb2 fcf5 	udiv	ip, r2, r5
 8006bc8:	fb05 221c 	mls	r2, r5, ip, r2
  if ((pdev->ep_in[epnum & 0xFU].total_length > 0U) &&
 8006bcc:	b192      	cbz	r2, 8006bf4 <USBD_CDC_DataIn+0x5c>
    hcdc->TxState = 0U;
 8006bce:	2300      	movs	r3, #0
 8006bd0:	f8c4 3214 	str.w	r3, [r4, #532]	@ 0x214
    if (((USBD_CDC_ItfTypeDef *)pdev->pUserData[pdev->classId])->TransmitCplt != NULL)
 8006bd4:	f8d0 32d4 	ldr.w	r3, [r0, #724]	@ 0x2d4
 8006bd8:	33b0      	adds	r3, #176	@ 0xb0
 8006bda:	eb00 0083 	add.w	r0, r0, r3, lsl #2
 8006bde:	6843      	ldr	r3, [r0, #4]
 8006be0:	691b      	ldr	r3, [r3, #16]
 8006be2:	b1ab      	cbz	r3, 8006c10 <USBD_CDC_DataIn+0x78>
      ((USBD_CDC_ItfTypeDef *)pdev->pUserData[pdev->classId])->TransmitCplt(hcdc->TxBuffer, &hcdc->TxLength, epnum);
 8006be4:	460a      	mov	r2, r1
 8006be6:	f504 7104 	add.w	r1, r4, #528	@ 0x210
 8006bea:	f8d4 0208 	ldr.w	r0, [r4, #520]	@ 0x208
 8006bee:	4798      	blx	r3
  return (uint8_t)USBD_OK;
 8006bf0:	2000      	movs	r0, #0
}
 8006bf2:	bd38      	pop	{r3, r4, r5, pc}
    pdev->ep_in[epnum & 0xFU].total_length = 0U;
 8006bf4:	eb03 0383 	add.w	r3, r3, r3, lsl #2
 8006bf8:	eb00 0383 	add.w	r3, r0, r3, lsl #2
 8006bfc:	2400      	movs	r4, #0
 8006bfe:	615c      	str	r4, [r3, #20]
    (void)USBD_LL_Transmit(pdev, epnum, NULL, 0U);
 8006c00:	4623      	mov	r3, r4
 8006c02:	4622      	mov	r2, r4
 8006c04:	f000 fb18 	bl	8007238 <USBD_LL_Transmit>
  return (uint8_t)USBD_OK;
 8006c08:	4620      	mov	r0, r4
    (void)USBD_LL_Transmit(pdev, epnum, NULL, 0U);
 8006c0a:	e7f2      	b.n	8006bf2 <USBD_CDC_DataIn+0x5a>
    return (uint8_t)USBD_FAIL;
 8006c0c:	2003      	movs	r0, #3
 8006c0e:	e7f0      	b.n	8006bf2 <USBD_CDC_DataIn+0x5a>
  return (uint8_t)USBD_OK;
 8006c10:	2000      	movs	r0, #0
 8006c12:	e7ee      	b.n	8006bf2 <USBD_CDC_DataIn+0x5a>

08006c14 <USBD_CDC_Setup>:
{
 8006c14:	b5f0      	push	{r4, r5, r6, r7, lr}
 8006c16:	b083      	sub	sp, #12
  USBD_CDC_HandleTypeDef *hcdc = (USBD_CDC_HandleTypeDef *)pdev->pClassDataCmsit[pdev->classId];
 8006c18:	f8d0 32d4 	ldr.w	r3, [r0, #724]	@ 0x2d4
 8006c1c:	f103 02b0 	add.w	r2, r3, #176	@ 0xb0
 8006c20:	f850 7022 	ldr.w	r7, [r0, r2, lsl #2]
  uint8_t ifalt = 0U;
 8006c24:	2200      	movs	r2, #0
 8006c26:	f88d 2007 	strb.w	r2, [sp, #7]
  uint16_t status_info = 0U;
 8006c2a:	f8ad 2004 	strh.w	r2, [sp, #4]
  if (hcdc == NULL)
 8006c2e:	2f00      	cmp	r7, #0
 8006c30:	d078      	beq.n	8006d24 <USBD_CDC_Setup+0x110>
 8006c32:	4604      	mov	r4, r0
 8006c34:	460d      	mov	r5, r1
  switch (req->bmRequest & USB_REQ_TYPE_MASK)
 8006c36:	7809      	ldrb	r1, [r1, #0]
 8006c38:	f011 0660 	ands.w	r6, r1, #96	@ 0x60
 8006c3c:	d034      	beq.n	8006ca8 <USBD_CDC_Setup+0x94>
 8006c3e:	2e20      	cmp	r6, #32
 8006c40:	d169      	bne.n	8006d16 <USBD_CDC_Setup+0x102>
      if (req->wLength != 0U)
 8006c42:	88ea      	ldrh	r2, [r5, #6]
 8006c44:	b32a      	cbz	r2, 8006c92 <USBD_CDC_Setup+0x7e>
        if ((req->bmRequest & 0x80U) != 0U)
 8006c46:	f011 0f80 	tst.w	r1, #128	@ 0x80
 8006c4a:	d10e      	bne.n	8006c6a <USBD_CDC_Setup+0x56>
          hcdc->CmdOpCode = req->bRequest;
 8006c4c:	786b      	ldrb	r3, [r5, #1]
 8006c4e:	f887 3200 	strb.w	r3, [r7, #512]	@ 0x200
          hcdc->CmdLength = (uint8_t)MIN(req->wLength, USB_MAX_EP0_SIZE);
 8006c52:	88ea      	ldrh	r2, [r5, #6]
 8006c54:	2a3f      	cmp	r2, #63	@ 0x3f
 8006c56:	d81a      	bhi.n	8006c8e <USBD_CDC_Setup+0x7a>
 8006c58:	b2d2      	uxtb	r2, r2
 8006c5a:	f887 2201 	strb.w	r2, [r7, #513]	@ 0x201
          (void)USBD_CtlPrepareRx(pdev, (uint8_t *)hcdc->data, hcdc->CmdLength);
 8006c5e:	4639      	mov	r1, r7
 8006c60:	4620      	mov	r0, r4
 8006c62:	f001 f953 	bl	8007f0c <USBD_CtlPrepareRx>
  USBD_StatusTypeDef ret = USBD_OK;
 8006c66:	2600      	movs	r6, #0
 8006c68:	e059      	b.n	8006d1e <USBD_CDC_Setup+0x10a>
          ((USBD_CDC_ItfTypeDef *)pdev->pUserData[pdev->classId])->Control(req->bRequest,
 8006c6a:	33b0      	adds	r3, #176	@ 0xb0
 8006c6c:	eb00 0383 	add.w	r3, r0, r3, lsl #2
 8006c70:	685b      	ldr	r3, [r3, #4]
 8006c72:	689b      	ldr	r3, [r3, #8]
 8006c74:	4639      	mov	r1, r7
 8006c76:	7868      	ldrb	r0, [r5, #1]
 8006c78:	4798      	blx	r3
          len = MIN(CDC_REQ_MAX_DATA_SIZE, req->wLength);
 8006c7a:	88ea      	ldrh	r2, [r5, #6]
          (void)USBD_CtlSendData(pdev, (uint8_t *)hcdc->data, len);
 8006c7c:	2a07      	cmp	r2, #7
 8006c7e:	bf28      	it	cs
 8006c80:	2207      	movcs	r2, #7
 8006c82:	4639      	mov	r1, r7
 8006c84:	4620      	mov	r0, r4
 8006c86:	f001 f92b 	bl	8007ee0 <USBD_CtlSendData>
  USBD_StatusTypeDef ret = USBD_OK;
 8006c8a:	2600      	movs	r6, #0
 8006c8c:	e047      	b.n	8006d1e <USBD_CDC_Setup+0x10a>
          hcdc->CmdLength = (uint8_t)MIN(req->wLength, USB_MAX_EP0_SIZE);
 8006c8e:	2240      	movs	r2, #64	@ 0x40
 8006c90:	e7e3      	b.n	8006c5a <USBD_CDC_Setup+0x46>
        ((USBD_CDC_ItfTypeDef *)pdev->pUserData[pdev->classId])->Control(req->bRequest,
 8006c92:	33b0      	adds	r3, #176	@ 0xb0
 8006c94:	eb00 0383 	add.w	r3, r0, r3, lsl #2
 8006c98:	685b      	ldr	r3, [r3, #4]
 8006c9a:	689b      	ldr	r3, [r3, #8]
 8006c9c:	2200      	movs	r2, #0
 8006c9e:	4629      	mov	r1, r5
 8006ca0:	7868      	ldrb	r0, [r5, #1]
 8006ca2:	4798      	blx	r3
  USBD_StatusTypeDef ret = USBD_OK;
 8006ca4:	2600      	movs	r6, #0
 8006ca6:	e03a      	b.n	8006d1e <USBD_CDC_Setup+0x10a>
      switch (req->bRequest)
 8006ca8:	786f      	ldrb	r7, [r5, #1]
 8006caa:	2f0b      	cmp	r7, #11
 8006cac:	d82e      	bhi.n	8006d0c <USBD_CDC_Setup+0xf8>
 8006cae:	e8df f007 	tbb	[pc, r7]
 8006cb2:	3606      	.short	0x3606
 8006cb4:	2d2d2d2d 	.word	0x2d2d2d2d
 8006cb8:	2d2d2d2d 	.word	0x2d2d2d2d
 8006cbc:	2415      	.short	0x2415
          if (pdev->dev_state == USBD_STATE_CONFIGURED)
 8006cbe:	f890 329c 	ldrb.w	r3, [r0, #668]	@ 0x29c
 8006cc2:	2b03      	cmp	r3, #3
 8006cc4:	d004      	beq.n	8006cd0 <USBD_CDC_Setup+0xbc>
            USBD_CtlError(pdev, req);
 8006cc6:	4629      	mov	r1, r5
 8006cc8:	f000 fcf2 	bl	80076b0 <USBD_CtlError>
            ret = USBD_FAIL;
 8006ccc:	2603      	movs	r6, #3
 8006cce:	e026      	b.n	8006d1e <USBD_CDC_Setup+0x10a>
            (void)USBD_CtlSendData(pdev, (uint8_t *)&status_info, 2U);
 8006cd0:	2202      	movs	r2, #2
 8006cd2:	a901      	add	r1, sp, #4
 8006cd4:	f001 f904 	bl	8007ee0 <USBD_CtlSendData>
  USBD_StatusTypeDef ret = USBD_OK;
 8006cd8:	463e      	mov	r6, r7
 8006cda:	e020      	b.n	8006d1e <USBD_CDC_Setup+0x10a>
          if (pdev->dev_state == USBD_STATE_CONFIGURED)
 8006cdc:	f890 329c 	ldrb.w	r3, [r0, #668]	@ 0x29c
 8006ce0:	2b03      	cmp	r3, #3
 8006ce2:	d004      	beq.n	8006cee <USBD_CDC_Setup+0xda>
            USBD_CtlError(pdev, req);
 8006ce4:	4629      	mov	r1, r5
 8006ce6:	f000 fce3 	bl	80076b0 <USBD_CtlError>
            ret = USBD_FAIL;
 8006cea:	2603      	movs	r6, #3
 8006cec:	e017      	b.n	8006d1e <USBD_CDC_Setup+0x10a>
            (void)USBD_CtlSendData(pdev, &ifalt, 1U);
 8006cee:	2201      	movs	r2, #1
 8006cf0:	f10d 0107 	add.w	r1, sp, #7
 8006cf4:	f001 f8f4 	bl	8007ee0 <USBD_CtlSendData>
 8006cf8:	e011      	b.n	8006d1e <USBD_CDC_Setup+0x10a>
          if (pdev->dev_state != USBD_STATE_CONFIGURED)
 8006cfa:	f890 329c 	ldrb.w	r3, [r0, #668]	@ 0x29c
 8006cfe:	2b03      	cmp	r3, #3
 8006d00:	d00d      	beq.n	8006d1e <USBD_CDC_Setup+0x10a>
            USBD_CtlError(pdev, req);
 8006d02:	4629      	mov	r1, r5
 8006d04:	f000 fcd4 	bl	80076b0 <USBD_CtlError>
            ret = USBD_FAIL;
 8006d08:	2603      	movs	r6, #3
 8006d0a:	e008      	b.n	8006d1e <USBD_CDC_Setup+0x10a>
          USBD_CtlError(pdev, req);
 8006d0c:	4629      	mov	r1, r5
 8006d0e:	f000 fccf 	bl	80076b0 <USBD_CtlError>
          ret = USBD_FAIL;
 8006d12:	2603      	movs	r6, #3
          break;
 8006d14:	e003      	b.n	8006d1e <USBD_CDC_Setup+0x10a>
      USBD_CtlError(pdev, req);
 8006d16:	4629      	mov	r1, r5
 8006d18:	f000 fcca 	bl	80076b0 <USBD_CtlError>
      ret = USBD_FAIL;
 8006d1c:	2603      	movs	r6, #3
}
 8006d1e:	4630      	mov	r0, r6
 8006d20:	b003      	add	sp, #12
 8006d22:	bdf0      	pop	{r4, r5, r6, r7, pc}
    return (uint8_t)USBD_FAIL;
 8006d24:	2603      	movs	r6, #3
 8006d26:	e7fa      	b.n	8006d1e <USBD_CDC_Setup+0x10a>

08006d28 <USBD_CDC_DeInit>:
{
 8006d28:	b538      	push	{r3, r4, r5, lr}
 8006d2a:	4604      	mov	r4, r0
  (void)USBD_LL_CloseEP(pdev, CDCInEpAdd);
 8006d2c:	2181      	movs	r1, #129	@ 0x81
 8006d2e:	f000 fa63 	bl	80071f8 <USBD_LL_CloseEP>
  pdev->ep_in[CDCInEpAdd & 0xFU].is_used = 0U;
 8006d32:	2500      	movs	r5, #0
 8006d34:	f884 5037 	strb.w	r5, [r4, #55]	@ 0x37
  (void)USBD_LL_CloseEP(pdev, CDCOutEpAdd);
 8006d38:	2101      	movs	r1, #1
 8006d3a:	4620      	mov	r0, r4
 8006d3c:	f000 fa5c 	bl	80071f8 <USBD_LL_CloseEP>
  pdev->ep_out[CDCOutEpAdd & 0xFU].is_used = 0U;
 8006d40:	f884 5177 	strb.w	r5, [r4, #375]	@ 0x177
  (void)USBD_LL_CloseEP(pdev, CDCCmdEpAdd);
 8006d44:	2182      	movs	r1, #130	@ 0x82
 8006d46:	4620      	mov	r0, r4
 8006d48:	f000 fa56 	bl	80071f8 <USBD_LL_CloseEP>
  pdev->ep_in[CDCCmdEpAdd & 0xFU].is_used = 0U;
 8006d4c:	f884 504b 	strb.w	r5, [r4, #75]	@ 0x4b
  pdev->ep_in[CDCCmdEpAdd & 0xFU].bInterval = 0U;
 8006d50:	6465      	str	r5, [r4, #68]	@ 0x44
  if (pdev->pClassDataCmsit[pdev->classId] != NULL)
 8006d52:	f8d4 32d4 	ldr.w	r3, [r4, #724]	@ 0x2d4
 8006d56:	f103 02b0 	add.w	r2, r3, #176	@ 0xb0
 8006d5a:	f854 2022 	ldr.w	r2, [r4, r2, lsl #2]
 8006d5e:	b19a      	cbz	r2, 8006d88 <USBD_CDC_DeInit+0x60>
    ((USBD_CDC_ItfTypeDef *)pdev->pUserData[pdev->classId])->DeInit();
 8006d60:	33b0      	adds	r3, #176	@ 0xb0
 8006d62:	eb04 0383 	add.w	r3, r4, r3, lsl #2
 8006d66:	685b      	ldr	r3, [r3, #4]
 8006d68:	685b      	ldr	r3, [r3, #4]
 8006d6a:	4798      	blx	r3
    (void)USBD_free(pdev->pClassDataCmsit[pdev->classId]);
 8006d6c:	f8d4 32d4 	ldr.w	r3, [r4, #724]	@ 0x2d4
 8006d70:	33b0      	adds	r3, #176	@ 0xb0
 8006d72:	f854 0023 	ldr.w	r0, [r4, r3, lsl #2]
 8006d76:	f000 fa21 	bl	80071bc <USBD_static_free>
    pdev->pClassDataCmsit[pdev->classId] = NULL;
 8006d7a:	f8d4 32d4 	ldr.w	r3, [r4, #724]	@ 0x2d4
 8006d7e:	33b0      	adds	r3, #176	@ 0xb0
 8006d80:	f844 5023 	str.w	r5, [r4, r3, lsl #2]
    pdev->pClassData = NULL;
 8006d84:	f8c4 52bc 	str.w	r5, [r4, #700]	@ 0x2bc
}
 8006d88:	2000      	movs	r0, #0
 8006d8a:	bd38      	pop	{r3, r4, r5, pc}

08006d8c <USBD_CDC_Init>:
{
 8006d8c:	b570      	push	{r4, r5, r6, lr}
 8006d8e:	4604      	mov	r4, r0
  hcdc = (USBD_CDC_HandleTypeDef *)USBD_malloc(sizeof(USBD_CDC_HandleTypeDef));
 8006d90:	f44f 7007 	mov.w	r0, #540	@ 0x21c
 8006d94:	f000 fa0e 	bl	80071b4 <USBD_static_malloc>
  if (hcdc == NULL)
 8006d98:	2800      	cmp	r0, #0
 8006d9a:	d049      	beq.n	8006e30 <USBD_CDC_Init+0xa4>
 8006d9c:	4605      	mov	r5, r0
  (void)USBD_memset(hcdc, 0, sizeof(USBD_CDC_HandleTypeDef));
 8006d9e:	f44f 7207 	mov.w	r2, #540	@ 0x21c
 8006da2:	2100      	movs	r1, #0
 8006da4:	f001 f92e 	bl	8008004 <memset>
  pdev->pClassDataCmsit[pdev->classId] = (void *)hcdc;
 8006da8:	f8d4 32d4 	ldr.w	r3, [r4, #724]	@ 0x2d4
 8006dac:	33b0      	adds	r3, #176	@ 0xb0
 8006dae:	f844 5023 	str.w	r5, [r4, r3, lsl #2]
  pdev->pClassData = pdev->pClassDataCmsit[pdev->classId];
 8006db2:	f8c4 52bc 	str.w	r5, [r4, #700]	@ 0x2bc
  if (pdev->dev_speed == USBD_SPEED_HIGH)
 8006db6:	7c23      	ldrb	r3, [r4, #16]
 8006db8:	2b00      	cmp	r3, #0
 8006dba:	d141      	bne.n	8006e40 <USBD_CDC_Init+0xb4>
    (void)USBD_LL_OpenEP(pdev, CDCInEpAdd, USBD_EP_TYPE_BULK,
 8006dbc:	f44f 7300 	mov.w	r3, #512	@ 0x200
 8006dc0:	2202      	movs	r2, #2
 8006dc2:	2181      	movs	r1, #129	@ 0x81
 8006dc4:	4620      	mov	r0, r4
 8006dc6:	f000 fa0c 	bl	80071e2 <USBD_LL_OpenEP>
    pdev->ep_in[CDCInEpAdd & 0xFU].is_used = 1U;
 8006dca:	2601      	movs	r6, #1
 8006dcc:	f884 6037 	strb.w	r6, [r4, #55]	@ 0x37
    (void)USBD_LL_OpenEP(pdev, CDCOutEpAdd, USBD_EP_TYPE_BULK,
 8006dd0:	f44f 7300 	mov.w	r3, #512	@ 0x200
 8006dd4:	2202      	movs	r2, #2
 8006dd6:	4631      	mov	r1, r6
 8006dd8:	4620      	mov	r0, r4
 8006dda:	f000 fa02 	bl	80071e2 <USBD_LL_OpenEP>
    pdev->ep_out[CDCOutEpAdd & 0xFU].is_used = 1U;
 8006dde:	f884 6177 	strb.w	r6, [r4, #375]	@ 0x177
    pdev->ep_in[CDCCmdEpAdd & 0xFU].bInterval = CDC_HS_BINTERVAL;
 8006de2:	2310      	movs	r3, #16
 8006de4:	6463      	str	r3, [r4, #68]	@ 0x44
  (void)USBD_LL_OpenEP(pdev, CDCCmdEpAdd, USBD_EP_TYPE_INTR, CDC_CMD_PACKET_SIZE);
 8006de6:	2308      	movs	r3, #8
 8006de8:	2203      	movs	r2, #3
 8006dea:	2182      	movs	r1, #130	@ 0x82
 8006dec:	4620      	mov	r0, r4
 8006dee:	f000 f9f8 	bl	80071e2 <USBD_LL_OpenEP>
  pdev->ep_in[CDCCmdEpAdd & 0xFU].is_used = 1U;
 8006df2:	2301      	movs	r3, #1
 8006df4:	f884 304b 	strb.w	r3, [r4, #75]	@ 0x4b
  hcdc->RxBuffer = NULL;
 8006df8:	2600      	movs	r6, #0
 8006dfa:	f8c5 6204 	str.w	r6, [r5, #516]	@ 0x204
  ((USBD_CDC_ItfTypeDef *)pdev->pUserData[pdev->classId])->Init();
 8006dfe:	f8d4 32d4 	ldr.w	r3, [r4, #724]	@ 0x2d4
 8006e02:	33b0      	adds	r3, #176	@ 0xb0
 8006e04:	eb04 0383 	add.w	r3, r4, r3, lsl #2
 8006e08:	685b      	ldr	r3, [r3, #4]
 8006e0a:	681b      	ldr	r3, [r3, #0]
 8006e0c:	4798      	blx	r3
  hcdc->TxState = 0U;
 8006e0e:	f8c5 6214 	str.w	r6, [r5, #532]	@ 0x214
  hcdc->RxState = 0U;
 8006e12:	f8c5 6218 	str.w	r6, [r5, #536]	@ 0x218
  if (hcdc->RxBuffer == NULL)
 8006e16:	f8d5 2204 	ldr.w	r2, [r5, #516]	@ 0x204
 8006e1a:	b362      	cbz	r2, 8006e76 <USBD_CDC_Init+0xea>
  if (pdev->dev_speed == USBD_SPEED_HIGH)
 8006e1c:	7c25      	ldrb	r5, [r4, #16]
 8006e1e:	bb1d      	cbnz	r5, 8006e68 <USBD_CDC_Init+0xdc>
    (void)USBD_LL_PrepareReceive(pdev, CDCOutEpAdd, hcdc->RxBuffer,
 8006e20:	f44f 7300 	mov.w	r3, #512	@ 0x200
 8006e24:	2101      	movs	r1, #1
 8006e26:	4620      	mov	r0, r4
 8006e28:	f000 fa0e 	bl	8007248 <USBD_LL_PrepareReceive>
}
 8006e2c:	4628      	mov	r0, r5
 8006e2e:	bd70      	pop	{r4, r5, r6, pc}
    pdev->pClassDataCmsit[pdev->classId] = NULL;
 8006e30:	f8d4 32d4 	ldr.w	r3, [r4, #724]	@ 0x2d4
 8006e34:	33b0      	adds	r3, #176	@ 0xb0
 8006e36:	2200      	movs	r2, #0
 8006e38:	f844 2023 	str.w	r2, [r4, r3, lsl #2]
    return (uint8_t)USBD_EMEM;
 8006e3c:	2502      	movs	r5, #2
 8006e3e:	e7f5      	b.n	8006e2c <USBD_CDC_Init+0xa0>
    (void)USBD_LL_OpenEP(pdev, CDCInEpAdd, USBD_EP_TYPE_BULK,
 8006e40:	2340      	movs	r3, #64	@ 0x40
 8006e42:	2202      	movs	r2, #2
 8006e44:	2181      	movs	r1, #129	@ 0x81
 8006e46:	4620      	mov	r0, r4
 8006e48:	f000 f9cb 	bl	80071e2 <USBD_LL_OpenEP>
    pdev->ep_in[CDCInEpAdd & 0xFU].is_used = 1U;
 8006e4c:	2601      	movs	r6, #1
 8006e4e:	f884 6037 	strb.w	r6, [r4, #55]	@ 0x37
    (void)USBD_LL_OpenEP(pdev, CDCOutEpAdd, USBD_EP_TYPE_BULK,
 8006e52:	2340      	movs	r3, #64	@ 0x40
 8006e54:	2202      	movs	r2, #2
 8006e56:	4631      	mov	r1, r6
 8006e58:	4620      	mov	r0, r4
 8006e5a:	f000 f9c2 	bl	80071e2 <USBD_LL_OpenEP>
    pdev->ep_out[CDCOutEpAdd & 0xFU].is_used = 1U;
 8006e5e:	f884 6177 	strb.w	r6, [r4, #375]	@ 0x177
    pdev->ep_in[CDCCmdEpAdd & 0xFU].bInterval = CDC_FS_BINTERVAL;
 8006e62:	2310      	movs	r3, #16
 8006e64:	6463      	str	r3, [r4, #68]	@ 0x44
 8006e66:	e7be      	b.n	8006de6 <USBD_CDC_Init+0x5a>
    (void)USBD_LL_PrepareReceive(pdev, CDCOutEpAdd, hcdc->RxBuffer,
 8006e68:	2340      	movs	r3, #64	@ 0x40
 8006e6a:	2101      	movs	r1, #1
 8006e6c:	4620      	mov	r0, r4
 8006e6e:	f000 f9eb 	bl	8007248 <USBD_LL_PrepareReceive>
  return (uint8_t)USBD_OK;
 8006e72:	2500      	movs	r5, #0
 8006e74:	e7da      	b.n	8006e2c <USBD_CDC_Init+0xa0>
    return (uint8_t)USBD_EMEM;
 8006e76:	2502      	movs	r5, #2
 8006e78:	e7d8      	b.n	8006e2c <USBD_CDC_Init+0xa0>

08006e7a <USBD_CDC_RegisterInterface>:
  * @retval status
  */
uint8_t USBD_CDC_RegisterInterface(USBD_HandleTypeDef *pdev,
                                   USBD_CDC_ItfTypeDef *fops)
{
  if (fops == NULL)
 8006e7a:	b139      	cbz	r1, 8006e8c <USBD_CDC_RegisterInterface+0x12>
  {
    return (uint8_t)USBD_FAIL;
  }

  pdev->pUserData[pdev->classId] = fops;
 8006e7c:	f8d0 32d4 	ldr.w	r3, [r0, #724]	@ 0x2d4
 8006e80:	33b0      	adds	r3, #176	@ 0xb0
 8006e82:	eb00 0083 	add.w	r0, r0, r3, lsl #2
 8006e86:	6041      	str	r1, [r0, #4]

  return (uint8_t)USBD_OK;
 8006e88:	2000      	movs	r0, #0
 8006e8a:	4770      	bx	lr
    return (uint8_t)USBD_FAIL;
 8006e8c:	2003      	movs	r0, #3
}
 8006e8e:	4770      	bx	lr

08006e90 <USBD_CDC_SetTxBuffer>:
  USBD_CDC_HandleTypeDef *hcdc = (USBD_CDC_HandleTypeDef *)pdev->pClassDataCmsit[ClassId];
#else
uint8_t USBD_CDC_SetTxBuffer(USBD_HandleTypeDef *pdev,
                             uint8_t *pbuff, uint32_t length)
{
  USBD_CDC_HandleTypeDef *hcdc = (USBD_CDC_HandleTypeDef *)pdev->pClassDataCmsit[pdev->classId];
 8006e90:	f8d0 32d4 	ldr.w	r3, [r0, #724]	@ 0x2d4
 8006e94:	33b0      	adds	r3, #176	@ 0xb0
 8006e96:	f850 3023 	ldr.w	r3, [r0, r3, lsl #2]
#endif /* USE_USBD_COMPOSITE */

  if (hcdc == NULL)
 8006e9a:	b12b      	cbz	r3, 8006ea8 <USBD_CDC_SetTxBuffer+0x18>
  {
    return (uint8_t)USBD_FAIL;
  }

  hcdc->TxBuffer = pbuff;
 8006e9c:	f8c3 1208 	str.w	r1, [r3, #520]	@ 0x208
  hcdc->TxLength = length;
 8006ea0:	f8c3 2210 	str.w	r2, [r3, #528]	@ 0x210

  return (uint8_t)USBD_OK;
 8006ea4:	2000      	movs	r0, #0
 8006ea6:	4770      	bx	lr
    return (uint8_t)USBD_FAIL;
 8006ea8:	2003      	movs	r0, #3
}
 8006eaa:	4770      	bx	lr

08006eac <USBD_CDC_SetRxBuffer>:
  * @param  pbuff: Rx Buffer
  * @retval status
  */
uint8_t USBD_CDC_SetRxBuffer(USBD_HandleTypeDef *pdev, uint8_t *pbuff)
{
  USBD_CDC_HandleTypeDef *hcdc = (USBD_CDC_HandleTypeDef *)pdev->pClassDataCmsit[pdev->classId];
 8006eac:	f8d0 32d4 	ldr.w	r3, [r0, #724]	@ 0x2d4
 8006eb0:	33b0      	adds	r3, #176	@ 0xb0
 8006eb2:	f850 3023 	ldr.w	r3, [r0, r3, lsl #2]

  if (hcdc == NULL)
 8006eb6:	b11b      	cbz	r3, 8006ec0 <USBD_CDC_SetRxBuffer+0x14>
  {
    return (uint8_t)USBD_FAIL;
  }

  hcdc->RxBuffer = pbuff;
 8006eb8:	f8c3 1204 	str.w	r1, [r3, #516]	@ 0x204

  return (uint8_t)USBD_OK;
 8006ebc:	2000      	movs	r0, #0
 8006ebe:	4770      	bx	lr
    return (uint8_t)USBD_FAIL;
 8006ec0:	2003      	movs	r0, #3
}
 8006ec2:	4770      	bx	lr

08006ec4 <USBD_CDC_TransmitPacket>:
uint8_t USBD_CDC_TransmitPacket(USBD_HandleTypeDef *pdev, uint8_t ClassId)
{
  USBD_CDC_HandleTypeDef *hcdc = (USBD_CDC_HandleTypeDef *)pdev->pClassDataCmsit[ClassId];
#else
uint8_t USBD_CDC_TransmitPacket(USBD_HandleTypeDef *pdev)
{
 8006ec4:	b508      	push	{r3, lr}
  USBD_CDC_HandleTypeDef *hcdc = (USBD_CDC_HandleTypeDef *)pdev->pClassDataCmsit[pdev->classId];
 8006ec6:	f8d0 32d4 	ldr.w	r3, [r0, #724]	@ 0x2d4
 8006eca:	33b0      	adds	r3, #176	@ 0xb0
 8006ecc:	f850 2023 	ldr.w	r2, [r0, r3, lsl #2]
#ifdef USE_USBD_COMPOSITE
  /* Get the Endpoints addresses allocated for this class instance */
  CDCInEpAdd  = USBD_CoreGetEPAdd(pdev, USBD_EP_IN, USBD_EP_TYPE_BULK, ClassId);
#endif  /* USE_USBD_COMPOSITE */

  if (hcdc == NULL)
 8006ed0:	b18a      	cbz	r2, 8006ef6 <USBD_CDC_TransmitPacket+0x32>
  {
    return (uint8_t)USBD_FAIL;
  }

  if (hcdc->TxState == 0U)
 8006ed2:	f8d2 3214 	ldr.w	r3, [r2, #532]	@ 0x214
 8006ed6:	b10b      	cbz	r3, 8006edc <USBD_CDC_TransmitPacket+0x18>
  USBD_StatusTypeDef ret = USBD_BUSY;
 8006ed8:	2001      	movs	r0, #1

    ret = USBD_OK;
  }

  return (uint8_t)ret;
}
 8006eda:	bd08      	pop	{r3, pc}
    hcdc->TxState = 1U;
 8006edc:	2301      	movs	r3, #1
 8006ede:	f8c2 3214 	str.w	r3, [r2, #532]	@ 0x214
    pdev->ep_in[CDCInEpAdd & 0xFU].total_length = hcdc->TxLength;
 8006ee2:	f8d2 3210 	ldr.w	r3, [r2, #528]	@ 0x210
 8006ee6:	6283      	str	r3, [r0, #40]	@ 0x28
    (void)USBD_LL_Transmit(pdev, CDCInEpAdd, hcdc->TxBuffer, hcdc->TxLength);
 8006ee8:	f8d2 2208 	ldr.w	r2, [r2, #520]	@ 0x208
 8006eec:	2181      	movs	r1, #129	@ 0x81
 8006eee:	f000 f9a3 	bl	8007238 <USBD_LL_Transmit>
    ret = USBD_OK;
 8006ef2:	2000      	movs	r0, #0
 8006ef4:	e7f1      	b.n	8006eda <USBD_CDC_TransmitPacket+0x16>
    return (uint8_t)USBD_FAIL;
 8006ef6:	2003      	movs	r0, #3
 8006ef8:	e7ef      	b.n	8006eda <USBD_CDC_TransmitPacket+0x16>

08006efa <USBD_CDC_ReceivePacket>:
  *         prepare OUT Endpoint for reception
  * @param  pdev: device instance
  * @retval status
  */
uint8_t USBD_CDC_ReceivePacket(USBD_HandleTypeDef *pdev)
{
 8006efa:	b510      	push	{r4, lr}
  USBD_CDC_HandleTypeDef *hcdc = (USBD_CDC_HandleTypeDef *)pdev->pClassDataCmsit[pdev->classId];
 8006efc:	f8d0 32d4 	ldr.w	r3, [r0, #724]	@ 0x2d4
 8006f00:	33b0      	adds	r3, #176	@ 0xb0
 8006f02:	f850 2023 	ldr.w	r2, [r0, r3, lsl #2]
#ifdef USE_USBD_COMPOSITE
  /* Get the Endpoints addresses allocated for this class instance */
  CDCOutEpAdd = USBD_CoreGetEPAdd(pdev, USBD_EP_OUT, USBD_EP_TYPE_BULK, (uint8_t)pdev->classId);
#endif /* USE_USBD_COMPOSITE */

  if (pdev->pClassDataCmsit[pdev->classId] == NULL)
 8006f06:	b192      	cbz	r2, 8006f2e <USBD_CDC_ReceivePacket+0x34>
  {
    return (uint8_t)USBD_FAIL;
  }

  if (pdev->dev_speed == USBD_SPEED_HIGH)
 8006f08:	7c04      	ldrb	r4, [r0, #16]
 8006f0a:	b944      	cbnz	r4, 8006f1e <USBD_CDC_ReceivePacket+0x24>
  {
    /* Prepare Out endpoint to receive next packet */
    (void)USBD_LL_PrepareReceive(pdev, CDCOutEpAdd, hcdc->RxBuffer,
 8006f0c:	f44f 7300 	mov.w	r3, #512	@ 0x200
 8006f10:	f8d2 2204 	ldr.w	r2, [r2, #516]	@ 0x204
 8006f14:	2101      	movs	r1, #1
 8006f16:	f000 f997 	bl	8007248 <USBD_LL_PrepareReceive>
    (void)USBD_LL_PrepareReceive(pdev, CDCOutEpAdd, hcdc->RxBuffer,
                                 CDC_DATA_FS_OUT_PACKET_SIZE);
  }

  return (uint8_t)USBD_OK;
}
 8006f1a:	4620      	mov	r0, r4
 8006f1c:	bd10      	pop	{r4, pc}
    (void)USBD_LL_PrepareReceive(pdev, CDCOutEpAdd, hcdc->RxBuffer,
 8006f1e:	2340      	movs	r3, #64	@ 0x40
 8006f20:	f8d2 2204 	ldr.w	r2, [r2, #516]	@ 0x204
 8006f24:	2101      	movs	r1, #1
 8006f26:	f000 f98f 	bl	8007248 <USBD_LL_PrepareReceive>
  return (uint8_t)USBD_OK;
 8006f2a:	2400      	movs	r4, #0
 8006f2c:	e7f5      	b.n	8006f1a <USBD_CDC_ReceivePacket+0x20>
    return (uint8_t)USBD_FAIL;
 8006f2e:	2403      	movs	r4, #3
 8006f30:	e7f3      	b.n	8006f1a <USBD_CDC_ReceivePacket+0x20>

08006f32 <CDC_DeInit_FS>:
static int8_t CDC_DeInit_FS(void)
{
  /* USER CODE BEGIN 4 */
  return (USBD_OK);
  /* USER CODE END 4 */
}
 8006f32:	2000      	movs	r0, #0
 8006f34:	4770      	bx	lr

08006f36 <CDC_Control_FS>:
    break;
  }

  return (USBD_OK);
  /* USER CODE END 5 */
}
 8006f36:	2000      	movs	r0, #0
 8006f38:	4770      	bx	lr

08006f3a <CDC_TransmitCplt_FS>:
  UNUSED(Buf);
  UNUSED(Len);
  UNUSED(epnum);
  /* USER CODE END 13 */
  return result;
}
 8006f3a:	2000      	movs	r0, #0
 8006f3c:	4770      	bx	lr
	...

08006f40 <CDC_Receive_FS>:
{
 8006f40:	b510      	push	{r4, lr}
 8006f42:	4601      	mov	r1, r0
  USBD_CDC_SetRxBuffer(&hUsbDeviceFS, &Buf[0]);
 8006f44:	4c04      	ldr	r4, [pc, #16]	@ (8006f58 <CDC_Receive_FS+0x18>)
 8006f46:	4620      	mov	r0, r4
 8006f48:	f7ff ffb0 	bl	8006eac <USBD_CDC_SetRxBuffer>
  USBD_CDC_ReceivePacket(&hUsbDeviceFS);
 8006f4c:	4620      	mov	r0, r4
 8006f4e:	f7ff ffd4 	bl	8006efa <USBD_CDC_ReceivePacket>
}
 8006f52:	2000      	movs	r0, #0
 8006f54:	bd10      	pop	{r4, pc}
 8006f56:	bf00      	nop
 8006f58:	20004e4c 	.word	0x20004e4c

08006f5c <CDC_Init_FS>:
{
 8006f5c:	b510      	push	{r4, lr}
  USBD_CDC_SetTxBuffer(&hUsbDeviceFS, UserTxBufferFS, 0);
 8006f5e:	4c06      	ldr	r4, [pc, #24]	@ (8006f78 <CDC_Init_FS+0x1c>)
 8006f60:	2200      	movs	r2, #0
 8006f62:	4906      	ldr	r1, [pc, #24]	@ (8006f7c <CDC_Init_FS+0x20>)
 8006f64:	4620      	mov	r0, r4
 8006f66:	f7ff ff93 	bl	8006e90 <USBD_CDC_SetTxBuffer>
  USBD_CDC_SetRxBuffer(&hUsbDeviceFS, UserRxBufferFS);
 8006f6a:	4905      	ldr	r1, [pc, #20]	@ (8006f80 <CDC_Init_FS+0x24>)
 8006f6c:	4620      	mov	r0, r4
 8006f6e:	f7ff ff9d 	bl	8006eac <USBD_CDC_SetRxBuffer>
}
 8006f72:	2000      	movs	r0, #0
 8006f74:	bd10      	pop	{r4, pc}
 8006f76:	bf00      	nop
 8006f78:	20004e4c 	.word	0x20004e4c
 8006f7c:	20005128 	.word	0x20005128
 8006f80:	20005928 	.word	0x20005928

08006f84 <CDC_Transmit_FS>:
  USBD_CDC_HandleTypeDef *hcdc = (USBD_CDC_HandleTypeDef*)hUsbDeviceFS.pClassData;
 8006f84:	4b09      	ldr	r3, [pc, #36]	@ (8006fac <CDC_Transmit_FS+0x28>)
 8006f86:	f8d3 32bc 	ldr.w	r3, [r3, #700]	@ 0x2bc
  if (hcdc->TxState != 0){
 8006f8a:	f8d3 3214 	ldr.w	r3, [r3, #532]	@ 0x214
 8006f8e:	b10b      	cbz	r3, 8006f94 <CDC_Transmit_FS+0x10>
    return USBD_BUSY;
 8006f90:	2001      	movs	r0, #1
}
 8006f92:	4770      	bx	lr
{
 8006f94:	b510      	push	{r4, lr}
  USBD_CDC_SetTxBuffer(&hUsbDeviceFS, Buf, Len);
 8006f96:	4c05      	ldr	r4, [pc, #20]	@ (8006fac <CDC_Transmit_FS+0x28>)
 8006f98:	460a      	mov	r2, r1
 8006f9a:	4601      	mov	r1, r0
 8006f9c:	4620      	mov	r0, r4
 8006f9e:	f7ff ff77 	bl	8006e90 <USBD_CDC_SetTxBuffer>
  result = USBD_CDC_TransmitPacket(&hUsbDeviceFS);
 8006fa2:	4620      	mov	r0, r4
 8006fa4:	f7ff ff8e 	bl	8006ec4 <USBD_CDC_TransmitPacket>
}
 8006fa8:	bd10      	pop	{r4, pc}
 8006faa:	bf00      	nop
 8006fac:	20004e4c 	.word	0x20004e4c

08006fb0 <HAL_PCD_MspInit>:
                       LL Driver Callbacks (PCD -> USB Device Library)
*******************************************************************************/
/* MSP Init */

void HAL_PCD_MspInit(PCD_HandleTypeDef* pcdHandle)
{
 8006fb0:	b530      	push	{r4, r5, lr}
 8006fb2:	b089      	sub	sp, #36	@ 0x24
  GPIO_InitTypeDef GPIO_InitStruct = {0};
 8006fb4:	2300      	movs	r3, #0
 8006fb6:	9303      	str	r3, [sp, #12]
 8006fb8:	9304      	str	r3, [sp, #16]
 8006fba:	9305      	str	r3, [sp, #20]
 8006fbc:	9306      	str	r3, [sp, #24]
 8006fbe:	9307      	str	r3, [sp, #28]
  if(pcdHandle->Instance==USB_OTG_FS)
 8006fc0:	6803      	ldr	r3, [r0, #0]
 8006fc2:	f1b3 4fa0 	cmp.w	r3, #1342177280	@ 0x50000000
 8006fc6:	d001      	beq.n	8006fcc <HAL_PCD_MspInit+0x1c>
    HAL_NVIC_EnableIRQ(OTG_FS_IRQn);
  /* USER CODE BEGIN USB_OTG_FS_MspInit 1 */

  /* USER CODE END USB_OTG_FS_MspInit 1 */
  }
}
 8006fc8:	b009      	add	sp, #36	@ 0x24
 8006fca:	bd30      	pop	{r4, r5, pc}
 8006fcc:	aa03      	add	r2, sp, #12
    __HAL_RCC_GPIOA_CLK_ENABLE();
 8006fce:	2500      	movs	r5, #0
 8006fd0:	9501      	str	r5, [sp, #4]
 8006fd2:	4c17      	ldr	r4, [pc, #92]	@ (8007030 <HAL_PCD_MspInit+0x80>)
 8006fd4:	6b23      	ldr	r3, [r4, #48]	@ 0x30
 8006fd6:	f043 0301 	orr.w	r3, r3, #1
 8006fda:	6323      	str	r3, [r4, #48]	@ 0x30
 8006fdc:	6b23      	ldr	r3, [r4, #48]	@ 0x30
 8006fde:	f003 0301 	and.w	r3, r3, #1
 8006fe2:	9301      	str	r3, [sp, #4]
 8006fe4:	9b01      	ldr	r3, [sp, #4]
    GPIO_InitStruct.Pin = GPIO_PIN_11|GPIO_PIN_12;
 8006fe6:	f44f 53c0 	mov.w	r3, #6144	@ 0x1800
 8006fea:	9303      	str	r3, [sp, #12]
    GPIO_InitStruct.Mode = GPIO_MODE_AF_PP;
 8006fec:	2302      	movs	r3, #2
 8006fee:	9304      	str	r3, [sp, #16]
    GPIO_InitStruct.Speed = GPIO_SPEED_FREQ_VERY_HIGH;
 8006ff0:	2303      	movs	r3, #3
 8006ff2:	9306      	str	r3, [sp, #24]
    GPIO_InitStruct.Alternate = GPIO_AF10_OTG_FS;
 8006ff4:	230a      	movs	r3, #10
 8006ff6:	9307      	str	r3, [sp, #28]
    HAL_GPIO_Init(GPIOA, &GPIO_InitStruct);
 8006ff8:	4611      	mov	r1, r2
 8006ffa:	480e      	ldr	r0, [pc, #56]	@ (8007034 <HAL_PCD_MspInit+0x84>)
 8006ffc:	f7fb fab6 	bl	800256c <HAL_GPIO_Init>
    __HAL_RCC_USB_OTG_FS_CLK_ENABLE();
 8007000:	6b63      	ldr	r3, [r4, #52]	@ 0x34
 8007002:	f043 0380 	orr.w	r3, r3, #128	@ 0x80
 8007006:	6363      	str	r3, [r4, #52]	@ 0x34
 8007008:	9502      	str	r5, [sp, #8]
 800700a:	6c63      	ldr	r3, [r4, #68]	@ 0x44
 800700c:	f443 4380 	orr.w	r3, r3, #16384	@ 0x4000
 8007010:	6463      	str	r3, [r4, #68]	@ 0x44
 8007012:	6c63      	ldr	r3, [r4, #68]	@ 0x44
 8007014:	f403 4380 	and.w	r3, r3, #16384	@ 0x4000
 8007018:	9302      	str	r3, [sp, #8]
 800701a:	9b02      	ldr	r3, [sp, #8]
    HAL_NVIC_SetPriority(OTG_FS_IRQn, 5, 0);
 800701c:	462a      	mov	r2, r5
 800701e:	2105      	movs	r1, #5
 8007020:	2043      	movs	r0, #67	@ 0x43
 8007022:	f7fb f81b 	bl	800205c <HAL_NVIC_SetPriority>
    HAL_NVIC_EnableIRQ(OTG_FS_IRQn);
 8007026:	2043      	movs	r0, #67	@ 0x43
 8007028:	f7fb f828 	bl	800207c <HAL_NVIC_EnableIRQ>
}
 800702c:	e7cc      	b.n	8006fc8 <HAL_PCD_MspInit+0x18>
 800702e:	bf00      	nop
 8007030:	40023800 	.word	0x40023800
 8007034:	40020000 	.word	0x40020000

08007038 <HAL_PCD_SetupStageCallback>:
#if (USE_HAL_PCD_REGISTER_CALLBACKS == 1U)
static void PCD_SetupStageCallback(PCD_HandleTypeDef *hpcd)
#else
void HAL_PCD_SetupStageCallback(PCD_HandleTypeDef *hpcd)
#endif /* USE_HAL_PCD_REGISTER_CALLBACKS */
{
 8007038:	b508      	push	{r3, lr}
  USBD_LL_SetupStage((USBD_HandleTypeDef*)hpcd->pData, (uint8_t *)hpcd->Setup);
 800703a:	f200 419c 	addw	r1, r0, #1180	@ 0x49c
 800703e:	f8d0 04e0 	ldr.w	r0, [r0, #1248]	@ 0x4e0
 8007042:	f000 f956 	bl	80072f2 <USBD_LL_SetupStage>
}
 8007046:	bd08      	pop	{r3, pc}

08007048 <HAL_PCD_DataOutStageCallback>:
#if (USE_HAL_PCD_REGISTER_CALLBACKS == 1U)
static void PCD_DataOutStageCallback(PCD_HandleTypeDef *hpcd, uint8_t epnum)
#else
void HAL_PCD_DataOutStageCallback(PCD_HandleTypeDef *hpcd, uint8_t epnum)
#endif /* USE_HAL_PCD_REGISTER_CALLBACKS */
{
 8007048:	b508      	push	{r3, lr}
  USBD_LL_DataOutStage((USBD_HandleTypeDef*)hpcd->pData, epnum, hpcd->OUT_ep[epnum].xfer_buff);
 800704a:	eb01 03c1 	add.w	r3, r1, r1, lsl #3
 800704e:	eb00 0383 	add.w	r3, r0, r3, lsl #2
 8007052:	f8d3 2260 	ldr.w	r2, [r3, #608]	@ 0x260
 8007056:	f8d0 04e0 	ldr.w	r0, [r0, #1248]	@ 0x4e0
 800705a:	f000 fa18 	bl	800748e <USBD_LL_DataOutStage>
}
 800705e:	bd08      	pop	{r3, pc}

08007060 <HAL_PCD_DataInStageCallback>:
#if (USE_HAL_PCD_REGISTER_CALLBACKS == 1U)
static void PCD_DataInStageCallback(PCD_HandleTypeDef *hpcd, uint8_t epnum)
#else
void HAL_PCD_DataInStageCallback(PCD_HandleTypeDef *hpcd, uint8_t epnum)
#endif /* USE_HAL_PCD_REGISTER_CALLBACKS */
{
 8007060:	b508      	push	{r3, lr}
  USBD_LL_DataInStage((USBD_HandleTypeDef*)hpcd->pData, epnum, hpcd->IN_ep[epnum].xfer_buff);
 8007062:	eb01 03c1 	add.w	r3, r1, r1, lsl #3
 8007066:	eb00 0383 	add.w	r3, r0, r3, lsl #2
 800706a:	6a1a      	ldr	r2, [r3, #32]
 800706c:	f8d0 04e0 	ldr.w	r0, [r0, #1248]	@ 0x4e0
 8007070:	f000 fa70 	bl	8007554 <USBD_LL_DataInStage>
}
 8007074:	bd08      	pop	{r3, pc}

08007076 <HAL_PCD_SOFCallback>:
#if (USE_HAL_PCD_REGISTER_CALLBACKS == 1U)
static void PCD_SOFCallback(PCD_HandleTypeDef *hpcd)
#else
void HAL_PCD_SOFCallback(PCD_HandleTypeDef *hpcd)
#endif /* USE_HAL_PCD_REGISTER_CALLBACKS */
{
 8007076:	b508      	push	{r3, lr}
  USBD_LL_SOF((USBD_HandleTypeDef*)hpcd->pData);
 8007078:	f8d0 04e0 	ldr.w	r0, [r0, #1248]	@ 0x4e0
 800707c:	f000 f9b5 	bl	80073ea <USBD_LL_SOF>
}
 8007080:	bd08      	pop	{r3, pc}

08007082 <HAL_PCD_ResetCallback>:
#if (USE_HAL_PCD_REGISTER_CALLBACKS == 1U)
static void PCD_ResetCallback(PCD_HandleTypeDef *hpcd)
#else
void HAL_PCD_ResetCallback(PCD_HandleTypeDef *hpcd)
#endif /* USE_HAL_PCD_REGISTER_CALLBACKS */
{
 8007082:	b510      	push	{r4, lr}
 8007084:	4604      	mov	r4, r0
   USBD_SpeedTypeDef speed = USBD_SPEED_FULL;

  if ( hpcd->Init.speed != PCD_SPEED_FULL)
 8007086:	79c3      	ldrb	r3, [r0, #7]
 8007088:	2b02      	cmp	r3, #2
 800708a:	d109      	bne.n	80070a0 <HAL_PCD_ResetCallback+0x1e>
  {
    Error_Handler();
  }
    /* Set Speed. */
  USBD_LL_SetSpeed((USBD_HandleTypeDef*)hpcd->pData, speed);
 800708c:	2101      	movs	r1, #1
 800708e:	f8d4 04e0 	ldr.w	r0, [r4, #1248]	@ 0x4e0
 8007092:	f000 f98d 	bl	80073b0 <USBD_LL_SetSpeed>

  /* Reset Device. */
  USBD_LL_Reset((USBD_HandleTypeDef*)hpcd->pData);
 8007096:	f8d4 04e0 	ldr.w	r0, [r4, #1248]	@ 0x4e0
 800709a:	f000 f956 	bl	800734a <USBD_LL_Reset>
}
 800709e:	bd10      	pop	{r4, pc}
    Error_Handler();
 80070a0:	f7f9 ffb1 	bl	8001006 <Error_Handler>
 80070a4:	e7f2      	b.n	800708c <HAL_PCD_ResetCallback+0xa>
	...

080070a8 <HAL_PCD_SuspendCallback>:
#if (USE_HAL_PCD_REGISTER_CALLBACKS == 1U)
static void PCD_SuspendCallback(PCD_HandleTypeDef *hpcd)
#else
void HAL_PCD_SuspendCallback(PCD_HandleTypeDef *hpcd)
#endif /* USE_HAL_PCD_REGISTER_CALLBACKS */
{
 80070a8:	b510      	push	{r4, lr}
 80070aa:	4604      	mov	r4, r0
  /* Inform USB library that core enters in suspend Mode. */
  USBD_LL_Suspend((USBD_HandleTypeDef*)hpcd->pData);
 80070ac:	f8d0 04e0 	ldr.w	r0, [r0, #1248]	@ 0x4e0
 80070b0:	f000 f981 	bl	80073b6 <USBD_LL_Suspend>
  __HAL_PCD_GATE_PHYCLOCK(hpcd);
 80070b4:	6822      	ldr	r2, [r4, #0]
 80070b6:	f8d2 3e00 	ldr.w	r3, [r2, #3584]	@ 0xe00
 80070ba:	f043 0301 	orr.w	r3, r3, #1
 80070be:	f8c2 3e00 	str.w	r3, [r2, #3584]	@ 0xe00
  /* Enter in STOP mode. */
  /* USER CODE BEGIN 2 */
  if (hpcd->Init.low_power_enable)
 80070c2:	7ae3      	ldrb	r3, [r4, #11]
 80070c4:	b123      	cbz	r3, 80070d0 <HAL_PCD_SuspendCallback+0x28>
  {
    /* Set SLEEPDEEP bit and SleepOnExit of Cortex System Control Register. */
    SCB->SCR |= (uint32_t)((uint32_t)(SCB_SCR_SLEEPDEEP_Msk | SCB_SCR_SLEEPONEXIT_Msk));
 80070c6:	4a03      	ldr	r2, [pc, #12]	@ (80070d4 <HAL_PCD_SuspendCallback+0x2c>)
 80070c8:	6913      	ldr	r3, [r2, #16]
 80070ca:	f043 0306 	orr.w	r3, r3, #6
 80070ce:	6113      	str	r3, [r2, #16]
  }
  /* USER CODE END 2 */
}
 80070d0:	bd10      	pop	{r4, pc}
 80070d2:	bf00      	nop
 80070d4:	e000ed00 	.word	0xe000ed00

080070d8 <HAL_PCD_ResumeCallback>:
#if (USE_HAL_PCD_REGISTER_CALLBACKS == 1U)
static void PCD_ResumeCallback(PCD_HandleTypeDef *hpcd)
#else
void HAL_PCD_ResumeCallback(PCD_HandleTypeDef *hpcd)
#endif /* USE_HAL_PCD_REGISTER_CALLBACKS */
{
 80070d8:	b508      	push	{r3, lr}
  /* USER CODE BEGIN 3 */

  /* USER CODE END 3 */
  USBD_LL_Resume((USBD_HandleTypeDef*)hpcd->pData);
 80070da:	f8d0 04e0 	ldr.w	r0, [r0, #1248]	@ 0x4e0
 80070de:	f000 f978 	bl	80073d2 <USBD_LL_Resume>
}
 80070e2:	bd08      	pop	{r3, pc}

080070e4 <HAL_PCD_ISOOUTIncompleteCallback>:
#if (USE_HAL_PCD_REGISTER_CALLBACKS == 1U)
static void PCD_ISOOUTIncompleteCallback(PCD_HandleTypeDef *hpcd, uint8_t epnum)
#else
void HAL_PCD_ISOOUTIncompleteCallback(PCD_HandleTypeDef *hpcd, uint8_t epnum)
#endif /* USE_HAL_PCD_REGISTER_CALLBACKS */
{
 80070e4:	b508      	push	{r3, lr}
  USBD_LL_IsoOUTIncomplete((USBD_HandleTypeDef*)hpcd->pData, epnum);
 80070e6:	f8d0 04e0 	ldr.w	r0, [r0, #1248]	@ 0x4e0
 80070ea:	f000 f9a4 	bl	8007436 <USBD_LL_IsoOUTIncomplete>
}
 80070ee:	bd08      	pop	{r3, pc}

080070f0 <HAL_PCD_ISOINIncompleteCallback>:
#if (USE_HAL_PCD_REGISTER_CALLBACKS == 1U)
static void PCD_ISOINIncompleteCallback(PCD_HandleTypeDef *hpcd, uint8_t epnum)
#else
void HAL_PCD_ISOINIncompleteCallback(PCD_HandleTypeDef *hpcd, uint8_t epnum)
#endif /* USE_HAL_PCD_REGISTER_CALLBACKS */
{
 80070f0:	b508      	push	{r3, lr}
  USBD_LL_IsoINIncomplete((USBD_HandleTypeDef*)hpcd->pData, epnum);
 80070f2:	f8d0 04e0 	ldr.w	r0, [r0, #1248]	@ 0x4e0
 80070f6:	f000 f988 	bl	800740a <USBD_LL_IsoINIncomplete>
}
 80070fa:	bd08      	pop	{r3, pc}

080070fc <HAL_PCD_ConnectCallback>:
#if (USE_HAL_PCD_REGISTER_CALLBACKS == 1U)
static void PCD_ConnectCallback(PCD_HandleTypeDef *hpcd)
#else
void HAL_PCD_ConnectCallback(PCD_HandleTypeDef *hpcd)
#endif /* USE_HAL_PCD_REGISTER_CALLBACKS */
{
 80070fc:	b508      	push	{r3, lr}
  USBD_LL_DevConnected((USBD_HandleTypeDef*)hpcd->pData);
 80070fe:	f8d0 04e0 	ldr.w	r0, [r0, #1248]	@ 0x4e0
 8007102:	f000 f9ae 	bl	8007462 <USBD_LL_DevConnected>
}
 8007106:	bd08      	pop	{r3, pc}

08007108 <HAL_PCD_DisconnectCallback>:
#if (USE_HAL_PCD_REGISTER_CALLBACKS == 1U)
static void PCD_DisconnectCallback(PCD_HandleTypeDef *hpcd)
#else
void HAL_PCD_DisconnectCallback(PCD_HandleTypeDef *hpcd)
#endif /* USE_HAL_PCD_REGISTER_CALLBACKS */
{
 8007108:	b508      	push	{r3, lr}
  USBD_LL_DevDisconnected((USBD_HandleTypeDef*)hpcd->pData);
 800710a:	f8d0 04e0 	ldr.w	r0, [r0, #1248]	@ 0x4e0
 800710e:	f000 f9aa 	bl	8007466 <USBD_LL_DevDisconnected>
}
 8007112:	bd08      	pop	{r3, pc}

08007114 <USBD_LL_Init>:
  * @retval USBD status
  */
USBD_StatusTypeDef USBD_LL_Init(USBD_HandleTypeDef *pdev)
{
  /* Init USB Ip. */
  if (pdev->id == DEVICE_FS) {
 8007114:	7802      	ldrb	r2, [r0, #0]
 8007116:	b10a      	cbz	r2, 800711c <USBD_LL_Init+0x8>
  HAL_PCDEx_SetRxFiFo(&hpcd_USB_OTG_FS, 0x80);
  HAL_PCDEx_SetTxFiFo(&hpcd_USB_OTG_FS, 0, 0x40);
  HAL_PCDEx_SetTxFiFo(&hpcd_USB_OTG_FS, 1, 0x80);
  }
  return USBD_OK;
}
 8007118:	2000      	movs	r0, #0
 800711a:	4770      	bx	lr
{
 800711c:	b510      	push	{r4, lr}
 800711e:	4603      	mov	r3, r0
  hpcd_USB_OTG_FS.pData = pdev;
 8007120:	4815      	ldr	r0, [pc, #84]	@ (8007178 <USBD_LL_Init+0x64>)
 8007122:	f8c0 34e0 	str.w	r3, [r0, #1248]	@ 0x4e0
  pdev->pData = &hpcd_USB_OTG_FS;
 8007126:	f8c3 02c8 	str.w	r0, [r3, #712]	@ 0x2c8
  hpcd_USB_OTG_FS.Instance = USB_OTG_FS;
 800712a:	f04f 43a0 	mov.w	r3, #1342177280	@ 0x50000000
 800712e:	6003      	str	r3, [r0, #0]
  hpcd_USB_OTG_FS.Init.dev_endpoints = 4;
 8007130:	2304      	movs	r3, #4
 8007132:	7103      	strb	r3, [r0, #4]
  hpcd_USB_OTG_FS.Init.speed = PCD_SPEED_FULL;
 8007134:	2202      	movs	r2, #2
 8007136:	71c2      	strb	r2, [r0, #7]
  hpcd_USB_OTG_FS.Init.dma_enable = DISABLE;
 8007138:	2300      	movs	r3, #0
 800713a:	7183      	strb	r3, [r0, #6]
  hpcd_USB_OTG_FS.Init.phy_itface = PCD_PHY_EMBEDDED;
 800713c:	7242      	strb	r2, [r0, #9]
  hpcd_USB_OTG_FS.Init.Sof_enable = DISABLE;
 800713e:	7283      	strb	r3, [r0, #10]
  hpcd_USB_OTG_FS.Init.low_power_enable = DISABLE;
 8007140:	72c3      	strb	r3, [r0, #11]
  hpcd_USB_OTG_FS.Init.lpm_enable = DISABLE;
 8007142:	7303      	strb	r3, [r0, #12]
  hpcd_USB_OTG_FS.Init.vbus_sensing_enable = DISABLE;
 8007144:	7383      	strb	r3, [r0, #14]
  hpcd_USB_OTG_FS.Init.use_dedicated_ep1 = DISABLE;
 8007146:	73c3      	strb	r3, [r0, #15]
  if (HAL_PCD_Init(&hpcd_USB_OTG_FS) != HAL_OK)
 8007148:	f7fb fc6c 	bl	8002a24 <HAL_PCD_Init>
 800714c:	b980      	cbnz	r0, 8007170 <USBD_LL_Init+0x5c>
  HAL_PCDEx_SetRxFiFo(&hpcd_USB_OTG_FS, 0x80);
 800714e:	4c0a      	ldr	r4, [pc, #40]	@ (8007178 <USBD_LL_Init+0x64>)
 8007150:	2180      	movs	r1, #128	@ 0x80
 8007152:	4620      	mov	r0, r4
 8007154:	f7fc fa34 	bl	80035c0 <HAL_PCDEx_SetRxFiFo>
  HAL_PCDEx_SetTxFiFo(&hpcd_USB_OTG_FS, 0, 0x40);
 8007158:	2240      	movs	r2, #64	@ 0x40
 800715a:	2100      	movs	r1, #0
 800715c:	4620      	mov	r0, r4
 800715e:	f7fc fa09 	bl	8003574 <HAL_PCDEx_SetTxFiFo>
  HAL_PCDEx_SetTxFiFo(&hpcd_USB_OTG_FS, 1, 0x80);
 8007162:	2280      	movs	r2, #128	@ 0x80
 8007164:	2101      	movs	r1, #1
 8007166:	4620      	mov	r0, r4
 8007168:	f7fc fa04 	bl	8003574 <HAL_PCDEx_SetTxFiFo>
}
 800716c:	2000      	movs	r0, #0
 800716e:	bd10      	pop	{r4, pc}
    Error_Handler( );
 8007170:	f7f9 ff49 	bl	8001006 <Error_Handler>
 8007174:	e7eb      	b.n	800714e <USBD_LL_Init+0x3a>
 8007176:	bf00      	nop
 8007178:	20006348 	.word	0x20006348

0800717c <USBD_LL_IsStallEP>:
  * @param  ep_addr: Endpoint number
  * @retval Stall (1: Yes, 0: No)
  */
uint8_t USBD_LL_IsStallEP(USBD_HandleTypeDef *pdev, uint8_t ep_addr)
{
  PCD_HandleTypeDef *hpcd = (PCD_HandleTypeDef*) pdev->pData;
 800717c:	f8d0 32c8 	ldr.w	r3, [r0, #712]	@ 0x2c8

  if((ep_addr & 0x80) == 0x80)
 8007180:	f011 0f80 	tst.w	r1, #128	@ 0x80
 8007184:	d108      	bne.n	8007198 <USBD_LL_IsStallEP+0x1c>
  {
    return hpcd->IN_ep[ep_addr & 0x7F].is_stall;
  }
  else
  {
    return hpcd->OUT_ep[ep_addr & 0x7F].is_stall;
 8007186:	f001 017f 	and.w	r1, r1, #127	@ 0x7f
 800718a:	eb01 01c1 	add.w	r1, r1, r1, lsl #3
 800718e:	eb03 0381 	add.w	r3, r3, r1, lsl #2
 8007192:	f893 0256 	ldrb.w	r0, [r3, #598]	@ 0x256
  }
}
 8007196:	4770      	bx	lr
    return hpcd->IN_ep[ep_addr & 0x7F].is_stall;
 8007198:	f001 017f 	and.w	r1, r1, #127	@ 0x7f
 800719c:	eb01 01c1 	add.w	r1, r1, r1, lsl #3
 80071a0:	eb03 0381 	add.w	r3, r3, r1, lsl #2
 80071a4:	7d98      	ldrb	r0, [r3, #22]
 80071a6:	4770      	bx	lr

080071a8 <USBD_LL_GetRxDataSize>:
  * @param  pdev: Device handle
  * @param  ep_addr: Endpoint number
  * @retval Received Data Size
  */
uint32_t USBD_LL_GetRxDataSize(USBD_HandleTypeDef *pdev, uint8_t ep_addr)
{
 80071a8:	b508      	push	{r3, lr}
  return HAL_PCD_EP_GetRxCount((PCD_HandleTypeDef*) pdev->pData, ep_addr);
 80071aa:	f8d0 02c8 	ldr.w	r0, [r0, #712]	@ 0x2c8
 80071ae:	f7fb fe3d 	bl	8002e2c <HAL_PCD_EP_GetRxCount>
}
 80071b2:	bd08      	pop	{r3, pc}

080071b4 <USBD_static_malloc>:
  */
void *USBD_static_malloc(uint32_t size)
{
  static uint32_t mem[(sizeof(USBD_CDC_HandleTypeDef)/4)+1];/* On 32-bit boundary */
  return mem;
}
 80071b4:	4800      	ldr	r0, [pc, #0]	@ (80071b8 <USBD_static_malloc+0x4>)
 80071b6:	4770      	bx	lr
 80071b8:	20006128 	.word	0x20006128

080071bc <USBD_static_free>:
  * @retval None
  */
void USBD_static_free(void *p)
{

}
 80071bc:	4770      	bx	lr

080071be <USBD_Get_USB_Status>:
  */
USBD_StatusTypeDef USBD_Get_USB_Status(HAL_StatusTypeDef hal_status)
{
  USBD_StatusTypeDef usb_status = USBD_OK;

  switch (hal_status)
 80071be:	2803      	cmp	r0, #3
 80071c0:	d805      	bhi.n	80071ce <USBD_Get_USB_Status+0x10>
 80071c2:	e8df f000 	tbb	[pc, r0]
 80071c6:	0405      	.short	0x0405
 80071c8:	0502      	.short	0x0502
    break;
    case HAL_ERROR :
      usb_status = USBD_FAIL;
    break;
    case HAL_BUSY :
      usb_status = USBD_BUSY;
 80071ca:	2001      	movs	r0, #1
    break;
 80071cc:	4770      	bx	lr
      usb_status = USBD_FAIL;
 80071ce:	2003      	movs	r0, #3
    default :
      usb_status = USBD_FAIL;
    break;
  }
  return usb_status;
}
 80071d0:	4770      	bx	lr

080071d2 <USBD_LL_Start>:
{
 80071d2:	b508      	push	{r3, lr}
  hal_status = HAL_PCD_Start(pdev->pData);
 80071d4:	f8d0 02c8 	ldr.w	r0, [r0, #712]	@ 0x2c8
 80071d8:	f7fb fca5 	bl	8002b26 <HAL_PCD_Start>
  usb_status =  USBD_Get_USB_Status(hal_status);
 80071dc:	f7ff ffef 	bl	80071be <USBD_Get_USB_Status>
}
 80071e0:	bd08      	pop	{r3, pc}

080071e2 <USBD_LL_OpenEP>:
{
 80071e2:	b508      	push	{r3, lr}
 80071e4:	4694      	mov	ip, r2
 80071e6:	461a      	mov	r2, r3
  hal_status = HAL_PCD_EP_Open(pdev->pData, ep_addr, ep_mps, ep_type);
 80071e8:	4663      	mov	r3, ip
 80071ea:	f8d0 02c8 	ldr.w	r0, [r0, #712]	@ 0x2c8
 80071ee:	f7fb fd7a 	bl	8002ce6 <HAL_PCD_EP_Open>
  usb_status =  USBD_Get_USB_Status(hal_status);
 80071f2:	f7ff ffe4 	bl	80071be <USBD_Get_USB_Status>
}
 80071f6:	bd08      	pop	{r3, pc}

080071f8 <USBD_LL_CloseEP>:
{
 80071f8:	b508      	push	{r3, lr}
  hal_status = HAL_PCD_EP_Close(pdev->pData, ep_addr);
 80071fa:	f8d0 02c8 	ldr.w	r0, [r0, #712]	@ 0x2c8
 80071fe:	f7fb fdb8 	bl	8002d72 <HAL_PCD_EP_Close>
  usb_status =  USBD_Get_USB_Status(hal_status);
 8007202:	f7ff ffdc 	bl	80071be <USBD_Get_USB_Status>
}
 8007206:	bd08      	pop	{r3, pc}

08007208 <USBD_LL_StallEP>:
{
 8007208:	b508      	push	{r3, lr}
  hal_status = HAL_PCD_EP_SetStall(pdev->pData, ep_addr);
 800720a:	f8d0 02c8 	ldr.w	r0, [r0, #712]	@ 0x2c8
 800720e:	f7fb fe3b 	bl	8002e88 <HAL_PCD_EP_SetStall>
  usb_status =  USBD_Get_USB_Status(hal_status);
 8007212:	f7ff ffd4 	bl	80071be <USBD_Get_USB_Status>
}
 8007216:	bd08      	pop	{r3, pc}

08007218 <USBD_LL_ClearStallEP>:
{
 8007218:	b508      	push	{r3, lr}
  hal_status = HAL_PCD_EP_ClrStall(pdev->pData, ep_addr);
 800721a:	f8d0 02c8 	ldr.w	r0, [r0, #712]	@ 0x2c8
 800721e:	f7fb fe76 	bl	8002f0e <HAL_PCD_EP_ClrStall>
  usb_status =  USBD_Get_USB_Status(hal_status);
 8007222:	f7ff ffcc 	bl	80071be <USBD_Get_USB_Status>
}
 8007226:	bd08      	pop	{r3, pc}

08007228 <USBD_LL_SetUSBAddress>:
{
 8007228:	b508      	push	{r3, lr}
  hal_status = HAL_PCD_SetAddress(pdev->pData, dev_addr);
 800722a:	f8d0 02c8 	ldr.w	r0, [r0, #712]	@ 0x2c8
 800722e:	f7fb fd47 	bl	8002cc0 <HAL_PCD_SetAddress>
  usb_status =  USBD_Get_USB_Status(hal_status);
 8007232:	f7ff ffc4 	bl	80071be <USBD_Get_USB_Status>
}
 8007236:	bd08      	pop	{r3, pc}

08007238 <USBD_LL_Transmit>:
{
 8007238:	b508      	push	{r3, lr}
  hal_status = HAL_PCD_EP_Transmit(pdev->pData, ep_addr, pbuf, size);
 800723a:	f8d0 02c8 	ldr.w	r0, [r0, #712]	@ 0x2c8
 800723e:	f7fb fdfe 	bl	8002e3e <HAL_PCD_EP_Transmit>
  usb_status =  USBD_Get_USB_Status(hal_status);
 8007242:	f7ff ffbc 	bl	80071be <USBD_Get_USB_Status>
}
 8007246:	bd08      	pop	{r3, pc}

08007248 <USBD_LL_PrepareReceive>:
{
 8007248:	b508      	push	{r3, lr}
  hal_status = HAL_PCD_EP_Receive(pdev->pData, ep_addr, pbuf, size);
 800724a:	f8d0 02c8 	ldr.w	r0, [r0, #712]	@ 0x2c8
 800724e:	f7fb fdc8 	bl	8002de2 <HAL_PCD_EP_Receive>
  usb_status =  USBD_Get_USB_Status(hal_status);
 8007252:	f7ff ffb4 	bl	80071be <USBD_Get_USB_Status>
}
 8007256:	bd08      	pop	{r3, pc}

08007258 <USBD_Init>:
                             USBD_DescriptorsTypeDef *pdesc, uint8_t id)
{
  USBD_StatusTypeDef ret;

  /* Check whether the USB Host handle is valid */
  if (pdev == NULL)
 8007258:	b198      	cbz	r0, 8007282 <USBD_Init+0x2a>
{
 800725a:	b508      	push	{r3, lr}
 800725c:	4603      	mov	r3, r0
    pdev->NumClasses = 0;
    pdev->classId = 0;
  }
#else
  /* Unlink previous class*/
  pdev->pClass[0] = NULL;
 800725e:	2000      	movs	r0, #0
 8007260:	f8c3 02b8 	str.w	r0, [r3, #696]	@ 0x2b8
  pdev->pUserData[0] = NULL;
 8007264:	f8c3 02c4 	str.w	r0, [r3, #708]	@ 0x2c4
#endif /* USE_USBD_COMPOSITE */

  pdev->pConfDesc = NULL;
 8007268:	f8c3 02d0 	str.w	r0, [r3, #720]	@ 0x2d0

  /* Assign USBD Descriptors */
  if (pdesc != NULL)
 800726c:	b109      	cbz	r1, 8007272 <USBD_Init+0x1a>
  {
    pdev->pDesc = pdesc;
 800726e:	f8c3 12b4 	str.w	r1, [r3, #692]	@ 0x2b4
  }

  /* Set Device initial State */
  pdev->dev_state = USBD_STATE_DEFAULT;
 8007272:	2101      	movs	r1, #1
 8007274:	f883 129c 	strb.w	r1, [r3, #668]	@ 0x29c
  pdev->id = id;
 8007278:	701a      	strb	r2, [r3, #0]

  /* Initialize low level driver */
  ret = USBD_LL_Init(pdev);
 800727a:	4618      	mov	r0, r3
 800727c:	f7ff ff4a 	bl	8007114 <USBD_LL_Init>

  return ret;
}
 8007280:	bd08      	pop	{r3, pc}
    return USBD_FAIL;
 8007282:	2003      	movs	r0, #3
}
 8007284:	4770      	bx	lr

08007286 <USBD_RegisterClass>:
  * @param  pdev: Device Handle
  * @param  pclass: Class handle
  * @retval USBD Status
  */
USBD_StatusTypeDef USBD_RegisterClass(USBD_HandleTypeDef *pdev, USBD_ClassTypeDef *pclass)
{
 8007286:	b510      	push	{r4, lr}
 8007288:	b082      	sub	sp, #8
  uint16_t len = 0U;
 800728a:	2300      	movs	r3, #0
 800728c:	f8ad 3006 	strh.w	r3, [sp, #6]

  if (pclass == NULL)
 8007290:	b1b9      	cbz	r1, 80072c2 <USBD_RegisterClass+0x3c>
 8007292:	4604      	mov	r4, r0
#endif /* (USBD_DEBUG_LEVEL > 1U) */
    return USBD_FAIL;
  }

  /* link the class to the USB Device handle */
  pdev->pClass[0] = pclass;
 8007294:	f8c0 12b8 	str.w	r1, [r0, #696]	@ 0x2b8
  if (pdev->pClass[pdev->classId]->GetHSConfigDescriptor != NULL)
  {
    pdev->pConfDesc = (void *)pdev->pClass[pdev->classId]->GetHSConfigDescriptor(&len);
  }
#else /* Default USE_USB_FS */
  if (pdev->pClass[pdev->classId]->GetFSConfigDescriptor != NULL)
 8007298:	f8d0 22d4 	ldr.w	r2, [r0, #724]	@ 0x2d4
 800729c:	6acb      	ldr	r3, [r1, #44]	@ 0x2c
 800729e:	b143      	cbz	r3, 80072b2 <USBD_RegisterClass+0x2c>
  {
    pdev->pConfDesc = (void *)pdev->pClass[pdev->classId]->GetFSConfigDescriptor(&len);
 80072a0:	32ae      	adds	r2, #174	@ 0xae
 80072a2:	f850 3022 	ldr.w	r3, [r0, r2, lsl #2]
 80072a6:	6adb      	ldr	r3, [r3, #44]	@ 0x2c
 80072a8:	f10d 0006 	add.w	r0, sp, #6
 80072ac:	4798      	blx	r3
 80072ae:	f8c4 02d0 	str.w	r0, [r4, #720]	@ 0x2d0
  }
#endif /* USE_USB_FS */

  /* Increment the NumClasses */
  pdev->NumClasses++;
 80072b2:	f8d4 32d8 	ldr.w	r3, [r4, #728]	@ 0x2d8
 80072b6:	3301      	adds	r3, #1
 80072b8:	f8c4 32d8 	str.w	r3, [r4, #728]	@ 0x2d8

  return USBD_OK;
 80072bc:	2000      	movs	r0, #0
}
 80072be:	b002      	add	sp, #8
 80072c0:	bd10      	pop	{r4, pc}
    return USBD_FAIL;
 80072c2:	2003      	movs	r0, #3
 80072c4:	e7fb      	b.n	80072be <USBD_RegisterClass+0x38>

080072c6 <USBD_Start>:
  *         Start the USB Device Core.
  * @param  pdev: Device Handle
  * @retval USBD Status
  */
USBD_StatusTypeDef USBD_Start(USBD_HandleTypeDef *pdev)
{
 80072c6:	b508      	push	{r3, lr}
#ifdef USE_USBD_COMPOSITE
  pdev->classId = 0U;
#endif /* USE_USBD_COMPOSITE */

  /* Start the low level driver  */
  return USBD_LL_Start(pdev);
 80072c8:	f7ff ff83 	bl	80071d2 <USBD_LL_Start>
}
 80072cc:	bd08      	pop	{r3, pc}

080072ce <USBD_SetClassConfig>:
  * @param  cfgidx: configuration index
  * @retval status
  */

USBD_StatusTypeDef USBD_SetClassConfig(USBD_HandleTypeDef *pdev, uint8_t cfgidx)
{
 80072ce:	b508      	push	{r3, lr}
        }
      }
    }
  }
#else
  if (pdev->pClass[0] != NULL)
 80072d0:	f8d0 32b8 	ldr.w	r3, [r0, #696]	@ 0x2b8
 80072d4:	b113      	cbz	r3, 80072dc <USBD_SetClassConfig+0xe>
  {
    /* Set configuration and Start the Class */
    ret = (USBD_StatusTypeDef)pdev->pClass[0]->Init(pdev, cfgidx);
 80072d6:	681b      	ldr	r3, [r3, #0]
 80072d8:	4798      	blx	r3
  }
#endif /* USE_USBD_COMPOSITE */

  return ret;
}
 80072da:	bd08      	pop	{r3, pc}
  USBD_StatusTypeDef ret = USBD_OK;
 80072dc:	2000      	movs	r0, #0
 80072de:	e7fc      	b.n	80072da <USBD_SetClassConfig+0xc>

080072e0 <USBD_ClrClassConfig>:
  * @param  pdev: device instance
  * @param  cfgidx: configuration index
  * @retval status
  */
USBD_StatusTypeDef USBD_ClrClassConfig(USBD_HandleTypeDef *pdev, uint8_t cfgidx)
{
 80072e0:	b508      	push	{r3, lr}
      }
    }
  }
#else
  /* Clear configuration  and De-initialize the Class process */
  if (pdev->pClass[0]->DeInit(pdev, cfgidx) != 0U)
 80072e2:	f8d0 32b8 	ldr.w	r3, [r0, #696]	@ 0x2b8
 80072e6:	685b      	ldr	r3, [r3, #4]
 80072e8:	4798      	blx	r3
 80072ea:	b900      	cbnz	r0, 80072ee <USBD_ClrClassConfig+0xe>
    ret = USBD_FAIL;
  }
#endif /* USE_USBD_COMPOSITE */

  return ret;
}
 80072ec:	bd08      	pop	{r3, pc}
    ret = USBD_FAIL;
 80072ee:	2003      	movs	r0, #3
 80072f0:	e7fc      	b.n	80072ec <USBD_ClrClassConfig+0xc>

080072f2 <USBD_LL_SetupStage>:
  * @param  pdev: device instance
  * @param  psetup: setup packet buffer pointer
  * @retval status
  */
USBD_StatusTypeDef USBD_LL_SetupStage(USBD_HandleTypeDef *pdev, uint8_t *psetup)
{
 80072f2:	b538      	push	{r3, r4, r5, lr}
 80072f4:	4604      	mov	r4, r0
  USBD_StatusTypeDef ret;

  USBD_ParseSetupRequest(&pdev->request, psetup);
 80072f6:	f200 25aa 	addw	r5, r0, #682	@ 0x2aa
 80072fa:	4628      	mov	r0, r5
 80072fc:	f000 f9c4 	bl	8007688 <USBD_ParseSetupRequest>

  pdev->ep0_state = USBD_EP0_SETUP;
 8007300:	2301      	movs	r3, #1
 8007302:	f8c4 3294 	str.w	r3, [r4, #660]	@ 0x294

  pdev->ep0_data_len = pdev->request.wLength;
 8007306:	f8b4 32b0 	ldrh.w	r3, [r4, #688]	@ 0x2b0
 800730a:	f8c4 3298 	str.w	r3, [r4, #664]	@ 0x298

  switch (pdev->request.bmRequest & 0x1FU)
 800730e:	f894 12aa 	ldrb.w	r1, [r4, #682]	@ 0x2aa
 8007312:	f001 031f 	and.w	r3, r1, #31
 8007316:	2b01      	cmp	r3, #1
 8007318:	d007      	beq.n	800732a <USBD_LL_SetupStage+0x38>
 800731a:	2b02      	cmp	r3, #2
 800731c:	d00a      	beq.n	8007334 <USBD_LL_SetupStage+0x42>
 800731e:	b973      	cbnz	r3, 800733e <USBD_LL_SetupStage+0x4c>
  {
    case USB_REQ_RECIPIENT_DEVICE:
      ret = USBD_StdDevReq(pdev, &pdev->request);
 8007320:	4629      	mov	r1, r5
 8007322:	4620      	mov	r0, r4
 8007324:	f000 fb84 	bl	8007a30 <USBD_StdDevReq>
      ret = USBD_LL_StallEP(pdev, (pdev->request.bmRequest & 0x80U));
      break;
  }

  return ret;
}
 8007328:	bd38      	pop	{r3, r4, r5, pc}
      ret = USBD_StdItfReq(pdev, &pdev->request);
 800732a:	4629      	mov	r1, r5
 800732c:	4620      	mov	r0, r4
 800732e:	f000 fbba 	bl	8007aa6 <USBD_StdItfReq>
      break;
 8007332:	e7f9      	b.n	8007328 <USBD_LL_SetupStage+0x36>
      ret = USBD_StdEPReq(pdev, &pdev->request);
 8007334:	4629      	mov	r1, r5
 8007336:	4620      	mov	r0, r4
 8007338:	f000 fbf7 	bl	8007b2a <USBD_StdEPReq>
      break;
 800733c:	e7f4      	b.n	8007328 <USBD_LL_SetupStage+0x36>
      ret = USBD_LL_StallEP(pdev, (pdev->request.bmRequest & 0x80U));
 800733e:	f001 0180 	and.w	r1, r1, #128	@ 0x80
 8007342:	4620      	mov	r0, r4
 8007344:	f7ff ff60 	bl	8007208 <USBD_LL_StallEP>
      break;
 8007348:	e7ee      	b.n	8007328 <USBD_LL_SetupStage+0x36>

0800734a <USBD_LL_Reset>:
  *         Handle Reset event
  * @param  pdev: device instance
  * @retval status
  */
USBD_StatusTypeDef USBD_LL_Reset(USBD_HandleTypeDef *pdev)
{
 800734a:	b5f8      	push	{r3, r4, r5, r6, r7, lr}
 800734c:	4604      	mov	r4, r0
  USBD_StatusTypeDef ret = USBD_OK;

  /* Upon Reset call user call back */
  pdev->dev_state = USBD_STATE_DEFAULT;
 800734e:	2301      	movs	r3, #1
 8007350:	f880 329c 	strb.w	r3, [r0, #668]	@ 0x29c
  pdev->ep0_state = USBD_EP0_IDLE;
 8007354:	2300      	movs	r3, #0
 8007356:	f8c0 3294 	str.w	r3, [r0, #660]	@ 0x294
  pdev->dev_config = 0U;
 800735a:	6043      	str	r3, [r0, #4]
  pdev->dev_remote_wakeup = 0U;
 800735c:	f8c0 32a4 	str.w	r3, [r0, #676]	@ 0x2a4
  pdev->dev_test_mode = 0U;
 8007360:	f880 32a0 	strb.w	r3, [r0, #672]	@ 0x2a0
      }
    }
  }
#else

  if (pdev->pClass[0] != NULL)
 8007364:	f8d0 32b8 	ldr.w	r3, [r0, #696]	@ 0x2b8
 8007368:	b1e3      	cbz	r3, 80073a4 <USBD_LL_Reset+0x5a>
  {
    if (pdev->pClass[0]->DeInit != NULL)
 800736a:	685b      	ldr	r3, [r3, #4]
 800736c:	b1e3      	cbz	r3, 80073a8 <USBD_LL_Reset+0x5e>
    {
      if (pdev->pClass[0]->DeInit(pdev, (uint8_t)pdev->dev_config) != USBD_OK)
 800736e:	2100      	movs	r1, #0
 8007370:	4798      	blx	r3
 8007372:	4607      	mov	r7, r0
 8007374:	b9d0      	cbnz	r0, 80073ac <USBD_LL_Reset+0x62>
    }
  }
#endif /* USE_USBD_COMPOSITE */

  /* Open EP0 OUT */
  (void)USBD_LL_OpenEP(pdev, 0x00U, USBD_EP_TYPE_CTRL, USB_MAX_EP0_SIZE);
 8007376:	2340      	movs	r3, #64	@ 0x40
 8007378:	2200      	movs	r2, #0
 800737a:	4611      	mov	r1, r2
 800737c:	4620      	mov	r0, r4
 800737e:	f7ff ff30 	bl	80071e2 <USBD_LL_OpenEP>
  pdev->ep_out[0x00U & 0xFU].is_used = 1U;
 8007382:	2601      	movs	r6, #1
 8007384:	f884 6163 	strb.w	r6, [r4, #355]	@ 0x163

  pdev->ep_out[0].maxpacket = USB_MAX_EP0_SIZE;
 8007388:	2540      	movs	r5, #64	@ 0x40
 800738a:	f8a4 5160 	strh.w	r5, [r4, #352]	@ 0x160

  /* Open EP0 IN */
  (void)USBD_LL_OpenEP(pdev, 0x80U, USBD_EP_TYPE_CTRL, USB_MAX_EP0_SIZE);
 800738e:	462b      	mov	r3, r5
 8007390:	2200      	movs	r2, #0
 8007392:	2180      	movs	r1, #128	@ 0x80
 8007394:	4620      	mov	r0, r4
 8007396:	f7ff ff24 	bl	80071e2 <USBD_LL_OpenEP>
  pdev->ep_in[0x80U & 0xFU].is_used = 1U;
 800739a:	f884 6023 	strb.w	r6, [r4, #35]	@ 0x23

  pdev->ep_in[0].maxpacket = USB_MAX_EP0_SIZE;
 800739e:	8425      	strh	r5, [r4, #32]

  return ret;
}
 80073a0:	4638      	mov	r0, r7
 80073a2:	bdf8      	pop	{r3, r4, r5, r6, r7, pc}
  USBD_StatusTypeDef ret = USBD_OK;
 80073a4:	2700      	movs	r7, #0
 80073a6:	e7e6      	b.n	8007376 <USBD_LL_Reset+0x2c>
 80073a8:	2700      	movs	r7, #0
 80073aa:	e7e4      	b.n	8007376 <USBD_LL_Reset+0x2c>
        ret = USBD_FAIL;
 80073ac:	2703      	movs	r7, #3
 80073ae:	e7e2      	b.n	8007376 <USBD_LL_Reset+0x2c>

080073b0 <USBD_LL_SetSpeed>:
  * @retval status
  */
USBD_StatusTypeDef USBD_LL_SetSpeed(USBD_HandleTypeDef *pdev,
                                    USBD_SpeedTypeDef speed)
{
  pdev->dev_speed = speed;
 80073b0:	7401      	strb	r1, [r0, #16]

  return USBD_OK;
}
 80073b2:	2000      	movs	r0, #0
 80073b4:	4770      	bx	lr

080073b6 <USBD_LL_Suspend>:
  * @param  pdev: device instance
  * @retval status
  */
USBD_StatusTypeDef USBD_LL_Suspend(USBD_HandleTypeDef *pdev)
{
  if (pdev->dev_state != USBD_STATE_SUSPENDED)
 80073b6:	f890 329c 	ldrb.w	r3, [r0, #668]	@ 0x29c
 80073ba:	2b04      	cmp	r3, #4
 80073bc:	d004      	beq.n	80073c8 <USBD_LL_Suspend+0x12>
  {
    pdev->dev_old_state = pdev->dev_state;
 80073be:	f890 329c 	ldrb.w	r3, [r0, #668]	@ 0x29c
 80073c2:	b2db      	uxtb	r3, r3
 80073c4:	f880 329d 	strb.w	r3, [r0, #669]	@ 0x29d
  }

  pdev->dev_state = USBD_STATE_SUSPENDED;
 80073c8:	2304      	movs	r3, #4
 80073ca:	f880 329c 	strb.w	r3, [r0, #668]	@ 0x29c

  return USBD_OK;
}
 80073ce:	2000      	movs	r0, #0
 80073d0:	4770      	bx	lr

080073d2 <USBD_LL_Resume>:
  * @param  pdev: device instance
  * @retval status
  */
USBD_StatusTypeDef USBD_LL_Resume(USBD_HandleTypeDef *pdev)
{
  if (pdev->dev_state == USBD_STATE_SUSPENDED)
 80073d2:	f890 329c 	ldrb.w	r3, [r0, #668]	@ 0x29c
 80073d6:	2b04      	cmp	r3, #4
 80073d8:	d001      	beq.n	80073de <USBD_LL_Resume+0xc>
  {
    pdev->dev_state = pdev->dev_old_state;
  }

  return USBD_OK;
}
 80073da:	2000      	movs	r0, #0
 80073dc:	4770      	bx	lr
    pdev->dev_state = pdev->dev_old_state;
 80073de:	f890 329d 	ldrb.w	r3, [r0, #669]	@ 0x29d
 80073e2:	b2db      	uxtb	r3, r3
 80073e4:	f880 329c 	strb.w	r3, [r0, #668]	@ 0x29c
 80073e8:	e7f7      	b.n	80073da <USBD_LL_Resume+0x8>

080073ea <USBD_LL_SOF>:
  *         Handle SOF event
  * @param  pdev: device instance
  * @retval status
  */
USBD_StatusTypeDef USBD_LL_SOF(USBD_HandleTypeDef *pdev)
{
 80073ea:	b508      	push	{r3, lr}
  /* The SOF event can be distributed for all classes that support it */
  if (pdev->dev_state == USBD_STATE_CONFIGURED)
 80073ec:	f890 329c 	ldrb.w	r3, [r0, #668]	@ 0x29c
 80073f0:	2b03      	cmp	r3, #3
 80073f2:	d001      	beq.n	80073f8 <USBD_LL_SOF+0xe>
    }
#endif /* USE_USBD_COMPOSITE */
  }

  return USBD_OK;
}
 80073f4:	2000      	movs	r0, #0
 80073f6:	bd08      	pop	{r3, pc}
    if (pdev->pClass[0] != NULL)
 80073f8:	f8d0 32b8 	ldr.w	r3, [r0, #696]	@ 0x2b8
 80073fc:	2b00      	cmp	r3, #0
 80073fe:	d0f9      	beq.n	80073f4 <USBD_LL_SOF+0xa>
      if (pdev->pClass[0]->SOF != NULL)
 8007400:	69db      	ldr	r3, [r3, #28]
 8007402:	2b00      	cmp	r3, #0
 8007404:	d0f6      	beq.n	80073f4 <USBD_LL_SOF+0xa>
        (void)pdev->pClass[0]->SOF(pdev);
 8007406:	4798      	blx	r3
 8007408:	e7f4      	b.n	80073f4 <USBD_LL_SOF+0xa>

0800740a <USBD_LL_IsoINIncomplete>:
  * @param  epnum: Endpoint number
  * @retval status
  */
USBD_StatusTypeDef USBD_LL_IsoINIncomplete(USBD_HandleTypeDef *pdev,
                                           uint8_t epnum)
{
 800740a:	b508      	push	{r3, lr}
  if (pdev->pClass[pdev->classId] == NULL)
 800740c:	f8d0 32d4 	ldr.w	r3, [r0, #724]	@ 0x2d4
 8007410:	33ae      	adds	r3, #174	@ 0xae
 8007412:	f850 3023 	ldr.w	r3, [r0, r3, lsl #2]
 8007416:	b153      	cbz	r3, 800742e <USBD_LL_IsoINIncomplete+0x24>
  {
    return USBD_FAIL;
  }

  if (pdev->dev_state == USBD_STATE_CONFIGURED)
 8007418:	f890 229c 	ldrb.w	r2, [r0, #668]	@ 0x29c
 800741c:	2a03      	cmp	r2, #3
 800741e:	d001      	beq.n	8007424 <USBD_LL_IsoINIncomplete+0x1a>
    {
      (void)pdev->pClass[pdev->classId]->IsoINIncomplete(pdev, epnum);
    }
  }

  return USBD_OK;
 8007420:	2000      	movs	r0, #0
}
 8007422:	bd08      	pop	{r3, pc}
    if (pdev->pClass[pdev->classId]->IsoINIncomplete != NULL)
 8007424:	6a1b      	ldr	r3, [r3, #32]
 8007426:	b123      	cbz	r3, 8007432 <USBD_LL_IsoINIncomplete+0x28>
      (void)pdev->pClass[pdev->classId]->IsoINIncomplete(pdev, epnum);
 8007428:	4798      	blx	r3
  return USBD_OK;
 800742a:	2000      	movs	r0, #0
 800742c:	e7f9      	b.n	8007422 <USBD_LL_IsoINIncomplete+0x18>
    return USBD_FAIL;
 800742e:	2003      	movs	r0, #3
 8007430:	e7f7      	b.n	8007422 <USBD_LL_IsoINIncomplete+0x18>
  return USBD_OK;
 8007432:	2000      	movs	r0, #0
 8007434:	e7f5      	b.n	8007422 <USBD_LL_IsoINIncomplete+0x18>

08007436 <USBD_LL_IsoOUTIncomplete>:
  * @param  epnum: Endpoint number
  * @retval status
  */
USBD_StatusTypeDef USBD_LL_IsoOUTIncomplete(USBD_HandleTypeDef *pdev,
                                            uint8_t epnum)
{
 8007436:	b508      	push	{r3, lr}
  if (pdev->pClass[pdev->classId] == NULL)
 8007438:	f8d0 32d4 	ldr.w	r3, [r0, #724]	@ 0x2d4
 800743c:	33ae      	adds	r3, #174	@ 0xae
 800743e:	f850 3023 	ldr.w	r3, [r0, r3, lsl #2]
 8007442:	b153      	cbz	r3, 800745a <USBD_LL_IsoOUTIncomplete+0x24>
  {
    return USBD_FAIL;
  }

  if (pdev->dev_state == USBD_STATE_CONFIGURED)
 8007444:	f890 229c 	ldrb.w	r2, [r0, #668]	@ 0x29c
 8007448:	2a03      	cmp	r2, #3
 800744a:	d001      	beq.n	8007450 <USBD_LL_IsoOUTIncomplete+0x1a>
    {
      (void)pdev->pClass[pdev->classId]->IsoOUTIncomplete(pdev, epnum);
    }
  }

  return USBD_OK;
 800744c:	2000      	movs	r0, #0
}
 800744e:	bd08      	pop	{r3, pc}
    if (pdev->pClass[pdev->classId]->IsoOUTIncomplete != NULL)
 8007450:	6a5b      	ldr	r3, [r3, #36]	@ 0x24
 8007452:	b123      	cbz	r3, 800745e <USBD_LL_IsoOUTIncomplete+0x28>
      (void)pdev->pClass[pdev->classId]->IsoOUTIncomplete(pdev, epnum);
 8007454:	4798      	blx	r3
  return USBD_OK;
 8007456:	2000      	movs	r0, #0
 8007458:	e7f9      	b.n	800744e <USBD_LL_IsoOUTIncomplete+0x18>
    return USBD_FAIL;
 800745a:	2003      	movs	r0, #3
 800745c:	e7f7      	b.n	800744e <USBD_LL_IsoOUTIncomplete+0x18>
  return USBD_OK;
 800745e:	2000      	movs	r0, #0
 8007460:	e7f5      	b.n	800744e <USBD_LL_IsoOUTIncomplete+0x18>

08007462 <USBD_LL_DevConnected>:
{
  /* Prevent unused argument compilation warning */
  UNUSED(pdev);

  return USBD_OK;
}
 8007462:	2000      	movs	r0, #0
 8007464:	4770      	bx	lr

08007466 <USBD_LL_DevDisconnected>:
  *         Handle device disconnection event
  * @param  pdev: device instance
  * @retval status
  */
USBD_StatusTypeDef USBD_LL_DevDisconnected(USBD_HandleTypeDef *pdev)
{
 8007466:	b508      	push	{r3, lr}
  USBD_StatusTypeDef   ret = USBD_OK;

  /* Free Class Resources */
  pdev->dev_state = USBD_STATE_DEFAULT;
 8007468:	2301      	movs	r3, #1
 800746a:	f880 329c 	strb.w	r3, [r0, #668]	@ 0x29c
        }
      }
    }
  }
#else
  if (pdev->pClass[0] != NULL)
 800746e:	f8d0 32b8 	ldr.w	r3, [r0, #696]	@ 0x2b8
 8007472:	b123      	cbz	r3, 800747e <USBD_LL_DevDisconnected+0x18>
  {
    if (pdev->pClass[0]->DeInit(pdev, (uint8_t)pdev->dev_config) != 0U)
 8007474:	685b      	ldr	r3, [r3, #4]
 8007476:	7901      	ldrb	r1, [r0, #4]
 8007478:	4798      	blx	r3
 800747a:	b910      	cbnz	r0, 8007482 <USBD_LL_DevDisconnected+0x1c>
    }
  }
#endif /* USE_USBD_COMPOSITE */

  return ret;
}
 800747c:	bd08      	pop	{r3, pc}
  USBD_StatusTypeDef   ret = USBD_OK;
 800747e:	2000      	movs	r0, #0
 8007480:	e7fc      	b.n	800747c <USBD_LL_DevDisconnected+0x16>
      ret = USBD_FAIL;
 8007482:	2003      	movs	r0, #3
 8007484:	e7fa      	b.n	800747c <USBD_LL_DevDisconnected+0x16>

08007486 <USBD_CoreFindIF>:
  UNUSED(pdev);
  UNUSED(index);

  return 0x00U;
#endif /* USE_USBD_COMPOSITE */
}
 8007486:	2000      	movs	r0, #0
 8007488:	4770      	bx	lr

0800748a <USBD_CoreFindEP>:
  UNUSED(pdev);
  UNUSED(index);

  return 0x00U;
#endif /* USE_USBD_COMPOSITE */
}
 800748a:	2000      	movs	r0, #0
 800748c:	4770      	bx	lr

0800748e <USBD_LL_DataOutStage>:
{
 800748e:	b538      	push	{r3, r4, r5, lr}
 8007490:	4604      	mov	r4, r0
  if (epnum == 0U)
 8007492:	460d      	mov	r5, r1
 8007494:	2900      	cmp	r1, #0
 8007496:	d144      	bne.n	8007522 <USBD_LL_DataOutStage+0x94>
    if (pdev->ep0_state == USBD_EP0_DATA_OUT)
 8007498:	f8d0 3294 	ldr.w	r3, [r0, #660]	@ 0x294
 800749c:	2b03      	cmp	r3, #3
 800749e:	d001      	beq.n	80074a4 <USBD_LL_DataOutStage+0x16>
  return USBD_OK;
 80074a0:	4608      	mov	r0, r1
}
 80074a2:	bd38      	pop	{r3, r4, r5, pc}
      if (pep->rem_length > pep->maxpacket)
 80074a4:	f8d0 3158 	ldr.w	r3, [r0, #344]	@ 0x158
 80074a8:	f8b0 2160 	ldrh.w	r2, [r0, #352]	@ 0x160
 80074ac:	4293      	cmp	r3, r2
 80074ae:	d809      	bhi.n	80074c4 <USBD_LL_DataOutStage+0x36>
        switch (pdev->request.bmRequest & 0x1FU)
 80074b0:	f890 32aa 	ldrb.w	r3, [r0, #682]	@ 0x2aa
 80074b4:	f003 031f 	and.w	r3, r3, #31
 80074b8:	2b01      	cmp	r3, #1
 80074ba:	d012      	beq.n	80074e2 <USBD_LL_DataOutStage+0x54>
 80074bc:	2b02      	cmp	r3, #2
 80074be:	d01e      	beq.n	80074fe <USBD_LL_DataOutStage+0x70>
 80074c0:	4608      	mov	r0, r1
 80074c2:	e013      	b.n	80074ec <USBD_LL_DataOutStage+0x5e>
        pep->rem_length -= pep->maxpacket;
 80074c4:	1a9b      	subs	r3, r3, r2
 80074c6:	f8c0 3158 	str.w	r3, [r0, #344]	@ 0x158
        pep->pbuffer += pep->maxpacket;
 80074ca:	f8d0 1164 	ldr.w	r1, [r0, #356]	@ 0x164
 80074ce:	4411      	add	r1, r2
 80074d0:	f8c0 1164 	str.w	r1, [r0, #356]	@ 0x164
        (void)USBD_CtlContinueRx(pdev, pep->pbuffer, MAX(pep->rem_length, pep->maxpacket));
 80074d4:	429a      	cmp	r2, r3
 80074d6:	bf38      	it	cc
 80074d8:	461a      	movcc	r2, r3
 80074da:	f000 fd28 	bl	8007f2e <USBD_CtlContinueRx>
  return USBD_OK;
 80074de:	4628      	mov	r0, r5
 80074e0:	e7df      	b.n	80074a2 <USBD_LL_DataOutStage+0x14>
            idx = USBD_CoreFindIF(pdev, LOBYTE(pdev->request.wIndex));
 80074e2:	f890 12ae 	ldrb.w	r1, [r0, #686]	@ 0x2ae
 80074e6:	f7ff ffce 	bl	8007486 <USBD_CoreFindIF>
        if (idx < USBD_MAX_SUPPORTED_CLASS)
 80074ea:	b918      	cbnz	r0, 80074f4 <USBD_LL_DataOutStage+0x66>
          if (pdev->dev_state == USBD_STATE_CONFIGURED)
 80074ec:	f894 329c 	ldrb.w	r3, [r4, #668]	@ 0x29c
 80074f0:	2b03      	cmp	r3, #3
 80074f2:	d009      	beq.n	8007508 <USBD_LL_DataOutStage+0x7a>
        (void)USBD_CtlSendStatus(pdev);
 80074f4:	4620      	mov	r0, r4
 80074f6:	f000 fd22 	bl	8007f3e <USBD_CtlSendStatus>
  return USBD_OK;
 80074fa:	4628      	mov	r0, r5
 80074fc:	e7d1      	b.n	80074a2 <USBD_LL_DataOutStage+0x14>
            idx = USBD_CoreFindEP(pdev, LOBYTE(pdev->request.wIndex));
 80074fe:	f890 12ae 	ldrb.w	r1, [r0, #686]	@ 0x2ae
 8007502:	f7ff ffc2 	bl	800748a <USBD_CoreFindEP>
            break;
 8007506:	e7f0      	b.n	80074ea <USBD_LL_DataOutStage+0x5c>
            if (pdev->pClass[idx]->EP0_RxReady != NULL)
 8007508:	f100 03ae 	add.w	r3, r0, #174	@ 0xae
 800750c:	f854 3023 	ldr.w	r3, [r4, r3, lsl #2]
 8007510:	691a      	ldr	r2, [r3, #16]
 8007512:	2a00      	cmp	r2, #0
 8007514:	d0ee      	beq.n	80074f4 <USBD_LL_DataOutStage+0x66>
              pdev->classId = idx;
 8007516:	f8c4 02d4 	str.w	r0, [r4, #724]	@ 0x2d4
              pdev->pClass[idx]->EP0_RxReady(pdev);
 800751a:	691b      	ldr	r3, [r3, #16]
 800751c:	4620      	mov	r0, r4
 800751e:	4798      	blx	r3
 8007520:	e7e8      	b.n	80074f4 <USBD_LL_DataOutStage+0x66>
    idx = USBD_CoreFindEP(pdev, (epnum & 0x7FU));
 8007522:	f001 017f 	and.w	r1, r1, #127	@ 0x7f
 8007526:	f7ff ffb0 	bl	800748a <USBD_CoreFindEP>
    if (((uint16_t)idx != 0xFFU) && (idx < USBD_MAX_SUPPORTED_CLASS))
 800752a:	b988      	cbnz	r0, 8007550 <USBD_LL_DataOutStage+0xc2>
      if (pdev->dev_state == USBD_STATE_CONFIGURED)
 800752c:	f894 329c 	ldrb.w	r3, [r4, #668]	@ 0x29c
 8007530:	2b03      	cmp	r3, #3
 8007532:	d1b6      	bne.n	80074a2 <USBD_LL_DataOutStage+0x14>
        if (pdev->pClass[idx]->DataOut != NULL)
 8007534:	f100 03ae 	add.w	r3, r0, #174	@ 0xae
 8007538:	f854 3023 	ldr.w	r3, [r4, r3, lsl #2]
 800753c:	699a      	ldr	r2, [r3, #24]
 800753e:	2a00      	cmp	r2, #0
 8007540:	d0af      	beq.n	80074a2 <USBD_LL_DataOutStage+0x14>
          pdev->classId = idx;
 8007542:	f8c4 02d4 	str.w	r0, [r4, #724]	@ 0x2d4
          ret = (USBD_StatusTypeDef)pdev->pClass[idx]->DataOut(pdev, epnum);
 8007546:	699b      	ldr	r3, [r3, #24]
 8007548:	4629      	mov	r1, r5
 800754a:	4620      	mov	r0, r4
 800754c:	4798      	blx	r3
      if (ret != USBD_OK)
 800754e:	e7a8      	b.n	80074a2 <USBD_LL_DataOutStage+0x14>
  return USBD_OK;
 8007550:	2000      	movs	r0, #0
 8007552:	e7a6      	b.n	80074a2 <USBD_LL_DataOutStage+0x14>

08007554 <USBD_LL_DataInStage>:
{
 8007554:	b538      	push	{r3, r4, r5, lr}
 8007556:	4604      	mov	r4, r0
  if (epnum == 0U)
 8007558:	460d      	mov	r5, r1
 800755a:	2900      	cmp	r1, #0
 800755c:	d14b      	bne.n	80075f6 <USBD_LL_DataInStage+0xa2>
    if (pdev->ep0_state == USBD_EP0_DATA_IN)
 800755e:	f8d0 3294 	ldr.w	r3, [r0, #660]	@ 0x294
 8007562:	2b02      	cmp	r3, #2
 8007564:	d007      	beq.n	8007576 <USBD_LL_DataInStage+0x22>
    if (pdev->dev_test_mode != 0U)
 8007566:	f894 02a0 	ldrb.w	r0, [r4, #672]	@ 0x2a0
 800756a:	b118      	cbz	r0, 8007574 <USBD_LL_DataInStage+0x20>
      pdev->dev_test_mode = 0U;
 800756c:	2300      	movs	r3, #0
 800756e:	f884 32a0 	strb.w	r3, [r4, #672]	@ 0x2a0
  return USBD_OK;
 8007572:	4628      	mov	r0, r5
}
 8007574:	bd38      	pop	{r3, r4, r5, pc}
      if (pep->rem_length > pep->maxpacket)
 8007576:	6982      	ldr	r2, [r0, #24]
 8007578:	8c03      	ldrh	r3, [r0, #32]
 800757a:	429a      	cmp	r2, r3
 800757c:	d80d      	bhi.n	800759a <USBD_LL_DataInStage+0x46>
        if ((pep->maxpacket == pep->rem_length) &&
 800757e:	429a      	cmp	r2, r3
 8007580:	d019      	beq.n	80075b6 <USBD_LL_DataInStage+0x62>
          if (pdev->dev_state == USBD_STATE_CONFIGURED)
 8007582:	f894 329c 	ldrb.w	r3, [r4, #668]	@ 0x29c
 8007586:	2b03      	cmp	r3, #3
 8007588:	d029      	beq.n	80075de <USBD_LL_DataInStage+0x8a>
          (void)USBD_LL_StallEP(pdev, 0x80U);
 800758a:	2180      	movs	r1, #128	@ 0x80
 800758c:	4620      	mov	r0, r4
 800758e:	f7ff fe3b 	bl	8007208 <USBD_LL_StallEP>
          (void)USBD_CtlReceiveStatus(pdev);
 8007592:	4620      	mov	r0, r4
 8007594:	f000 fcde 	bl	8007f54 <USBD_CtlReceiveStatus>
 8007598:	e7e5      	b.n	8007566 <USBD_LL_DataInStage+0x12>
        pep->rem_length -= pep->maxpacket;
 800759a:	1ad2      	subs	r2, r2, r3
 800759c:	6182      	str	r2, [r0, #24]
        pep->pbuffer += pep->maxpacket;
 800759e:	6a41      	ldr	r1, [r0, #36]	@ 0x24
 80075a0:	4419      	add	r1, r3
 80075a2:	6241      	str	r1, [r0, #36]	@ 0x24
        (void)USBD_CtlContinueSendData(pdev, pep->pbuffer, pep->rem_length);
 80075a4:	f000 fcaa 	bl	8007efc <USBD_CtlContinueSendData>
        (void)USBD_LL_PrepareReceive(pdev, 0U, NULL, 0U);
 80075a8:	2300      	movs	r3, #0
 80075aa:	461a      	mov	r2, r3
 80075ac:	4619      	mov	r1, r3
 80075ae:	4620      	mov	r0, r4
 80075b0:	f7ff fe4a 	bl	8007248 <USBD_LL_PrepareReceive>
 80075b4:	e7d7      	b.n	8007566 <USBD_LL_DataInStage+0x12>
            (pep->total_length >= pep->maxpacket) &&
 80075b6:	6942      	ldr	r2, [r0, #20]
        if ((pep->maxpacket == pep->rem_length) &&
 80075b8:	4293      	cmp	r3, r2
 80075ba:	d8e2      	bhi.n	8007582 <USBD_LL_DataInStage+0x2e>
            (pep->total_length < pdev->ep0_data_len))
 80075bc:	f8d0 3298 	ldr.w	r3, [r0, #664]	@ 0x298
            (pep->total_length >= pep->maxpacket) &&
 80075c0:	429a      	cmp	r2, r3
 80075c2:	d2de      	bcs.n	8007582 <USBD_LL_DataInStage+0x2e>
          (void)USBD_CtlContinueSendData(pdev, NULL, 0U);
 80075c4:	2200      	movs	r2, #0
 80075c6:	4611      	mov	r1, r2
 80075c8:	f000 fc98 	bl	8007efc <USBD_CtlContinueSendData>
          pdev->ep0_data_len = 0U;
 80075cc:	2100      	movs	r1, #0
 80075ce:	f8c4 1298 	str.w	r1, [r4, #664]	@ 0x298
          (void)USBD_LL_PrepareReceive(pdev, 0U, NULL, 0U);
 80075d2:	460b      	mov	r3, r1
 80075d4:	460a      	mov	r2, r1
 80075d6:	4620      	mov	r0, r4
 80075d8:	f7ff fe36 	bl	8007248 <USBD_LL_PrepareReceive>
 80075dc:	e7c3      	b.n	8007566 <USBD_LL_DataInStage+0x12>
            if (pdev->pClass[0]->EP0_TxSent != NULL)
 80075de:	f8d4 32b8 	ldr.w	r3, [r4, #696]	@ 0x2b8
 80075e2:	68da      	ldr	r2, [r3, #12]
 80075e4:	2a00      	cmp	r2, #0
 80075e6:	d0d0      	beq.n	800758a <USBD_LL_DataInStage+0x36>
              pdev->classId = 0U;
 80075e8:	2200      	movs	r2, #0
 80075ea:	f8c4 22d4 	str.w	r2, [r4, #724]	@ 0x2d4
              pdev->pClass[0]->EP0_TxSent(pdev);
 80075ee:	68db      	ldr	r3, [r3, #12]
 80075f0:	4620      	mov	r0, r4
 80075f2:	4798      	blx	r3
 80075f4:	e7c9      	b.n	800758a <USBD_LL_DataInStage+0x36>
    idx = USBD_CoreFindEP(pdev, ((uint8_t)epnum | 0x80U));
 80075f6:	f041 0180 	orr.w	r1, r1, #128	@ 0x80
 80075fa:	f7ff ff46 	bl	800748a <USBD_CoreFindEP>
    if (((uint16_t)idx != 0xFFU) && (idx < USBD_MAX_SUPPORTED_CLASS))
 80075fe:	b988      	cbnz	r0, 8007624 <USBD_LL_DataInStage+0xd0>
      if (pdev->dev_state == USBD_STATE_CONFIGURED)
 8007600:	f894 329c 	ldrb.w	r3, [r4, #668]	@ 0x29c
 8007604:	2b03      	cmp	r3, #3
 8007606:	d1b5      	bne.n	8007574 <USBD_LL_DataInStage+0x20>
        if (pdev->pClass[idx]->DataIn != NULL)
 8007608:	f100 03ae 	add.w	r3, r0, #174	@ 0xae
 800760c:	f854 3023 	ldr.w	r3, [r4, r3, lsl #2]
 8007610:	695a      	ldr	r2, [r3, #20]
 8007612:	2a00      	cmp	r2, #0
 8007614:	d0ae      	beq.n	8007574 <USBD_LL_DataInStage+0x20>
          pdev->classId = idx;
 8007616:	f8c4 02d4 	str.w	r0, [r4, #724]	@ 0x2d4
          ret = (USBD_StatusTypeDef)pdev->pClass[idx]->DataIn(pdev, epnum);
 800761a:	695b      	ldr	r3, [r3, #20]
 800761c:	4629      	mov	r1, r5
 800761e:	4620      	mov	r0, r4
 8007620:	4798      	blx	r3
          if (ret != USBD_OK)
 8007622:	e7a7      	b.n	8007574 <USBD_LL_DataInStage+0x20>
  return USBD_OK;
 8007624:	2000      	movs	r0, #0
 8007626:	e7a5      	b.n	8007574 <USBD_LL_DataInStage+0x20>

08007628 <USBD_GetNextDesc>:
  */
USBD_DescHeaderTypeDef *USBD_GetNextDesc(uint8_t *pbuf, uint16_t *ptr)
{
  USBD_DescHeaderTypeDef *pnext = (USBD_DescHeaderTypeDef *)(void *)pbuf;

  *ptr += pnext->bLength;
 8007628:	880b      	ldrh	r3, [r1, #0]
 800762a:	7802      	ldrb	r2, [r0, #0]
 800762c:	4413      	add	r3, r2
 800762e:	800b      	strh	r3, [r1, #0]
  pnext = (USBD_DescHeaderTypeDef *)(void *)(pbuf + pnext->bLength);
 8007630:	7803      	ldrb	r3, [r0, #0]

  return (pnext);
}
 8007632:	4418      	add	r0, r3
 8007634:	4770      	bx	lr

08007636 <USBD_GetEpDesc>:
  if (desc->wTotalLength > desc->bLength)
 8007636:	8842      	ldrh	r2, [r0, #2]
 8007638:	7803      	ldrb	r3, [r0, #0]
 800763a:	429a      	cmp	r2, r3
 800763c:	d918      	bls.n	8007670 <USBD_GetEpDesc+0x3a>
{
 800763e:	b530      	push	{r4, r5, lr}
 8007640:	b083      	sub	sp, #12
 8007642:	4604      	mov	r4, r0
 8007644:	460d      	mov	r5, r1
    ptr = desc->bLength;
 8007646:	f8ad 3006 	strh.w	r3, [sp, #6]
    while (ptr < desc->wTotalLength)
 800764a:	8863      	ldrh	r3, [r4, #2]
 800764c:	f8bd 2006 	ldrh.w	r2, [sp, #6]
 8007650:	429a      	cmp	r2, r3
 8007652:	d20a      	bcs.n	800766a <USBD_GetEpDesc+0x34>
      pdesc = USBD_GetNextDesc((uint8_t *)pdesc, &ptr);
 8007654:	f10d 0106 	add.w	r1, sp, #6
 8007658:	f7ff ffe6 	bl	8007628 <USBD_GetNextDesc>
      if (pdesc->bDescriptorType == USB_DESC_TYPE_ENDPOINT)
 800765c:	7843      	ldrb	r3, [r0, #1]
 800765e:	2b05      	cmp	r3, #5
 8007660:	d1f3      	bne.n	800764a <USBD_GetEpDesc+0x14>
        if (pEpDesc->bEndpointAddress == EpAddr)
 8007662:	7883      	ldrb	r3, [r0, #2]
 8007664:	42ab      	cmp	r3, r5
 8007666:	d1f0      	bne.n	800764a <USBD_GetEpDesc+0x14>
 8007668:	e000      	b.n	800766c <USBD_GetEpDesc+0x36>
 800766a:	2000      	movs	r0, #0
}
 800766c:	b003      	add	sp, #12
 800766e:	bd30      	pop	{r4, r5, pc}
  USBD_EpDescTypeDef *pEpDesc = NULL;
 8007670:	2000      	movs	r0, #0
}
 8007672:	4770      	bx	lr

08007674 <USBD_GetLen>:
  *         return the string length
   * @param  buf : pointer to the ascii string buffer
  * @retval string length
  */
static uint8_t USBD_GetLen(uint8_t *buf)
{
 8007674:	4603      	mov	r3, r0
  uint8_t  len = 0U;
 8007676:	2000      	movs	r0, #0
  uint8_t *pbuff = buf;

  while (*pbuff != (uint8_t)'\0')
 8007678:	e002      	b.n	8007680 <USBD_GetLen+0xc>
  {
    len++;
 800767a:	3001      	adds	r0, #1
 800767c:	b2c0      	uxtb	r0, r0
    pbuff++;
 800767e:	3301      	adds	r3, #1
  while (*pbuff != (uint8_t)'\0')
 8007680:	781a      	ldrb	r2, [r3, #0]
 8007682:	2a00      	cmp	r2, #0
 8007684:	d1f9      	bne.n	800767a <USBD_GetLen+0x6>
  }

  return len;
}
 8007686:	4770      	bx	lr

08007688 <USBD_ParseSetupRequest>:
  req->bmRequest = *(uint8_t *)(pbuff);
 8007688:	780b      	ldrb	r3, [r1, #0]
 800768a:	7003      	strb	r3, [r0, #0]
  req->bRequest = *(uint8_t *)(pbuff);
 800768c:	784b      	ldrb	r3, [r1, #1]
 800768e:	7043      	strb	r3, [r0, #1]
  uint16_t _SwapVal;
  uint16_t _Byte1;
  uint16_t _Byte2;
  uint8_t *_pbuff = addr;

  _Byte1 = *(uint8_t *)_pbuff;
 8007690:	788b      	ldrb	r3, [r1, #2]
  _pbuff++;
  _Byte2 = *(uint8_t *)_pbuff;
 8007692:	78ca      	ldrb	r2, [r1, #3]

  _SwapVal = (_Byte2 << 8) | _Byte1;
 8007694:	ea43 2302 	orr.w	r3, r3, r2, lsl #8
  req->wValue = SWAPBYTE(pbuff);
 8007698:	8043      	strh	r3, [r0, #2]
  _Byte1 = *(uint8_t *)_pbuff;
 800769a:	790b      	ldrb	r3, [r1, #4]
  _Byte2 = *(uint8_t *)_pbuff;
 800769c:	794a      	ldrb	r2, [r1, #5]
  _SwapVal = (_Byte2 << 8) | _Byte1;
 800769e:	ea43 2302 	orr.w	r3, r3, r2, lsl #8
  req->wIndex = SWAPBYTE(pbuff);
 80076a2:	8083      	strh	r3, [r0, #4]
  _Byte1 = *(uint8_t *)_pbuff;
 80076a4:	798b      	ldrb	r3, [r1, #6]
  _Byte2 = *(uint8_t *)_pbuff;
 80076a6:	79ca      	ldrb	r2, [r1, #7]
  _SwapVal = (_Byte2 << 8) | _Byte1;
 80076a8:	ea43 2302 	orr.w	r3, r3, r2, lsl #8
  req->wLength = SWAPBYTE(pbuff);
 80076ac:	80c3      	strh	r3, [r0, #6]
}
 80076ae:	4770      	bx	lr

080076b0 <USBD_CtlError>:
{
 80076b0:	b510      	push	{r4, lr}
 80076b2:	4604      	mov	r4, r0
  (void)USBD_LL_StallEP(pdev, 0x80U);
 80076b4:	2180      	movs	r1, #128	@ 0x80
 80076b6:	f7ff fda7 	bl	8007208 <USBD_LL_StallEP>
  (void)USBD_LL_StallEP(pdev, 0U);
 80076ba:	2100      	movs	r1, #0
 80076bc:	4620      	mov	r0, r4
 80076be:	f7ff fda3 	bl	8007208 <USBD_LL_StallEP>
}
 80076c2:	bd10      	pop	{r4, pc}

080076c4 <USBD_GetDescriptor>:
{
 80076c4:	b530      	push	{r4, r5, lr}
 80076c6:	b083      	sub	sp, #12
 80076c8:	4604      	mov	r4, r0
 80076ca:	460d      	mov	r5, r1
  uint16_t len = 0U;
 80076cc:	2300      	movs	r3, #0
 80076ce:	f8ad 3006 	strh.w	r3, [sp, #6]
  switch (req->wValue >> 8)
 80076d2:	884a      	ldrh	r2, [r1, #2]
 80076d4:	0a13      	lsrs	r3, r2, #8
 80076d6:	3b01      	subs	r3, #1
 80076d8:	2b06      	cmp	r3, #6
 80076da:	f200 80aa 	bhi.w	8007832 <USBD_GetDescriptor+0x16e>
 80076de:	e8df f003 	tbb	[pc, r3]
 80076e2:	1e04      	.short	0x1e04
 80076e4:	8ca8a832 	.word	0x8ca8a832
 80076e8:	99          	.byte	0x99
 80076e9:	00          	.byte	0x00
      pbuf = pdev->pDesc->GetDeviceDescriptor(pdev->dev_speed, &len);
 80076ea:	f8d0 32b4 	ldr.w	r3, [r0, #692]	@ 0x2b4
 80076ee:	681b      	ldr	r3, [r3, #0]
 80076f0:	f10d 0106 	add.w	r1, sp, #6
 80076f4:	7c00      	ldrb	r0, [r0, #16]
 80076f6:	4798      	blx	r3
  if (req->wLength != 0U)
 80076f8:	88ea      	ldrh	r2, [r5, #6]
 80076fa:	2a00      	cmp	r2, #0
 80076fc:	f000 80a3 	beq.w	8007846 <USBD_GetDescriptor+0x182>
    if (len != 0U)
 8007700:	f8bd 3006 	ldrh.w	r3, [sp, #6]
 8007704:	2b00      	cmp	r3, #0
 8007706:	f000 8099 	beq.w	800783c <USBD_GetDescriptor+0x178>
      len = MIN(len, req->wLength);
 800770a:	429a      	cmp	r2, r3
 800770c:	bf28      	it	cs
 800770e:	461a      	movcs	r2, r3
 8007710:	f8ad 2006 	strh.w	r2, [sp, #6]
      (void)USBD_CtlSendData(pdev, pbuf, len);
 8007714:	4601      	mov	r1, r0
 8007716:	4620      	mov	r0, r4
 8007718:	f000 fbe2 	bl	8007ee0 <USBD_CtlSendData>
 800771c:	e08c      	b.n	8007838 <USBD_GetDescriptor+0x174>
      if (pdev->dev_speed == USBD_SPEED_HIGH)
 800771e:	7c03      	ldrb	r3, [r0, #16]
 8007720:	b943      	cbnz	r3, 8007734 <USBD_GetDescriptor+0x70>
          pbuf = (uint8_t *)pdev->pClass[0]->GetHSConfigDescriptor(&len);
 8007722:	f8d0 32b8 	ldr.w	r3, [r0, #696]	@ 0x2b8
 8007726:	6a9b      	ldr	r3, [r3, #40]	@ 0x28
 8007728:	f10d 0006 	add.w	r0, sp, #6
 800772c:	4798      	blx	r3
        pbuf[1] = USB_DESC_TYPE_CONFIGURATION;
 800772e:	2302      	movs	r3, #2
 8007730:	7043      	strb	r3, [r0, #1]
  if (err != 0U)
 8007732:	e7e1      	b.n	80076f8 <USBD_GetDescriptor+0x34>
          pbuf = (uint8_t *)pdev->pClass[0]->GetFSConfigDescriptor(&len);
 8007734:	f8d0 32b8 	ldr.w	r3, [r0, #696]	@ 0x2b8
 8007738:	6adb      	ldr	r3, [r3, #44]	@ 0x2c
 800773a:	f10d 0006 	add.w	r0, sp, #6
 800773e:	4798      	blx	r3
        pbuf[1] = USB_DESC_TYPE_CONFIGURATION;
 8007740:	2302      	movs	r3, #2
 8007742:	7043      	strb	r3, [r0, #1]
  if (err != 0U)
 8007744:	e7d8      	b.n	80076f8 <USBD_GetDescriptor+0x34>
      switch ((uint8_t)(req->wValue))
 8007746:	b2d2      	uxtb	r2, r2
 8007748:	2a05      	cmp	r2, #5
 800774a:	d852      	bhi.n	80077f2 <USBD_GetDescriptor+0x12e>
 800774c:	e8df f002 	tbb	[pc, r2]
 8007750:	2a1d1003 	.word	0x2a1d1003
 8007754:	4437      	.short	0x4437
          if (pdev->pDesc->GetLangIDStrDescriptor != NULL)
 8007756:	f8d0 32b4 	ldr.w	r3, [r0, #692]	@ 0x2b4
 800775a:	685b      	ldr	r3, [r3, #4]
 800775c:	b123      	cbz	r3, 8007768 <USBD_GetDescriptor+0xa4>
            pbuf = pdev->pDesc->GetLangIDStrDescriptor(pdev->dev_speed, &len);
 800775e:	f10d 0106 	add.w	r1, sp, #6
 8007762:	7c00      	ldrb	r0, [r0, #16]
 8007764:	4798      	blx	r3
  if (err != 0U)
 8007766:	e7c7      	b.n	80076f8 <USBD_GetDescriptor+0x34>
            USBD_CtlError(pdev, req);
 8007768:	4629      	mov	r1, r5
 800776a:	f7ff ffa1 	bl	80076b0 <USBD_CtlError>
  if (err != 0U)
 800776e:	e063      	b.n	8007838 <USBD_GetDescriptor+0x174>
          if (pdev->pDesc->GetManufacturerStrDescriptor != NULL)
 8007770:	f8d0 32b4 	ldr.w	r3, [r0, #692]	@ 0x2b4
 8007774:	689b      	ldr	r3, [r3, #8]
 8007776:	b123      	cbz	r3, 8007782 <USBD_GetDescriptor+0xbe>
            pbuf = pdev->pDesc->GetManufacturerStrDescriptor(pdev->dev_speed, &len);
 8007778:	f10d 0106 	add.w	r1, sp, #6
 800777c:	7c00      	ldrb	r0, [r0, #16]
 800777e:	4798      	blx	r3
  if (err != 0U)
 8007780:	e7ba      	b.n	80076f8 <USBD_GetDescriptor+0x34>
            USBD_CtlError(pdev, req);
 8007782:	4629      	mov	r1, r5
 8007784:	f7ff ff94 	bl	80076b0 <USBD_CtlError>
  if (err != 0U)
 8007788:	e056      	b.n	8007838 <USBD_GetDescriptor+0x174>
          if (pdev->pDesc->GetProductStrDescriptor != NULL)
 800778a:	f8d0 32b4 	ldr.w	r3, [r0, #692]	@ 0x2b4
 800778e:	68db      	ldr	r3, [r3, #12]
 8007790:	b123      	cbz	r3, 800779c <USBD_GetDescriptor+0xd8>
            pbuf = pdev->pDesc->GetProductStrDescriptor(pdev->dev_speed, &len);
 8007792:	f10d 0106 	add.w	r1, sp, #6
 8007796:	7c00      	ldrb	r0, [r0, #16]
 8007798:	4798      	blx	r3
  if (err != 0U)
 800779a:	e7ad      	b.n	80076f8 <USBD_GetDescriptor+0x34>
            USBD_CtlError(pdev, req);
 800779c:	4629      	mov	r1, r5
 800779e:	f7ff ff87 	bl	80076b0 <USBD_CtlError>
  if (err != 0U)
 80077a2:	e049      	b.n	8007838 <USBD_GetDescriptor+0x174>
          if (pdev->pDesc->GetSerialStrDescriptor != NULL)
 80077a4:	f8d0 32b4 	ldr.w	r3, [r0, #692]	@ 0x2b4
 80077a8:	691b      	ldr	r3, [r3, #16]
 80077aa:	b123      	cbz	r3, 80077b6 <USBD_GetDescriptor+0xf2>
            pbuf = pdev->pDesc->GetSerialStrDescriptor(pdev->dev_speed, &len);
 80077ac:	f10d 0106 	add.w	r1, sp, #6
 80077b0:	7c00      	ldrb	r0, [r0, #16]
 80077b2:	4798      	blx	r3
  if (err != 0U)
 80077b4:	e7a0      	b.n	80076f8 <USBD_GetDescriptor+0x34>
            USBD_CtlError(pdev, req);
 80077b6:	4629      	mov	r1, r5
 80077b8:	f7ff ff7a 	bl	80076b0 <USBD_CtlError>
  if (err != 0U)
 80077bc:	e03c      	b.n	8007838 <USBD_GetDescriptor+0x174>
          if (pdev->pDesc->GetConfigurationStrDescriptor != NULL)
 80077be:	f8d0 32b4 	ldr.w	r3, [r0, #692]	@ 0x2b4
 80077c2:	695b      	ldr	r3, [r3, #20]
 80077c4:	b123      	cbz	r3, 80077d0 <USBD_GetDescriptor+0x10c>
            pbuf = pdev->pDesc->GetConfigurationStrDescriptor(pdev->dev_speed, &len);
 80077c6:	f10d 0106 	add.w	r1, sp, #6
 80077ca:	7c00      	ldrb	r0, [r0, #16]
 80077cc:	4798      	blx	r3
  if (err != 0U)
 80077ce:	e793      	b.n	80076f8 <USBD_GetDescriptor+0x34>
            USBD_CtlError(pdev, req);
 80077d0:	4629      	mov	r1, r5
 80077d2:	f7ff ff6d 	bl	80076b0 <USBD_CtlError>
  if (err != 0U)
 80077d6:	e02f      	b.n	8007838 <USBD_GetDescriptor+0x174>
          if (pdev->pDesc->GetInterfaceStrDescriptor != NULL)
 80077d8:	f8d0 32b4 	ldr.w	r3, [r0, #692]	@ 0x2b4
 80077dc:	699b      	ldr	r3, [r3, #24]
 80077de:	b123      	cbz	r3, 80077ea <USBD_GetDescriptor+0x126>
            pbuf = pdev->pDesc->GetInterfaceStrDescriptor(pdev->dev_speed, &len);
 80077e0:	f10d 0106 	add.w	r1, sp, #6
 80077e4:	7c00      	ldrb	r0, [r0, #16]
 80077e6:	4798      	blx	r3
  if (err != 0U)
 80077e8:	e786      	b.n	80076f8 <USBD_GetDescriptor+0x34>
            USBD_CtlError(pdev, req);
 80077ea:	4629      	mov	r1, r5
 80077ec:	f7ff ff60 	bl	80076b0 <USBD_CtlError>
  if (err != 0U)
 80077f0:	e022      	b.n	8007838 <USBD_GetDescriptor+0x174>
          USBD_CtlError(pdev, req);
 80077f2:	4629      	mov	r1, r5
 80077f4:	f7ff ff5c 	bl	80076b0 <USBD_CtlError>
  if (err != 0U)
 80077f8:	e01e      	b.n	8007838 <USBD_GetDescriptor+0x174>
      if (pdev->dev_speed == USBD_SPEED_HIGH)
 80077fa:	7c03      	ldrb	r3, [r0, #16]
 80077fc:	b933      	cbnz	r3, 800780c <USBD_GetDescriptor+0x148>
          pbuf = (uint8_t *)pdev->pClass[0]->GetDeviceQualifierDescriptor(&len);
 80077fe:	f8d0 32b8 	ldr.w	r3, [r0, #696]	@ 0x2b8
 8007802:	6b5b      	ldr	r3, [r3, #52]	@ 0x34
 8007804:	f10d 0006 	add.w	r0, sp, #6
 8007808:	4798      	blx	r3
  if (err != 0U)
 800780a:	e775      	b.n	80076f8 <USBD_GetDescriptor+0x34>
        USBD_CtlError(pdev, req);
 800780c:	4629      	mov	r1, r5
 800780e:	f7ff ff4f 	bl	80076b0 <USBD_CtlError>
  if (err != 0U)
 8007812:	e011      	b.n	8007838 <USBD_GetDescriptor+0x174>
      if (pdev->dev_speed == USBD_SPEED_HIGH)
 8007814:	7c03      	ldrb	r3, [r0, #16]
 8007816:	b943      	cbnz	r3, 800782a <USBD_GetDescriptor+0x166>
          pbuf = (uint8_t *)pdev->pClass[0]->GetOtherSpeedConfigDescriptor(&len);
 8007818:	f8d0 32b8 	ldr.w	r3, [r0, #696]	@ 0x2b8
 800781c:	6b1b      	ldr	r3, [r3, #48]	@ 0x30
 800781e:	f10d 0006 	add.w	r0, sp, #6
 8007822:	4798      	blx	r3
        pbuf[1] = USB_DESC_TYPE_OTHER_SPEED_CONFIGURATION;
 8007824:	2307      	movs	r3, #7
 8007826:	7043      	strb	r3, [r0, #1]
  if (err != 0U)
 8007828:	e766      	b.n	80076f8 <USBD_GetDescriptor+0x34>
        USBD_CtlError(pdev, req);
 800782a:	4629      	mov	r1, r5
 800782c:	f7ff ff40 	bl	80076b0 <USBD_CtlError>
  if (err != 0U)
 8007830:	e002      	b.n	8007838 <USBD_GetDescriptor+0x174>
      USBD_CtlError(pdev, req);
 8007832:	4629      	mov	r1, r5
 8007834:	f7ff ff3c 	bl	80076b0 <USBD_CtlError>
}
 8007838:	b003      	add	sp, #12
 800783a:	bd30      	pop	{r4, r5, pc}
      USBD_CtlError(pdev, req);
 800783c:	4629      	mov	r1, r5
 800783e:	4620      	mov	r0, r4
 8007840:	f7ff ff36 	bl	80076b0 <USBD_CtlError>
 8007844:	e7f8      	b.n	8007838 <USBD_GetDescriptor+0x174>
    (void)USBD_CtlSendStatus(pdev);
 8007846:	4620      	mov	r0, r4
 8007848:	f000 fb79 	bl	8007f3e <USBD_CtlSendStatus>
 800784c:	e7f4      	b.n	8007838 <USBD_GetDescriptor+0x174>

0800784e <USBD_SetAddress>:
{
 800784e:	b538      	push	{r3, r4, r5, lr}
 8007850:	4604      	mov	r4, r0
  if ((req->wIndex == 0U) && (req->wLength == 0U) && (req->wValue < 128U))
 8007852:	888b      	ldrh	r3, [r1, #4]
 8007854:	b9f3      	cbnz	r3, 8007894 <USBD_SetAddress+0x46>
 8007856:	88cb      	ldrh	r3, [r1, #6]
 8007858:	b9e3      	cbnz	r3, 8007894 <USBD_SetAddress+0x46>
 800785a:	884b      	ldrh	r3, [r1, #2]
 800785c:	2b7f      	cmp	r3, #127	@ 0x7f
 800785e:	d819      	bhi.n	8007894 <USBD_SetAddress+0x46>
    dev_addr = (uint8_t)(req->wValue) & 0x7FU;
 8007860:	f003 057f 	and.w	r5, r3, #127	@ 0x7f
    if (pdev->dev_state == USBD_STATE_CONFIGURED)
 8007864:	f890 329c 	ldrb.w	r3, [r0, #668]	@ 0x29c
 8007868:	2b03      	cmp	r3, #3
 800786a:	d00c      	beq.n	8007886 <USBD_SetAddress+0x38>
      pdev->dev_address = dev_addr;
 800786c:	f880 529e 	strb.w	r5, [r0, #670]	@ 0x29e
      (void)USBD_LL_SetUSBAddress(pdev, dev_addr);
 8007870:	4629      	mov	r1, r5
 8007872:	f7ff fcd9 	bl	8007228 <USBD_LL_SetUSBAddress>
      (void)USBD_CtlSendStatus(pdev);
 8007876:	4620      	mov	r0, r4
 8007878:	f000 fb61 	bl	8007f3e <USBD_CtlSendStatus>
      if (dev_addr != 0U)
 800787c:	b135      	cbz	r5, 800788c <USBD_SetAddress+0x3e>
        pdev->dev_state = USBD_STATE_ADDRESSED;
 800787e:	2302      	movs	r3, #2
 8007880:	f884 329c 	strb.w	r3, [r4, #668]	@ 0x29c
 8007884:	e009      	b.n	800789a <USBD_SetAddress+0x4c>
      USBD_CtlError(pdev, req);
 8007886:	f7ff ff13 	bl	80076b0 <USBD_CtlError>
 800788a:	e006      	b.n	800789a <USBD_SetAddress+0x4c>
        pdev->dev_state = USBD_STATE_DEFAULT;
 800788c:	2301      	movs	r3, #1
 800788e:	f884 329c 	strb.w	r3, [r4, #668]	@ 0x29c
 8007892:	e002      	b.n	800789a <USBD_SetAddress+0x4c>
    USBD_CtlError(pdev, req);
 8007894:	4620      	mov	r0, r4
 8007896:	f7ff ff0b 	bl	80076b0 <USBD_CtlError>
}
 800789a:	bd38      	pop	{r3, r4, r5, pc}

0800789c <USBD_SetConfig>:
{
 800789c:	b570      	push	{r4, r5, r6, lr}
 800789e:	4604      	mov	r4, r0
 80078a0:	460e      	mov	r6, r1
  cfgidx = (uint8_t)(req->wValue);
 80078a2:	788d      	ldrb	r5, [r1, #2]
 80078a4:	4b2f      	ldr	r3, [pc, #188]	@ (8007964 <USBD_SetConfig+0xc8>)
 80078a6:	701d      	strb	r5, [r3, #0]
  if (cfgidx > USBD_MAX_NUM_CONFIGURATION)
 80078a8:	2d01      	cmp	r5, #1
 80078aa:	d810      	bhi.n	80078ce <USBD_SetConfig+0x32>
  switch (pdev->dev_state)
 80078ac:	f890 329c 	ldrb.w	r3, [r0, #668]	@ 0x29c
 80078b0:	b2da      	uxtb	r2, r3
 80078b2:	2b02      	cmp	r3, #2
 80078b4:	d00f      	beq.n	80078d6 <USBD_SetConfig+0x3a>
 80078b6:	2a03      	cmp	r2, #3
 80078b8:	d026      	beq.n	8007908 <USBD_SetConfig+0x6c>
      USBD_CtlError(pdev, req);
 80078ba:	f7ff fef9 	bl	80076b0 <USBD_CtlError>
      (void)USBD_ClrClassConfig(pdev, cfgidx);
 80078be:	4b29      	ldr	r3, [pc, #164]	@ (8007964 <USBD_SetConfig+0xc8>)
 80078c0:	7819      	ldrb	r1, [r3, #0]
 80078c2:	4620      	mov	r0, r4
 80078c4:	f7ff fd0c 	bl	80072e0 <USBD_ClrClassConfig>
      ret = USBD_FAIL;
 80078c8:	2503      	movs	r5, #3
}
 80078ca:	4628      	mov	r0, r5
 80078cc:	bd70      	pop	{r4, r5, r6, pc}
    USBD_CtlError(pdev, req);
 80078ce:	f7ff feef 	bl	80076b0 <USBD_CtlError>
    return USBD_FAIL;
 80078d2:	2503      	movs	r5, #3
 80078d4:	e7f9      	b.n	80078ca <USBD_SetConfig+0x2e>
      if (cfgidx != 0U)
 80078d6:	b1a5      	cbz	r5, 8007902 <USBD_SetConfig+0x66>
        pdev->dev_config = cfgidx;
 80078d8:	6045      	str	r5, [r0, #4]
        ret = USBD_SetClassConfig(pdev, cfgidx);
 80078da:	4629      	mov	r1, r5
 80078dc:	f7ff fcf7 	bl	80072ce <USBD_SetClassConfig>
        if (ret != USBD_OK)
 80078e0:	4605      	mov	r5, r0
 80078e2:	b138      	cbz	r0, 80078f4 <USBD_SetConfig+0x58>
          USBD_CtlError(pdev, req);
 80078e4:	4631      	mov	r1, r6
 80078e6:	4620      	mov	r0, r4
 80078e8:	f7ff fee2 	bl	80076b0 <USBD_CtlError>
          pdev->dev_state = USBD_STATE_ADDRESSED;
 80078ec:	2302      	movs	r3, #2
 80078ee:	f884 329c 	strb.w	r3, [r4, #668]	@ 0x29c
 80078f2:	e7ea      	b.n	80078ca <USBD_SetConfig+0x2e>
          (void)USBD_CtlSendStatus(pdev);
 80078f4:	4620      	mov	r0, r4
 80078f6:	f000 fb22 	bl	8007f3e <USBD_CtlSendStatus>
          pdev->dev_state = USBD_STATE_CONFIGURED;
 80078fa:	2303      	movs	r3, #3
 80078fc:	f884 329c 	strb.w	r3, [r4, #668]	@ 0x29c
 8007900:	e7e3      	b.n	80078ca <USBD_SetConfig+0x2e>
        (void)USBD_CtlSendStatus(pdev);
 8007902:	f000 fb1c 	bl	8007f3e <USBD_CtlSendStatus>
 8007906:	e7e0      	b.n	80078ca <USBD_SetConfig+0x2e>
      if (cfgidx == 0U)
 8007908:	b1cd      	cbz	r5, 800793e <USBD_SetConfig+0xa2>
      else if (cfgidx != pdev->dev_config)
 800790a:	6841      	ldr	r1, [r0, #4]
 800790c:	428d      	cmp	r5, r1
 800790e:	d025      	beq.n	800795c <USBD_SetConfig+0xc0>
        (void)USBD_ClrClassConfig(pdev, (uint8_t)pdev->dev_config);
 8007910:	b2c9      	uxtb	r1, r1
 8007912:	f7ff fce5 	bl	80072e0 <USBD_ClrClassConfig>
        pdev->dev_config = cfgidx;
 8007916:	4b13      	ldr	r3, [pc, #76]	@ (8007964 <USBD_SetConfig+0xc8>)
 8007918:	7819      	ldrb	r1, [r3, #0]
 800791a:	6061      	str	r1, [r4, #4]
        ret = USBD_SetClassConfig(pdev, cfgidx);
 800791c:	4620      	mov	r0, r4
 800791e:	f7ff fcd6 	bl	80072ce <USBD_SetClassConfig>
        if (ret != USBD_OK)
 8007922:	4605      	mov	r5, r0
 8007924:	b1b0      	cbz	r0, 8007954 <USBD_SetConfig+0xb8>
          USBD_CtlError(pdev, req);
 8007926:	4631      	mov	r1, r6
 8007928:	4620      	mov	r0, r4
 800792a:	f7ff fec1 	bl	80076b0 <USBD_CtlError>
          (void)USBD_ClrClassConfig(pdev, (uint8_t)pdev->dev_config);
 800792e:	7921      	ldrb	r1, [r4, #4]
 8007930:	4620      	mov	r0, r4
 8007932:	f7ff fcd5 	bl	80072e0 <USBD_ClrClassConfig>
          pdev->dev_state = USBD_STATE_ADDRESSED;
 8007936:	2302      	movs	r3, #2
 8007938:	f884 329c 	strb.w	r3, [r4, #668]	@ 0x29c
 800793c:	e7c5      	b.n	80078ca <USBD_SetConfig+0x2e>
        pdev->dev_state = USBD_STATE_ADDRESSED;
 800793e:	2302      	movs	r3, #2
 8007940:	f880 329c 	strb.w	r3, [r0, #668]	@ 0x29c
        pdev->dev_config = cfgidx;
 8007944:	6045      	str	r5, [r0, #4]
        (void)USBD_ClrClassConfig(pdev, cfgidx);
 8007946:	4629      	mov	r1, r5
 8007948:	f7ff fcca 	bl	80072e0 <USBD_ClrClassConfig>
        (void)USBD_CtlSendStatus(pdev);
 800794c:	4620      	mov	r0, r4
 800794e:	f000 faf6 	bl	8007f3e <USBD_CtlSendStatus>
 8007952:	e7ba      	b.n	80078ca <USBD_SetConfig+0x2e>
          (void)USBD_CtlSendStatus(pdev);
 8007954:	4620      	mov	r0, r4
 8007956:	f000 faf2 	bl	8007f3e <USBD_CtlSendStatus>
 800795a:	e7b6      	b.n	80078ca <USBD_SetConfig+0x2e>
        (void)USBD_CtlSendStatus(pdev);
 800795c:	f000 faef 	bl	8007f3e <USBD_CtlSendStatus>
  USBD_StatusTypeDef ret = USBD_OK;
 8007960:	2500      	movs	r5, #0
 8007962:	e7b2      	b.n	80078ca <USBD_SetConfig+0x2e>
 8007964:	2000682c 	.word	0x2000682c

08007968 <USBD_GetConfig>:
{
 8007968:	b508      	push	{r3, lr}
  if (req->wLength != 1U)
 800796a:	88cb      	ldrh	r3, [r1, #6]
 800796c:	2b01      	cmp	r3, #1
 800796e:	d10b      	bne.n	8007988 <USBD_GetConfig+0x20>
    switch (pdev->dev_state)
 8007970:	f890 329c 	ldrb.w	r3, [r0, #668]	@ 0x29c
 8007974:	b2da      	uxtb	r2, r3
 8007976:	2b02      	cmp	r3, #2
 8007978:	d909      	bls.n	800798e <USBD_GetConfig+0x26>
 800797a:	2a03      	cmp	r2, #3
 800797c:	d111      	bne.n	80079a2 <USBD_GetConfig+0x3a>
        (void)USBD_CtlSendData(pdev, (uint8_t *)&pdev->dev_config, 1U);
 800797e:	2201      	movs	r2, #1
 8007980:	1d01      	adds	r1, r0, #4
 8007982:	f000 faad 	bl	8007ee0 <USBD_CtlSendData>
        break;
 8007986:	e001      	b.n	800798c <USBD_GetConfig+0x24>
    USBD_CtlError(pdev, req);
 8007988:	f7ff fe92 	bl	80076b0 <USBD_CtlError>
}
 800798c:	bd08      	pop	{r3, pc}
    switch (pdev->dev_state)
 800798e:	b252      	sxtb	r2, r2
 8007990:	b13a      	cbz	r2, 80079a2 <USBD_GetConfig+0x3a>
        pdev->dev_default_config = 0U;
 8007992:	4601      	mov	r1, r0
 8007994:	2300      	movs	r3, #0
 8007996:	f841 3f08 	str.w	r3, [r1, #8]!
        (void)USBD_CtlSendData(pdev, (uint8_t *)&pdev->dev_default_config, 1U);
 800799a:	2201      	movs	r2, #1
 800799c:	f000 faa0 	bl	8007ee0 <USBD_CtlSendData>
        break;
 80079a0:	e7f4      	b.n	800798c <USBD_GetConfig+0x24>
        USBD_CtlError(pdev, req);
 80079a2:	f7ff fe85 	bl	80076b0 <USBD_CtlError>
}
 80079a6:	e7f1      	b.n	800798c <USBD_GetConfig+0x24>

080079a8 <USBD_GetStatus>:
{
 80079a8:	b508      	push	{r3, lr}
  switch (pdev->dev_state)
 80079aa:	f890 329c 	ldrb.w	r3, [r0, #668]	@ 0x29c
 80079ae:	3b01      	subs	r3, #1
 80079b0:	2b02      	cmp	r3, #2
 80079b2:	d812      	bhi.n	80079da <USBD_GetStatus+0x32>
      if (req->wLength != 0x2U)
 80079b4:	88cb      	ldrh	r3, [r1, #6]
 80079b6:	2b02      	cmp	r3, #2
 80079b8:	d10c      	bne.n	80079d4 <USBD_GetStatus+0x2c>
      pdev->dev_config_status = USB_CONFIG_SELF_POWERED;
 80079ba:	2301      	movs	r3, #1
 80079bc:	60c3      	str	r3, [r0, #12]
      if (pdev->dev_remote_wakeup != 0U)
 80079be:	f8d0 32a4 	ldr.w	r3, [r0, #676]	@ 0x2a4
 80079c2:	b10b      	cbz	r3, 80079c8 <USBD_GetStatus+0x20>
        pdev->dev_config_status |= USB_CONFIG_REMOTE_WAKEUP;
 80079c4:	2303      	movs	r3, #3
 80079c6:	60c3      	str	r3, [r0, #12]
      (void)USBD_CtlSendData(pdev, (uint8_t *)&pdev->dev_config_status, 2U);
 80079c8:	2202      	movs	r2, #2
 80079ca:	f100 010c 	add.w	r1, r0, #12
 80079ce:	f000 fa87 	bl	8007ee0 <USBD_CtlSendData>
}
 80079d2:	bd08      	pop	{r3, pc}
        USBD_CtlError(pdev, req);
 80079d4:	f7ff fe6c 	bl	80076b0 <USBD_CtlError>
        break;
 80079d8:	e7fb      	b.n	80079d2 <USBD_GetStatus+0x2a>
      USBD_CtlError(pdev, req);
 80079da:	f7ff fe69 	bl	80076b0 <USBD_CtlError>
}
 80079de:	e7f8      	b.n	80079d2 <USBD_GetStatus+0x2a>

080079e0 <USBD_SetFeature>:
{
 80079e0:	b508      	push	{r3, lr}
  if (req->wValue == USB_FEATURE_REMOTE_WAKEUP)
 80079e2:	884b      	ldrh	r3, [r1, #2]
 80079e4:	2b01      	cmp	r3, #1
 80079e6:	d004      	beq.n	80079f2 <USBD_SetFeature+0x12>
  else if (req->wValue == USB_FEATURE_TEST_MODE)
 80079e8:	2b02      	cmp	r3, #2
 80079ea:	d007      	beq.n	80079fc <USBD_SetFeature+0x1c>
    USBD_CtlError(pdev, req);
 80079ec:	f7ff fe60 	bl	80076b0 <USBD_CtlError>
}
 80079f0:	bd08      	pop	{r3, pc}
    pdev->dev_remote_wakeup = 1U;
 80079f2:	f8c0 32a4 	str.w	r3, [r0, #676]	@ 0x2a4
    (void)USBD_CtlSendStatus(pdev);
 80079f6:	f000 faa2 	bl	8007f3e <USBD_CtlSendStatus>
 80079fa:	e7f9      	b.n	80079f0 <USBD_SetFeature+0x10>
    pdev->dev_test_mode = (uint8_t)(req->wIndex >> 8);
 80079fc:	888b      	ldrh	r3, [r1, #4]
 80079fe:	0a1b      	lsrs	r3, r3, #8
 8007a00:	f880 32a0 	strb.w	r3, [r0, #672]	@ 0x2a0
    (void)USBD_CtlSendStatus(pdev);
 8007a04:	f000 fa9b 	bl	8007f3e <USBD_CtlSendStatus>
 8007a08:	e7f2      	b.n	80079f0 <USBD_SetFeature+0x10>

08007a0a <USBD_ClrFeature>:
{
 8007a0a:	b508      	push	{r3, lr}
  switch (pdev->dev_state)
 8007a0c:	f890 329c 	ldrb.w	r3, [r0, #668]	@ 0x29c
 8007a10:	3b01      	subs	r3, #1
 8007a12:	2b02      	cmp	r3, #2
 8007a14:	d809      	bhi.n	8007a2a <USBD_ClrFeature+0x20>
      if (req->wValue == USB_FEATURE_REMOTE_WAKEUP)
 8007a16:	884b      	ldrh	r3, [r1, #2]
 8007a18:	2b01      	cmp	r3, #1
 8007a1a:	d000      	beq.n	8007a1e <USBD_ClrFeature+0x14>
}
 8007a1c:	bd08      	pop	{r3, pc}
        pdev->dev_remote_wakeup = 0U;
 8007a1e:	2300      	movs	r3, #0
 8007a20:	f8c0 32a4 	str.w	r3, [r0, #676]	@ 0x2a4
        (void)USBD_CtlSendStatus(pdev);
 8007a24:	f000 fa8b 	bl	8007f3e <USBD_CtlSendStatus>
 8007a28:	e7f8      	b.n	8007a1c <USBD_ClrFeature+0x12>
      USBD_CtlError(pdev, req);
 8007a2a:	f7ff fe41 	bl	80076b0 <USBD_CtlError>
}
 8007a2e:	e7f5      	b.n	8007a1c <USBD_ClrFeature+0x12>

08007a30 <USBD_StdDevReq>:
{
 8007a30:	b538      	push	{r3, r4, r5, lr}
  switch (req->bmRequest & USB_REQ_TYPE_MASK)
 8007a32:	780c      	ldrb	r4, [r1, #0]
 8007a34:	f004 0460 	and.w	r4, r4, #96	@ 0x60
 8007a38:	2c20      	cmp	r4, #32
 8007a3a:	d006      	beq.n	8007a4a <USBD_StdDevReq+0x1a>
 8007a3c:	2c40      	cmp	r4, #64	@ 0x40
 8007a3e:	d004      	beq.n	8007a4a <USBD_StdDevReq+0x1a>
 8007a40:	b16c      	cbz	r4, 8007a5e <USBD_StdDevReq+0x2e>
      USBD_CtlError(pdev, req);
 8007a42:	f7ff fe35 	bl	80076b0 <USBD_CtlError>
  USBD_StatusTypeDef ret = USBD_OK;
 8007a46:	2400      	movs	r4, #0
      break;
 8007a48:	e007      	b.n	8007a5a <USBD_StdDevReq+0x2a>
      ret = (USBD_StatusTypeDef)pdev->pClass[pdev->classId]->Setup(pdev, req);
 8007a4a:	f8d0 32d4 	ldr.w	r3, [r0, #724]	@ 0x2d4
 8007a4e:	33ae      	adds	r3, #174	@ 0xae
 8007a50:	f850 3023 	ldr.w	r3, [r0, r3, lsl #2]
 8007a54:	689b      	ldr	r3, [r3, #8]
 8007a56:	4798      	blx	r3
 8007a58:	4604      	mov	r4, r0
}
 8007a5a:	4620      	mov	r0, r4
 8007a5c:	bd38      	pop	{r3, r4, r5, pc}
      switch (req->bRequest)
 8007a5e:	784d      	ldrb	r5, [r1, #1]
 8007a60:	2d09      	cmp	r5, #9
 8007a62:	d81d      	bhi.n	8007aa0 <USBD_StdDevReq+0x70>
 8007a64:	e8df f005 	tbb	[pc, r5]
 8007a68:	161c1912 	.word	0x161c1912
 8007a6c:	1c05081c 	.word	0x1c05081c
 8007a70:	0b0f      	.short	0x0b0f
          USBD_GetDescriptor(pdev, req);
 8007a72:	f7ff fe27 	bl	80076c4 <USBD_GetDescriptor>
          break;
 8007a76:	e7f0      	b.n	8007a5a <USBD_StdDevReq+0x2a>
          USBD_SetAddress(pdev, req);
 8007a78:	f7ff fee9 	bl	800784e <USBD_SetAddress>
          break;
 8007a7c:	e7ed      	b.n	8007a5a <USBD_StdDevReq+0x2a>
          ret = USBD_SetConfig(pdev, req);
 8007a7e:	f7ff ff0d 	bl	800789c <USBD_SetConfig>
 8007a82:	4604      	mov	r4, r0
          break;
 8007a84:	e7e9      	b.n	8007a5a <USBD_StdDevReq+0x2a>
          USBD_GetConfig(pdev, req);
 8007a86:	f7ff ff6f 	bl	8007968 <USBD_GetConfig>
          break;
 8007a8a:	e7e6      	b.n	8007a5a <USBD_StdDevReq+0x2a>
          USBD_GetStatus(pdev, req);
 8007a8c:	f7ff ff8c 	bl	80079a8 <USBD_GetStatus>
  USBD_StatusTypeDef ret = USBD_OK;
 8007a90:	462c      	mov	r4, r5
          break;
 8007a92:	e7e2      	b.n	8007a5a <USBD_StdDevReq+0x2a>
          USBD_SetFeature(pdev, req);
 8007a94:	f7ff ffa4 	bl	80079e0 <USBD_SetFeature>
          break;
 8007a98:	e7df      	b.n	8007a5a <USBD_StdDevReq+0x2a>
          USBD_ClrFeature(pdev, req);
 8007a9a:	f7ff ffb6 	bl	8007a0a <USBD_ClrFeature>
          break;
 8007a9e:	e7dc      	b.n	8007a5a <USBD_StdDevReq+0x2a>
          USBD_CtlError(pdev, req);
 8007aa0:	f7ff fe06 	bl	80076b0 <USBD_CtlError>
          break;
 8007aa4:	e7d9      	b.n	8007a5a <USBD_StdDevReq+0x2a>

08007aa6 <USBD_StdItfReq>:
{
 8007aa6:	b570      	push	{r4, r5, r6, lr}
 8007aa8:	4605      	mov	r5, r0
 8007aaa:	460c      	mov	r4, r1
  switch (req->bmRequest & USB_REQ_TYPE_MASK)
 8007aac:	780b      	ldrb	r3, [r1, #0]
 8007aae:	f003 0360 	and.w	r3, r3, #96	@ 0x60
 8007ab2:	2b20      	cmp	r3, #32
 8007ab4:	d007      	beq.n	8007ac6 <USBD_StdItfReq+0x20>
 8007ab6:	2b40      	cmp	r3, #64	@ 0x40
 8007ab8:	d005      	beq.n	8007ac6 <USBD_StdItfReq+0x20>
 8007aba:	b123      	cbz	r3, 8007ac6 <USBD_StdItfReq+0x20>
      USBD_CtlError(pdev, req);
 8007abc:	f7ff fdf8 	bl	80076b0 <USBD_CtlError>
  USBD_StatusTypeDef ret = USBD_OK;
 8007ac0:	2600      	movs	r6, #0
}
 8007ac2:	4630      	mov	r0, r6
 8007ac4:	bd70      	pop	{r4, r5, r6, pc}
      switch (pdev->dev_state)
 8007ac6:	f895 329c 	ldrb.w	r3, [r5, #668]	@ 0x29c
 8007aca:	3b01      	subs	r3, #1
 8007acc:	2b02      	cmp	r3, #2
 8007ace:	d826      	bhi.n	8007b1e <USBD_StdItfReq+0x78>
          if (LOBYTE(req->wIndex) <= USBD_MAX_NUM_INTERFACES)
 8007ad0:	7921      	ldrb	r1, [r4, #4]
 8007ad2:	2901      	cmp	r1, #1
 8007ad4:	d905      	bls.n	8007ae2 <USBD_StdItfReq+0x3c>
            USBD_CtlError(pdev, req);
 8007ad6:	4621      	mov	r1, r4
 8007ad8:	4628      	mov	r0, r5
 8007ada:	f7ff fde9 	bl	80076b0 <USBD_CtlError>
  USBD_StatusTypeDef ret = USBD_OK;
 8007ade:	2600      	movs	r6, #0
 8007ae0:	e7ef      	b.n	8007ac2 <USBD_StdItfReq+0x1c>
            idx = USBD_CoreFindIF(pdev, LOBYTE(req->wIndex));
 8007ae2:	4628      	mov	r0, r5
 8007ae4:	f7ff fccf 	bl	8007486 <USBD_CoreFindIF>
            if (((uint8_t)idx != 0xFFU) && (idx < USBD_MAX_SUPPORTED_CLASS))
 8007ae8:	b968      	cbnz	r0, 8007b06 <USBD_StdItfReq+0x60>
              if (pdev->pClass[idx]->Setup != NULL)
 8007aea:	f100 02ae 	add.w	r2, r0, #174	@ 0xae
 8007aee:	f855 2022 	ldr.w	r2, [r5, r2, lsl #2]
 8007af2:	6891      	ldr	r1, [r2, #8]
 8007af4:	b189      	cbz	r1, 8007b1a <USBD_StdItfReq+0x74>
                pdev->classId = idx;
 8007af6:	f8c5 02d4 	str.w	r0, [r5, #724]	@ 0x2d4
                ret = (USBD_StatusTypeDef)(pdev->pClass[idx]->Setup(pdev, req));
 8007afa:	6893      	ldr	r3, [r2, #8]
 8007afc:	4621      	mov	r1, r4
 8007afe:	4628      	mov	r0, r5
 8007b00:	4798      	blx	r3
 8007b02:	4606      	mov	r6, r0
 8007b04:	e000      	b.n	8007b08 <USBD_StdItfReq+0x62>
              ret = USBD_FAIL;
 8007b06:	2603      	movs	r6, #3
            if ((req->wLength == 0U) && (ret == USBD_OK))
 8007b08:	88e3      	ldrh	r3, [r4, #6]
 8007b0a:	2b00      	cmp	r3, #0
 8007b0c:	d1d9      	bne.n	8007ac2 <USBD_StdItfReq+0x1c>
 8007b0e:	2e00      	cmp	r6, #0
 8007b10:	d1d7      	bne.n	8007ac2 <USBD_StdItfReq+0x1c>
              (void)USBD_CtlSendStatus(pdev);
 8007b12:	4628      	mov	r0, r5
 8007b14:	f000 fa13 	bl	8007f3e <USBD_CtlSendStatus>
 8007b18:	e7d3      	b.n	8007ac2 <USBD_StdItfReq+0x1c>
                ret = USBD_FAIL;
 8007b1a:	2603      	movs	r6, #3
 8007b1c:	e7f4      	b.n	8007b08 <USBD_StdItfReq+0x62>
          USBD_CtlError(pdev, req);
 8007b1e:	4621      	mov	r1, r4
 8007b20:	4628      	mov	r0, r5
 8007b22:	f7ff fdc5 	bl	80076b0 <USBD_CtlError>
  USBD_StatusTypeDef ret = USBD_OK;
 8007b26:	2600      	movs	r6, #0
          break;
 8007b28:	e7cb      	b.n	8007ac2 <USBD_StdItfReq+0x1c>

08007b2a <USBD_StdEPReq>:
{
 8007b2a:	e92d 41f0 	stmdb	sp!, {r4, r5, r6, r7, r8, lr}
 8007b2e:	4606      	mov	r6, r0
 8007b30:	460d      	mov	r5, r1
  ep_addr = LOBYTE(req->wIndex);
 8007b32:	888b      	ldrh	r3, [r1, #4]
 8007b34:	b2df      	uxtb	r7, r3
  switch (req->bmRequest & USB_REQ_TYPE_MASK)
 8007b36:	780c      	ldrb	r4, [r1, #0]
 8007b38:	f004 0460 	and.w	r4, r4, #96	@ 0x60
 8007b3c:	2c20      	cmp	r4, #32
 8007b3e:	d008      	beq.n	8007b52 <USBD_StdEPReq+0x28>
 8007b40:	2c40      	cmp	r4, #64	@ 0x40
 8007b42:	d006      	beq.n	8007b52 <USBD_StdEPReq+0x28>
 8007b44:	b1dc      	cbz	r4, 8007b7e <USBD_StdEPReq+0x54>
      USBD_CtlError(pdev, req);
 8007b46:	f7ff fdb3 	bl	80076b0 <USBD_CtlError>
  USBD_StatusTypeDef ret = USBD_OK;
 8007b4a:	2400      	movs	r4, #0
}
 8007b4c:	4620      	mov	r0, r4
 8007b4e:	e8bd 81f0 	ldmia.w	sp!, {r4, r5, r6, r7, r8, pc}
      idx = USBD_CoreFindEP(pdev, ep_addr);
 8007b52:	4639      	mov	r1, r7
 8007b54:	4630      	mov	r0, r6
 8007b56:	f7ff fc98 	bl	800748a <USBD_CoreFindEP>
      if (((uint8_t)idx != 0xFFU) && (idx < USBD_MAX_SUPPORTED_CLASS))
 8007b5a:	4604      	mov	r4, r0
 8007b5c:	2800      	cmp	r0, #0
 8007b5e:	f040 80fd 	bne.w	8007d5c <USBD_StdEPReq+0x232>
        pdev->classId = idx;
 8007b62:	f8c6 02d4 	str.w	r0, [r6, #724]	@ 0x2d4
        if (pdev->pClass[idx]->Setup != NULL)
 8007b66:	f100 03ae 	add.w	r3, r0, #174	@ 0xae
 8007b6a:	f856 3023 	ldr.w	r3, [r6, r3, lsl #2]
 8007b6e:	689b      	ldr	r3, [r3, #8]
 8007b70:	2b00      	cmp	r3, #0
 8007b72:	d0eb      	beq.n	8007b4c <USBD_StdEPReq+0x22>
          ret = (USBD_StatusTypeDef)pdev->pClass[idx]->Setup(pdev, req);
 8007b74:	4629      	mov	r1, r5
 8007b76:	4630      	mov	r0, r6
 8007b78:	4798      	blx	r3
 8007b7a:	4604      	mov	r4, r0
 8007b7c:	e7e6      	b.n	8007b4c <USBD_StdEPReq+0x22>
      switch (req->bRequest)
 8007b7e:	f891 8001 	ldrb.w	r8, [r1, #1]
 8007b82:	f1b8 0f01 	cmp.w	r8, #1
 8007b86:	d031      	beq.n	8007bec <USBD_StdEPReq+0xc2>
 8007b88:	f1b8 0f03 	cmp.w	r8, #3
 8007b8c:	d005      	beq.n	8007b9a <USBD_StdEPReq+0x70>
 8007b8e:	f1b8 0f00 	cmp.w	r8, #0
 8007b92:	d067      	beq.n	8007c64 <USBD_StdEPReq+0x13a>
          USBD_CtlError(pdev, req);
 8007b94:	f7ff fd8c 	bl	80076b0 <USBD_CtlError>
          break;
 8007b98:	e7d8      	b.n	8007b4c <USBD_StdEPReq+0x22>
          switch (pdev->dev_state)
 8007b9a:	f890 329c 	ldrb.w	r3, [r0, #668]	@ 0x29c
 8007b9e:	b2da      	uxtb	r2, r3
 8007ba0:	2b02      	cmp	r3, #2
 8007ba2:	d004      	beq.n	8007bae <USBD_StdEPReq+0x84>
 8007ba4:	2a03      	cmp	r2, #3
 8007ba6:	d012      	beq.n	8007bce <USBD_StdEPReq+0xa4>
              USBD_CtlError(pdev, req);
 8007ba8:	f7ff fd82 	bl	80076b0 <USBD_CtlError>
              break;
 8007bac:	e7ce      	b.n	8007b4c <USBD_StdEPReq+0x22>
              if ((ep_addr != 0x00U) && (ep_addr != 0x80U))
 8007bae:	b10f      	cbz	r7, 8007bb4 <USBD_StdEPReq+0x8a>
 8007bb0:	2f80      	cmp	r7, #128	@ 0x80
 8007bb2:	d104      	bne.n	8007bbe <USBD_StdEPReq+0x94>
                USBD_CtlError(pdev, req);
 8007bb4:	4629      	mov	r1, r5
 8007bb6:	4630      	mov	r0, r6
 8007bb8:	f7ff fd7a 	bl	80076b0 <USBD_CtlError>
 8007bbc:	e7c6      	b.n	8007b4c <USBD_StdEPReq+0x22>
                (void)USBD_LL_StallEP(pdev, ep_addr);
 8007bbe:	4639      	mov	r1, r7
 8007bc0:	f7ff fb22 	bl	8007208 <USBD_LL_StallEP>
                (void)USBD_LL_StallEP(pdev, 0x80U);
 8007bc4:	2180      	movs	r1, #128	@ 0x80
 8007bc6:	4630      	mov	r0, r6
 8007bc8:	f7ff fb1e 	bl	8007208 <USBD_LL_StallEP>
 8007bcc:	e7be      	b.n	8007b4c <USBD_StdEPReq+0x22>
              if (req->wValue == USB_FEATURE_EP_HALT)
 8007bce:	884b      	ldrh	r3, [r1, #2]
 8007bd0:	b923      	cbnz	r3, 8007bdc <USBD_StdEPReq+0xb2>
                if ((ep_addr != 0x00U) && (ep_addr != 0x80U) && (req->wLength == 0x00U))
 8007bd2:	b11f      	cbz	r7, 8007bdc <USBD_StdEPReq+0xb2>
 8007bd4:	2f80      	cmp	r7, #128	@ 0x80
 8007bd6:	d001      	beq.n	8007bdc <USBD_StdEPReq+0xb2>
 8007bd8:	88cb      	ldrh	r3, [r1, #6]
 8007bda:	b11b      	cbz	r3, 8007be4 <USBD_StdEPReq+0xba>
              (void)USBD_CtlSendStatus(pdev);
 8007bdc:	4630      	mov	r0, r6
 8007bde:	f000 f9ae 	bl	8007f3e <USBD_CtlSendStatus>
              break;
 8007be2:	e7b3      	b.n	8007b4c <USBD_StdEPReq+0x22>
                  (void)USBD_LL_StallEP(pdev, ep_addr);
 8007be4:	4639      	mov	r1, r7
 8007be6:	f7ff fb0f 	bl	8007208 <USBD_LL_StallEP>
 8007bea:	e7f7      	b.n	8007bdc <USBD_StdEPReq+0xb2>
          switch (pdev->dev_state)
 8007bec:	f890 329c 	ldrb.w	r3, [r0, #668]	@ 0x29c
 8007bf0:	b2da      	uxtb	r2, r3
 8007bf2:	2b02      	cmp	r3, #2
 8007bf4:	d004      	beq.n	8007c00 <USBD_StdEPReq+0xd6>
 8007bf6:	2a03      	cmp	r2, #3
 8007bf8:	d012      	beq.n	8007c20 <USBD_StdEPReq+0xf6>
              USBD_CtlError(pdev, req);
 8007bfa:	f7ff fd59 	bl	80076b0 <USBD_CtlError>
              break;
 8007bfe:	e7a5      	b.n	8007b4c <USBD_StdEPReq+0x22>
              if ((ep_addr != 0x00U) && (ep_addr != 0x80U))
 8007c00:	b10f      	cbz	r7, 8007c06 <USBD_StdEPReq+0xdc>
 8007c02:	2f80      	cmp	r7, #128	@ 0x80
 8007c04:	d104      	bne.n	8007c10 <USBD_StdEPReq+0xe6>
                USBD_CtlError(pdev, req);
 8007c06:	4629      	mov	r1, r5
 8007c08:	4630      	mov	r0, r6
 8007c0a:	f7ff fd51 	bl	80076b0 <USBD_CtlError>
 8007c0e:	e79d      	b.n	8007b4c <USBD_StdEPReq+0x22>
                (void)USBD_LL_StallEP(pdev, ep_addr);
 8007c10:	4639      	mov	r1, r7
 8007c12:	f7ff faf9 	bl	8007208 <USBD_LL_StallEP>
                (void)USBD_LL_StallEP(pdev, 0x80U);
 8007c16:	2180      	movs	r1, #128	@ 0x80
 8007c18:	4630      	mov	r0, r6
 8007c1a:	f7ff faf5 	bl	8007208 <USBD_LL_StallEP>
 8007c1e:	e795      	b.n	8007b4c <USBD_StdEPReq+0x22>
              if (req->wValue == USB_FEATURE_EP_HALT)
 8007c20:	884b      	ldrh	r3, [r1, #2]
 8007c22:	2b00      	cmp	r3, #0
 8007c24:	d192      	bne.n	8007b4c <USBD_StdEPReq+0x22>
                if ((ep_addr & 0x7FU) != 0x00U)
 8007c26:	f017 0f7f 	tst.w	r7, #127	@ 0x7f
 8007c2a:	d117      	bne.n	8007c5c <USBD_StdEPReq+0x132>
                (void)USBD_CtlSendStatus(pdev);
 8007c2c:	4630      	mov	r0, r6
 8007c2e:	f000 f986 	bl	8007f3e <USBD_CtlSendStatus>
                idx = USBD_CoreFindEP(pdev, ep_addr);
 8007c32:	4639      	mov	r1, r7
 8007c34:	4630      	mov	r0, r6
 8007c36:	f7ff fc28 	bl	800748a <USBD_CoreFindEP>
                if (((uint8_t)idx != 0xFFU) && (idx < USBD_MAX_SUPPORTED_CLASS))
 8007c3a:	2800      	cmp	r0, #0
 8007c3c:	d186      	bne.n	8007b4c <USBD_StdEPReq+0x22>
                  pdev->classId = idx;
 8007c3e:	f8c6 02d4 	str.w	r0, [r6, #724]	@ 0x2d4
                  if (pdev->pClass[idx]->Setup != NULL)
 8007c42:	f100 02ae 	add.w	r2, r0, #174	@ 0xae
 8007c46:	f856 2022 	ldr.w	r2, [r6, r2, lsl #2]
 8007c4a:	6892      	ldr	r2, [r2, #8]
 8007c4c:	2a00      	cmp	r2, #0
 8007c4e:	f000 8087 	beq.w	8007d60 <USBD_StdEPReq+0x236>
                    ret = (USBD_StatusTypeDef)(pdev->pClass[idx]->Setup(pdev, req));
 8007c52:	4629      	mov	r1, r5
 8007c54:	4630      	mov	r0, r6
 8007c56:	4790      	blx	r2
 8007c58:	4604      	mov	r4, r0
 8007c5a:	e777      	b.n	8007b4c <USBD_StdEPReq+0x22>
                  (void)USBD_LL_ClearStallEP(pdev, ep_addr);
 8007c5c:	4639      	mov	r1, r7
 8007c5e:	f7ff fadb 	bl	8007218 <USBD_LL_ClearStallEP>
 8007c62:	e7e3      	b.n	8007c2c <USBD_StdEPReq+0x102>
          switch (pdev->dev_state)
 8007c64:	f890 229c 	ldrb.w	r2, [r0, #668]	@ 0x29c
 8007c68:	b2d1      	uxtb	r1, r2
 8007c6a:	2a02      	cmp	r2, #2
 8007c6c:	d006      	beq.n	8007c7c <USBD_StdEPReq+0x152>
 8007c6e:	2903      	cmp	r1, #3
 8007c70:	d02a      	beq.n	8007cc8 <USBD_StdEPReq+0x19e>
              USBD_CtlError(pdev, req);
 8007c72:	4629      	mov	r1, r5
 8007c74:	f7ff fd1c 	bl	80076b0 <USBD_CtlError>
  USBD_StatusTypeDef ret = USBD_OK;
 8007c78:	4644      	mov	r4, r8
              break;
 8007c7a:	e767      	b.n	8007b4c <USBD_StdEPReq+0x22>
              if ((ep_addr != 0x00U) && (ep_addr != 0x80U))
 8007c7c:	b10f      	cbz	r7, 8007c82 <USBD_StdEPReq+0x158>
 8007c7e:	2f80      	cmp	r7, #128	@ 0x80
 8007c80:	d114      	bne.n	8007cac <USBD_StdEPReq+0x182>
              pep = ((ep_addr & 0x80U) == 0x80U) ? &pdev->ep_in[ep_addr & 0x7FU] : \
 8007c82:	f013 0f80 	tst.w	r3, #128	@ 0x80
 8007c86:	d116      	bne.n	8007cb6 <USBD_StdEPReq+0x18c>
                    &pdev->ep_out[ep_addr & 0x7FU];
 8007c88:	f007 077f 	and.w	r7, r7, #127	@ 0x7f
              pep = ((ep_addr & 0x80U) == 0x80U) ? &pdev->ep_in[ep_addr & 0x7FU] : \
 8007c8c:	eb07 0787 	add.w	r7, r7, r7, lsl #2
 8007c90:	00b9      	lsls	r1, r7, #2
 8007c92:	f501 71a8 	add.w	r1, r1, #336	@ 0x150
 8007c96:	4431      	add	r1, r6
 8007c98:	3104      	adds	r1, #4
              pep->status = 0x0000U;
 8007c9a:	2300      	movs	r3, #0
 8007c9c:	f801 3f0e 	strb.w	r3, [r1, #14]!
              (void)USBD_CtlSendData(pdev, (uint8_t *)&pep->status, 2U);
 8007ca0:	2202      	movs	r2, #2
 8007ca2:	4630      	mov	r0, r6
 8007ca4:	f000 f91c 	bl	8007ee0 <USBD_CtlSendData>
  USBD_StatusTypeDef ret = USBD_OK;
 8007ca8:	4644      	mov	r4, r8
              break;
 8007caa:	e74f      	b.n	8007b4c <USBD_StdEPReq+0x22>
                USBD_CtlError(pdev, req);
 8007cac:	4629      	mov	r1, r5
 8007cae:	f7ff fcff 	bl	80076b0 <USBD_CtlError>
  USBD_StatusTypeDef ret = USBD_OK;
 8007cb2:	4644      	mov	r4, r8
                break;
 8007cb4:	e74a      	b.n	8007b4c <USBD_StdEPReq+0x22>
              pep = ((ep_addr & 0x80U) == 0x80U) ? &pdev->ep_in[ep_addr & 0x7FU] : \
 8007cb6:	f007 077f 	and.w	r7, r7, #127	@ 0x7f
 8007cba:	eb07 0787 	add.w	r7, r7, r7, lsl #2
 8007cbe:	00b9      	lsls	r1, r7, #2
 8007cc0:	3110      	adds	r1, #16
 8007cc2:	4431      	add	r1, r6
 8007cc4:	3104      	adds	r1, #4
 8007cc6:	e7e8      	b.n	8007c9a <USBD_StdEPReq+0x170>
              if ((ep_addr & 0x80U) == 0x80U)
 8007cc8:	b25b      	sxtb	r3, r3
 8007cca:	2b00      	cmp	r3, #0
 8007ccc:	db20      	blt.n	8007d10 <USBD_StdEPReq+0x1e6>
                if (pdev->ep_out[ep_addr & 0xFU].is_used == 0U)
 8007cce:	f007 020f 	and.w	r2, r7, #15
 8007cd2:	eb02 0282 	add.w	r2, r2, r2, lsl #2
 8007cd6:	eb00 0282 	add.w	r2, r0, r2, lsl #2
 8007cda:	f892 4163 	ldrb.w	r4, [r2, #355]	@ 0x163
 8007cde:	b32c      	cbz	r4, 8007d2c <USBD_StdEPReq+0x202>
              pep = ((ep_addr & 0x80U) == 0x80U) ? &pdev->ep_in[ep_addr & 0x7FU] : \
 8007ce0:	2b00      	cmp	r3, #0
 8007ce2:	db27      	blt.n	8007d34 <USBD_StdEPReq+0x20a>
                    &pdev->ep_out[ep_addr & 0x7FU];
 8007ce4:	f007 037f 	and.w	r3, r7, #127	@ 0x7f
              pep = ((ep_addr & 0x80U) == 0x80U) ? &pdev->ep_in[ep_addr & 0x7FU] : \
 8007ce8:	eb03 0383 	add.w	r3, r3, r3, lsl #2
 8007cec:	009c      	lsls	r4, r3, #2
 8007cee:	f504 74a8 	add.w	r4, r4, #336	@ 0x150
 8007cf2:	4434      	add	r4, r6
 8007cf4:	3404      	adds	r4, #4
              if ((ep_addr == 0x00U) || (ep_addr == 0x80U))
 8007cf6:	b10f      	cbz	r7, 8007cfc <USBD_StdEPReq+0x1d2>
 8007cf8:	2f80      	cmp	r7, #128	@ 0x80
 8007cfa:	d124      	bne.n	8007d46 <USBD_StdEPReq+0x21c>
                pep->status = 0x0000U;
 8007cfc:	2300      	movs	r3, #0
 8007cfe:	73a3      	strb	r3, [r4, #14]
              (void)USBD_CtlSendData(pdev, (uint8_t *)&pep->status, 2U);
 8007d00:	2202      	movs	r2, #2
 8007d02:	f104 010e 	add.w	r1, r4, #14
 8007d06:	4630      	mov	r0, r6
 8007d08:	f000 f8ea 	bl	8007ee0 <USBD_CtlSendData>
  USBD_StatusTypeDef ret = USBD_OK;
 8007d0c:	4644      	mov	r4, r8
              break;
 8007d0e:	e71d      	b.n	8007b4c <USBD_StdEPReq+0x22>
                if (pdev->ep_in[ep_addr & 0xFU].is_used == 0U)
 8007d10:	f007 020f 	and.w	r2, r7, #15
 8007d14:	eb02 0282 	add.w	r2, r2, r2, lsl #2
 8007d18:	eb00 0282 	add.w	r2, r0, r2, lsl #2
 8007d1c:	f892 4023 	ldrb.w	r4, [r2, #35]	@ 0x23
 8007d20:	2c00      	cmp	r4, #0
 8007d22:	d1dd      	bne.n	8007ce0 <USBD_StdEPReq+0x1b6>
                  USBD_CtlError(pdev, req);
 8007d24:	4629      	mov	r1, r5
 8007d26:	f7ff fcc3 	bl	80076b0 <USBD_CtlError>
                  break;
 8007d2a:	e70f      	b.n	8007b4c <USBD_StdEPReq+0x22>
                  USBD_CtlError(pdev, req);
 8007d2c:	4629      	mov	r1, r5
 8007d2e:	f7ff fcbf 	bl	80076b0 <USBD_CtlError>
                  break;
 8007d32:	e70b      	b.n	8007b4c <USBD_StdEPReq+0x22>
              pep = ((ep_addr & 0x80U) == 0x80U) ? &pdev->ep_in[ep_addr & 0x7FU] : \
 8007d34:	f007 037f 	and.w	r3, r7, #127	@ 0x7f
 8007d38:	eb03 0383 	add.w	r3, r3, r3, lsl #2
 8007d3c:	009c      	lsls	r4, r3, #2
 8007d3e:	3410      	adds	r4, #16
 8007d40:	4434      	add	r4, r6
 8007d42:	3404      	adds	r4, #4
 8007d44:	e7d7      	b.n	8007cf6 <USBD_StdEPReq+0x1cc>
              else if (USBD_LL_IsStallEP(pdev, ep_addr) != 0U)
 8007d46:	4639      	mov	r1, r7
 8007d48:	4630      	mov	r0, r6
 8007d4a:	f7ff fa17 	bl	800717c <USBD_LL_IsStallEP>
 8007d4e:	b110      	cbz	r0, 8007d56 <USBD_StdEPReq+0x22c>
                pep->status = 0x0001U;
 8007d50:	2301      	movs	r3, #1
 8007d52:	73a3      	strb	r3, [r4, #14]
 8007d54:	e7d4      	b.n	8007d00 <USBD_StdEPReq+0x1d6>
                pep->status = 0x0000U;
 8007d56:	2300      	movs	r3, #0
 8007d58:	73a3      	strb	r3, [r4, #14]
 8007d5a:	e7d1      	b.n	8007d00 <USBD_StdEPReq+0x1d6>
  USBD_StatusTypeDef ret = USBD_OK;
 8007d5c:	2400      	movs	r4, #0
 8007d5e:	e6f5      	b.n	8007b4c <USBD_StdEPReq+0x22>
 8007d60:	4604      	mov	r4, r0
 8007d62:	e6f3      	b.n	8007b4c <USBD_StdEPReq+0x22>

08007d64 <USBD_GetString>:
  if (desc == NULL)
 8007d64:	b300      	cbz	r0, 8007da8 <USBD_GetString+0x44>
{
 8007d66:	b570      	push	{r4, r5, r6, lr}
 8007d68:	460d      	mov	r5, r1
 8007d6a:	4616      	mov	r6, r2
 8007d6c:	4604      	mov	r4, r0
  *len = MIN(USBD_MAX_STR_DESC_SIZ, ((uint16_t)USBD_GetLen(pdesc) * 2U) + 2U);
 8007d6e:	f7ff fc81 	bl	8007674 <USBD_GetLen>
 8007d72:	3001      	adds	r0, #1
 8007d74:	0043      	lsls	r3, r0, #1
 8007d76:	f5b3 7f00 	cmp.w	r3, #512	@ 0x200
 8007d7a:	d806      	bhi.n	8007d8a <USBD_GetString+0x26>
 8007d7c:	b29b      	uxth	r3, r3
 8007d7e:	8033      	strh	r3, [r6, #0]
  unicode[idx] = *(uint8_t *)len;
 8007d80:	702b      	strb	r3, [r5, #0]
  unicode[idx] = USB_DESC_TYPE_STRING;
 8007d82:	2303      	movs	r3, #3
 8007d84:	706b      	strb	r3, [r5, #1]
  idx++;
 8007d86:	2302      	movs	r3, #2
  while (*pdesc != (uint8_t)'\0')
 8007d88:	e00a      	b.n	8007da0 <USBD_GetString+0x3c>
  *len = MIN(USBD_MAX_STR_DESC_SIZ, ((uint16_t)USBD_GetLen(pdesc) * 2U) + 2U);
 8007d8a:	f44f 7300 	mov.w	r3, #512	@ 0x200
 8007d8e:	e7f6      	b.n	8007d7e <USBD_GetString+0x1a>
    unicode[idx] = *pdesc;
 8007d90:	54ea      	strb	r2, [r5, r3]
    pdesc++;
 8007d92:	3401      	adds	r4, #1
    idx++;
 8007d94:	1c5a      	adds	r2, r3, #1
 8007d96:	b2d2      	uxtb	r2, r2
    unicode[idx] = 0U;
 8007d98:	2100      	movs	r1, #0
 8007d9a:	54a9      	strb	r1, [r5, r2]
    idx++;
 8007d9c:	3302      	adds	r3, #2
 8007d9e:	b2db      	uxtb	r3, r3
  while (*pdesc != (uint8_t)'\0')
 8007da0:	7822      	ldrb	r2, [r4, #0]
 8007da2:	2a00      	cmp	r2, #0
 8007da4:	d1f4      	bne.n	8007d90 <USBD_GetString+0x2c>
}
 8007da6:	bd70      	pop	{r4, r5, r6, pc}
 8007da8:	4770      	bx	lr
	...

08007dac <USBD_FS_DeviceDescriptor>:
  * @retval Pointer to descriptor buffer
  */
uint8_t * USBD_FS_DeviceDescriptor(USBD_SpeedTypeDef speed, uint16_t *length)
{
  UNUSED(speed);
  *length = sizeof(USBD_FS_DeviceDesc);
 8007dac:	2312      	movs	r3, #18
 8007dae:	800b      	strh	r3, [r1, #0]
  return USBD_FS_DeviceDesc;
}
 8007db0:	4800      	ldr	r0, [pc, #0]	@ (8007db4 <USBD_FS_DeviceDescriptor+0x8>)
 8007db2:	4770      	bx	lr
 8007db4:	200000cc 	.word	0x200000cc

08007db8 <USBD_FS_LangIDStrDescriptor>:
  * @retval Pointer to descriptor buffer
  */
uint8_t * USBD_FS_LangIDStrDescriptor(USBD_SpeedTypeDef speed, uint16_t *length)
{
  UNUSED(speed);
  *length = sizeof(USBD_LangIDDesc);
 8007db8:	2304      	movs	r3, #4
 8007dba:	800b      	strh	r3, [r1, #0]
  return USBD_LangIDDesc;
}
 8007dbc:	4800      	ldr	r0, [pc, #0]	@ (8007dc0 <USBD_FS_LangIDStrDescriptor+0x8>)
 8007dbe:	4770      	bx	lr
 8007dc0:	200000c8 	.word	0x200000c8

08007dc4 <IntToUnicode>:
  */
static void IntToUnicode(uint32_t value, uint8_t * pbuf, uint8_t len)
{
  uint8_t idx = 0;

  for (idx = 0; idx < len; idx++)
 8007dc4:	2300      	movs	r3, #0
 8007dc6:	4293      	cmp	r3, r2
 8007dc8:	d21e      	bcs.n	8007e08 <IntToUnicode+0x44>
{
 8007dca:	b500      	push	{lr}
 8007dcc:	e010      	b.n	8007df0 <IntToUnicode+0x2c>
    {
      pbuf[2 * idx] = (value >> 28) + '0';
    }
    else
    {
      pbuf[2 * idx] = (value >> 28) + 'A' - 10;
 8007dce:	f10c 0c37 	add.w	ip, ip, #55	@ 0x37
 8007dd2:	f801 c013 	strb.w	ip, [r1, r3, lsl #1]
    }

    value = value << 4;
 8007dd6:	0100      	lsls	r0, r0, #4

    pbuf[2 * idx + 1] = 0;
 8007dd8:	ea4f 0c43 	mov.w	ip, r3, lsl #1
 8007ddc:	f10c 0c01 	add.w	ip, ip, #1
 8007de0:	f04f 0e00 	mov.w	lr, #0
 8007de4:	f801 e00c 	strb.w	lr, [r1, ip]
  for (idx = 0; idx < len; idx++)
 8007de8:	3301      	adds	r3, #1
 8007dea:	b2db      	uxtb	r3, r3
 8007dec:	4293      	cmp	r3, r2
 8007dee:	d209      	bcs.n	8007e04 <IntToUnicode+0x40>
    if (((value >> 28)) < 0xA)
 8007df0:	ea4f 7c10 	mov.w	ip, r0, lsr #28
 8007df4:	f1b0 4f20 	cmp.w	r0, #2684354560	@ 0xa0000000
 8007df8:	d2e9      	bcs.n	8007dce <IntToUnicode+0xa>
      pbuf[2 * idx] = (value >> 28) + '0';
 8007dfa:	f10c 0c30 	add.w	ip, ip, #48	@ 0x30
 8007dfe:	f801 c013 	strb.w	ip, [r1, r3, lsl #1]
 8007e02:	e7e8      	b.n	8007dd6 <IntToUnicode+0x12>
  }
}
 8007e04:	f85d fb04 	ldr.w	pc, [sp], #4
 8007e08:	4770      	bx	lr
	...

08007e0c <Get_SerialNum>:
{
 8007e0c:	b538      	push	{r3, r4, r5, lr}
  deviceserial0 = *(uint32_t *) DEVICE_ID1;
 8007e0e:	4b0b      	ldr	r3, [pc, #44]	@ (8007e3c <Get_SerialNum+0x30>)
 8007e10:	f8d3 0a10 	ldr.w	r0, [r3, #2576]	@ 0xa10
  deviceserial1 = *(uint32_t *) DEVICE_ID2;
 8007e14:	f8d3 4a14 	ldr.w	r4, [r3, #2580]	@ 0xa14
  deviceserial2 = *(uint32_t *) DEVICE_ID3;
 8007e18:	f8d3 3a18 	ldr.w	r3, [r3, #2584]	@ 0xa18
  if (deviceserial0 != 0)
 8007e1c:	18c0      	adds	r0, r0, r3
 8007e1e:	d100      	bne.n	8007e22 <Get_SerialNum+0x16>
}
 8007e20:	bd38      	pop	{r3, r4, r5, pc}
    IntToUnicode(deviceserial0, &USBD_StringSerial[2], 8);
 8007e22:	4d07      	ldr	r5, [pc, #28]	@ (8007e40 <Get_SerialNum+0x34>)
 8007e24:	2208      	movs	r2, #8
 8007e26:	4629      	mov	r1, r5
 8007e28:	f7ff ffcc 	bl	8007dc4 <IntToUnicode>
    IntToUnicode(deviceserial1, &USBD_StringSerial[18], 4);
 8007e2c:	2204      	movs	r2, #4
 8007e2e:	f105 0110 	add.w	r1, r5, #16
 8007e32:	4620      	mov	r0, r4
 8007e34:	f7ff ffc6 	bl	8007dc4 <IntToUnicode>
}
 8007e38:	e7f2      	b.n	8007e20 <Get_SerialNum+0x14>
 8007e3a:	bf00      	nop
 8007e3c:	1fff7000 	.word	0x1fff7000
 8007e40:	200000ae 	.word	0x200000ae

08007e44 <USBD_FS_SerialStrDescriptor>:
{
 8007e44:	b508      	push	{r3, lr}
  *length = USB_SIZ_STRING_SERIAL;
 8007e46:	231a      	movs	r3, #26
 8007e48:	800b      	strh	r3, [r1, #0]
  Get_SerialNum();
 8007e4a:	f7ff ffdf 	bl	8007e0c <Get_SerialNum>
}
 8007e4e:	4801      	ldr	r0, [pc, #4]	@ (8007e54 <USBD_FS_SerialStrDescriptor+0x10>)
 8007e50:	bd08      	pop	{r3, pc}
 8007e52:	bf00      	nop
 8007e54:	200000ac 	.word	0x200000ac

08007e58 <USBD_FS_ProductStrDescriptor>:
{
 8007e58:	b508      	push	{r3, lr}
 8007e5a:	460a      	mov	r2, r1
  if(speed == 0)
 8007e5c:	b928      	cbnz	r0, 8007e6a <USBD_FS_ProductStrDescriptor+0x12>
    USBD_GetString((uint8_t *)USBD_PRODUCT_STRING_FS, USBD_StrDesc, length);
 8007e5e:	4905      	ldr	r1, [pc, #20]	@ (8007e74 <USBD_FS_ProductStrDescriptor+0x1c>)
 8007e60:	4805      	ldr	r0, [pc, #20]	@ (8007e78 <USBD_FS_ProductStrDescriptor+0x20>)
 8007e62:	f7ff ff7f 	bl	8007d64 <USBD_GetString>
}
 8007e66:	4803      	ldr	r0, [pc, #12]	@ (8007e74 <USBD_FS_ProductStrDescriptor+0x1c>)
 8007e68:	bd08      	pop	{r3, pc}
    USBD_GetString((uint8_t *)USBD_PRODUCT_STRING_FS, USBD_StrDesc, length);
 8007e6a:	4902      	ldr	r1, [pc, #8]	@ (8007e74 <USBD_FS_ProductStrDescriptor+0x1c>)
 8007e6c:	4802      	ldr	r0, [pc, #8]	@ (8007e78 <USBD_FS_ProductStrDescriptor+0x20>)
 8007e6e:	f7ff ff79 	bl	8007d64 <USBD_GetString>
 8007e72:	e7f8      	b.n	8007e66 <USBD_FS_ProductStrDescriptor+0xe>
 8007e74:	20006830 	.word	0x20006830
 8007e78:	08008de4 	.word	0x08008de4

08007e7c <USBD_FS_ManufacturerStrDescriptor>:
{
 8007e7c:	b510      	push	{r4, lr}
 8007e7e:	460a      	mov	r2, r1
  USBD_GetString((uint8_t *)USBD_MANUFACTURER_STRING, USBD_StrDesc, length);
 8007e80:	4c03      	ldr	r4, [pc, #12]	@ (8007e90 <USBD_FS_ManufacturerStrDescriptor+0x14>)
 8007e82:	4621      	mov	r1, r4
 8007e84:	4803      	ldr	r0, [pc, #12]	@ (8007e94 <USBD_FS_ManufacturerStrDescriptor+0x18>)
 8007e86:	f7ff ff6d 	bl	8007d64 <USBD_GetString>
}
 8007e8a:	4620      	mov	r0, r4
 8007e8c:	bd10      	pop	{r4, pc}
 8007e8e:	bf00      	nop
 8007e90:	20006830 	.word	0x20006830
 8007e94:	08008dfc 	.word	0x08008dfc

08007e98 <USBD_FS_ConfigStrDescriptor>:
{
 8007e98:	b508      	push	{r3, lr}
 8007e9a:	460a      	mov	r2, r1
  if(speed == USBD_SPEED_HIGH)
 8007e9c:	b928      	cbnz	r0, 8007eaa <USBD_FS_ConfigStrDescriptor+0x12>
    USBD_GetString((uint8_t *)USBD_CONFIGURATION_STRING_FS, USBD_StrDesc, length);
 8007e9e:	4905      	ldr	r1, [pc, #20]	@ (8007eb4 <USBD_FS_ConfigStrDescriptor+0x1c>)
 8007ea0:	4805      	ldr	r0, [pc, #20]	@ (8007eb8 <USBD_FS_ConfigStrDescriptor+0x20>)
 8007ea2:	f7ff ff5f 	bl	8007d64 <USBD_GetString>
}
 8007ea6:	4803      	ldr	r0, [pc, #12]	@ (8007eb4 <USBD_FS_ConfigStrDescriptor+0x1c>)
 8007ea8:	bd08      	pop	{r3, pc}
    USBD_GetString((uint8_t *)USBD_CONFIGURATION_STRING_FS, USBD_StrDesc, length);
 8007eaa:	4902      	ldr	r1, [pc, #8]	@ (8007eb4 <USBD_FS_ConfigStrDescriptor+0x1c>)
 8007eac:	4802      	ldr	r0, [pc, #8]	@ (8007eb8 <USBD_FS_ConfigStrDescriptor+0x20>)
 8007eae:	f7ff ff59 	bl	8007d64 <USBD_GetString>
 8007eb2:	e7f8      	b.n	8007ea6 <USBD_FS_ConfigStrDescriptor+0xe>
 8007eb4:	20006830 	.word	0x20006830
 8007eb8:	08008e10 	.word	0x08008e10

08007ebc <USBD_FS_InterfaceStrDescriptor>:
{
 8007ebc:	b508      	push	{r3, lr}
 8007ebe:	460a      	mov	r2, r1
  if(speed == 0)
 8007ec0:	b928      	cbnz	r0, 8007ece <USBD_FS_InterfaceStrDescriptor+0x12>
    USBD_GetString((uint8_t *)USBD_INTERFACE_STRING_FS, USBD_StrDesc, length);
 8007ec2:	4905      	ldr	r1, [pc, #20]	@ (8007ed8 <USBD_FS_InterfaceStrDescriptor+0x1c>)
 8007ec4:	4805      	ldr	r0, [pc, #20]	@ (8007edc <USBD_FS_InterfaceStrDescriptor+0x20>)
 8007ec6:	f7ff ff4d 	bl	8007d64 <USBD_GetString>
}
 8007eca:	4803      	ldr	r0, [pc, #12]	@ (8007ed8 <USBD_FS_InterfaceStrDescriptor+0x1c>)
 8007ecc:	bd08      	pop	{r3, pc}
    USBD_GetString((uint8_t *)USBD_INTERFACE_STRING_FS, USBD_StrDesc, length);
 8007ece:	4902      	ldr	r1, [pc, #8]	@ (8007ed8 <USBD_FS_InterfaceStrDescriptor+0x1c>)
 8007ed0:	4802      	ldr	r0, [pc, #8]	@ (8007edc <USBD_FS_InterfaceStrDescriptor+0x20>)
 8007ed2:	f7ff ff47 	bl	8007d64 <USBD_GetString>
 8007ed6:	e7f8      	b.n	8007eca <USBD_FS_InterfaceStrDescriptor+0xe>
 8007ed8:	20006830 	.word	0x20006830
 8007edc:	08008e1c 	.word	0x08008e1c

08007ee0 <USBD_CtlSendData>:
  * @param  len: length of data to be sent
  * @retval status
  */
USBD_StatusTypeDef USBD_CtlSendData(USBD_HandleTypeDef *pdev,
                                    uint8_t *pbuf, uint32_t len)
{
 8007ee0:	b508      	push	{r3, lr}
 8007ee2:	4613      	mov	r3, r2
  /* Set EP0 State */
  pdev->ep0_state = USBD_EP0_DATA_IN;
 8007ee4:	2202      	movs	r2, #2
 8007ee6:	f8c0 2294 	str.w	r2, [r0, #660]	@ 0x294
  pdev->ep_in[0].total_length = len;
 8007eea:	6143      	str	r3, [r0, #20]
  pdev->ep_in[0].pbuffer = pbuf;
 8007eec:	6241      	str	r1, [r0, #36]	@ 0x24

#ifdef USBD_AVOID_PACKET_SPLIT_MPS
  pdev->ep_in[0].rem_length = 0U;
#else
  pdev->ep_in[0].rem_length = len;
 8007eee:	6183      	str	r3, [r0, #24]
#endif /* USBD_AVOID_PACKET_SPLIT_MPS */

  /* Start the transfer */
  (void)USBD_LL_Transmit(pdev, 0x00U, pbuf, len);
 8007ef0:	460a      	mov	r2, r1
 8007ef2:	2100      	movs	r1, #0
 8007ef4:	f7ff f9a0 	bl	8007238 <USBD_LL_Transmit>

  return USBD_OK;
}
 8007ef8:	2000      	movs	r0, #0
 8007efa:	bd08      	pop	{r3, pc}

08007efc <USBD_CtlContinueSendData>:
  * @param  len: length of data to be sent
  * @retval status
  */
USBD_StatusTypeDef USBD_CtlContinueSendData(USBD_HandleTypeDef *pdev,
                                            uint8_t *pbuf, uint32_t len)
{
 8007efc:	b508      	push	{r3, lr}
 8007efe:	4613      	mov	r3, r2
  /* Start the next transfer */
  (void)USBD_LL_Transmit(pdev, 0x00U, pbuf, len);
 8007f00:	460a      	mov	r2, r1
 8007f02:	2100      	movs	r1, #0
 8007f04:	f7ff f998 	bl	8007238 <USBD_LL_Transmit>

  return USBD_OK;
}
 8007f08:	2000      	movs	r0, #0
 8007f0a:	bd08      	pop	{r3, pc}

08007f0c <USBD_CtlPrepareRx>:
  * @param  len: length of data to be received
  * @retval status
  */
USBD_StatusTypeDef USBD_CtlPrepareRx(USBD_HandleTypeDef *pdev,
                                     uint8_t *pbuf, uint32_t len)
{
 8007f0c:	b508      	push	{r3, lr}
 8007f0e:	4613      	mov	r3, r2
  /* Set EP0 State */
  pdev->ep0_state = USBD_EP0_DATA_OUT;
 8007f10:	2203      	movs	r2, #3
 8007f12:	f8c0 2294 	str.w	r2, [r0, #660]	@ 0x294
  pdev->ep_out[0].total_length = len;
 8007f16:	f8c0 3154 	str.w	r3, [r0, #340]	@ 0x154
  pdev->ep_out[0].pbuffer = pbuf;
 8007f1a:	f8c0 1164 	str.w	r1, [r0, #356]	@ 0x164

#ifdef USBD_AVOID_PACKET_SPLIT_MPS
  pdev->ep_out[0].rem_length = 0U;
#else
  pdev->ep_out[0].rem_length = len;
 8007f1e:	f8c0 3158 	str.w	r3, [r0, #344]	@ 0x158
#endif /* USBD_AVOID_PACKET_SPLIT_MPS */

  /* Start the transfer */
  (void)USBD_LL_PrepareReceive(pdev, 0U, pbuf, len);
 8007f22:	460a      	mov	r2, r1
 8007f24:	2100      	movs	r1, #0
 8007f26:	f7ff f98f 	bl	8007248 <USBD_LL_PrepareReceive>

  return USBD_OK;
}
 8007f2a:	2000      	movs	r0, #0
 8007f2c:	bd08      	pop	{r3, pc}

08007f2e <USBD_CtlContinueRx>:
  * @param  len: length of data to be received
  * @retval status
  */
USBD_StatusTypeDef USBD_CtlContinueRx(USBD_HandleTypeDef *pdev,
                                      uint8_t *pbuf, uint32_t len)
{
 8007f2e:	b508      	push	{r3, lr}
 8007f30:	4613      	mov	r3, r2
  (void)USBD_LL_PrepareReceive(pdev, 0U, pbuf, len);
 8007f32:	460a      	mov	r2, r1
 8007f34:	2100      	movs	r1, #0
 8007f36:	f7ff f987 	bl	8007248 <USBD_LL_PrepareReceive>

  return USBD_OK;
}
 8007f3a:	2000      	movs	r0, #0
 8007f3c:	bd08      	pop	{r3, pc}

08007f3e <USBD_CtlSendStatus>:
  *         send zero lzngth packet on the ctl pipe
  * @param  pdev: device instance
  * @retval status
  */
USBD_StatusTypeDef USBD_CtlSendStatus(USBD_HandleTypeDef *pdev)
{
 8007f3e:	b508      	push	{r3, lr}
  /* Set EP0 State */
  pdev->ep0_state = USBD_EP0_STATUS_IN;
 8007f40:	2204      	movs	r2, #4
 8007f42:	f8c0 2294 	str.w	r2, [r0, #660]	@ 0x294

  /* Start the transfer */
  (void)USBD_LL_Transmit(pdev, 0x00U, NULL, 0U);
 8007f46:	2300      	movs	r3, #0
 8007f48:	461a      	mov	r2, r3
 8007f4a:	4619      	mov	r1, r3
 8007f4c:	f7ff f974 	bl	8007238 <USBD_LL_Transmit>

  return USBD_OK;
}
 8007f50:	2000      	movs	r0, #0
 8007f52:	bd08      	pop	{r3, pc}

08007f54 <USBD_CtlReceiveStatus>:
  *         receive zero lzngth packet on the ctl pipe
  * @param  pdev: device instance
  * @retval status
  */
USBD_StatusTypeDef USBD_CtlReceiveStatus(USBD_HandleTypeDef *pdev)
{
 8007f54:	b508      	push	{r3, lr}
  /* Set EP0 State */
  pdev->ep0_state = USBD_EP0_STATUS_OUT;
 8007f56:	2205      	movs	r2, #5
 8007f58:	f8c0 2294 	str.w	r2, [r0, #660]	@ 0x294

  /* Start the transfer */
  (void)USBD_LL_PrepareReceive(pdev, 0U, NULL, 0U);
 8007f5c:	2300      	movs	r3, #0
 8007f5e:	461a      	mov	r2, r3
 8007f60:	4619      	mov	r1, r3
 8007f62:	f7ff f971 	bl	8007248 <USBD_LL_PrepareReceive>

  return USBD_OK;
}
 8007f66:	2000      	movs	r0, #0
 8007f68:	bd08      	pop	{r3, pc}
	...

08007f6c <Reset_Handler>:

    .section  .text.Reset_Handler
  .weak  Reset_Handler
  .type  Reset_Handler, %function
Reset_Handler:  
  ldr   sp, =_estack    		 /* set stack pointer */
 8007f6c:	f8df d034 	ldr.w	sp, [pc, #52]	@ 8007fa4 <LoopFillZerobss+0xe>

/* Call the clock system initialization function.*/
  bl  SystemInit   
 8007f70:	f7fd fbdc 	bl	800572c <SystemInit>

/* Copy the data segment initializers from flash to SRAM */  
  ldr r0, =_sdata
 8007f74:	480c      	ldr	r0, [pc, #48]	@ (8007fa8 <LoopFillZerobss+0x12>)
  ldr r1, =_edata
 8007f76:	490d      	ldr	r1, [pc, #52]	@ (8007fac <LoopFillZerobss+0x16>)
  ldr r2, =_sidata
 8007f78:	4a0d      	ldr	r2, [pc, #52]	@ (8007fb0 <LoopFillZerobss+0x1a>)
  movs r3, #0
 8007f7a:	2300      	movs	r3, #0
  b LoopCopyDataInit
 8007f7c:	e002      	b.n	8007f84 <LoopCopyDataInit>

08007f7e <CopyDataInit>:

CopyDataInit:
  ldr r4, [r2, r3]
 8007f7e:	58d4      	ldr	r4, [r2, r3]
  str r4, [r0, r3]
 8007f80:	50c4      	str	r4, [r0, r3]
  adds r3, r3, #4
 8007f82:	3304      	adds	r3, #4

08007f84 <LoopCopyDataInit>:

LoopCopyDataInit:
  adds r4, r0, r3
 8007f84:	18c4      	adds	r4, r0, r3
  cmp r4, r1
 8007f86:	428c      	cmp	r4, r1
  bcc CopyDataInit
 8007f88:	d3f9      	bcc.n	8007f7e <CopyDataInit>
  
/* Zero fill the bss segment. */
  ldr r2, =_sbss
 8007f8a:	4a0a      	ldr	r2, [pc, #40]	@ (8007fb4 <LoopFillZerobss+0x1e>)
  ldr r4, =_ebss
 8007f8c:	4c0a      	ldr	r4, [pc, #40]	@ (8007fb8 <LoopFillZerobss+0x22>)
  movs r3, #0
 8007f8e:	2300      	movs	r3, #0
  b LoopFillZerobss
 8007f90:	e001      	b.n	8007f96 <LoopFillZerobss>

08007f92 <FillZerobss>:

FillZerobss:
  str  r3, [r2]
 8007f92:	6013      	str	r3, [r2, #0]
  adds r2, r2, #4
 8007f94:	3204      	adds	r2, #4

08007f96 <LoopFillZerobss>:

LoopFillZerobss:
  cmp r2, r4
 8007f96:	42a2      	cmp	r2, r4
  bcc FillZerobss
 8007f98:	d3fb      	bcc.n	8007f92 <FillZerobss>

/* Call static constructors */
    bl __libc_init_array
 8007f9a:	f000 f841 	bl	8008020 <__libc_init_array>
/* Call the application's entry point.*/
  bl  main
 8007f9e:	f7f9 f887 	bl	80010b0 <main>
  bx  lr    
 8007fa2:	4770      	bx	lr
  ldr   sp, =_estack    		 /* set stack pointer */
 8007fa4:	20020000 	.word	0x20020000
  ldr r0, =_sdata
 8007fa8:	20000000 	.word	0x20000000
  ldr r1, =_edata
 8007fac:	2000014c 	.word	0x2000014c
  ldr r2, =_sidata
 8007fb0:	08008efc 	.word	0x08008efc
  ldr r2, =_sbss
 8007fb4:	2000014c 	.word	0x2000014c
  ldr r4, =_ebss
 8007fb8:	20006b78 	.word	0x20006b78

08007fbc <ADC_IRQHandler>:
 * @retval None       
*/
    .section  .text.Default_Handler,"ax",%progbits
Default_Handler:
Infinite_Loop:
  b  Infinite_Loop
 8007fbc:	e7fe      	b.n	8007fbc <ADC_IRQHandler>
	...

08007fc0 <siprintf>:
 8007fc0:	b40e      	push	{r1, r2, r3}
 8007fc2:	b510      	push	{r4, lr}
 8007fc4:	b09d      	sub	sp, #116	@ 0x74
 8007fc6:	ab1f      	add	r3, sp, #124	@ 0x7c
 8007fc8:	9002      	str	r0, [sp, #8]
 8007fca:	9006      	str	r0, [sp, #24]
 8007fcc:	f06f 4100 	mvn.w	r1, #2147483648	@ 0x80000000
 8007fd0:	480a      	ldr	r0, [pc, #40]	@ (8007ffc <siprintf+0x3c>)
 8007fd2:	9107      	str	r1, [sp, #28]
 8007fd4:	9104      	str	r1, [sp, #16]
 8007fd6:	490a      	ldr	r1, [pc, #40]	@ (8008000 <siprintf+0x40>)
 8007fd8:	f853 2b04 	ldr.w	r2, [r3], #4
 8007fdc:	9105      	str	r1, [sp, #20]
 8007fde:	2400      	movs	r4, #0
 8007fe0:	a902      	add	r1, sp, #8
 8007fe2:	6800      	ldr	r0, [r0, #0]
 8007fe4:	9301      	str	r3, [sp, #4]
 8007fe6:	941b      	str	r4, [sp, #108]	@ 0x6c
 8007fe8:	f000 f9a6 	bl	8008338 <_svfiprintf_r>
 8007fec:	9b02      	ldr	r3, [sp, #8]
 8007fee:	701c      	strb	r4, [r3, #0]
 8007ff0:	b01d      	add	sp, #116	@ 0x74
 8007ff2:	e8bd 4010 	ldmia.w	sp!, {r4, lr}
 8007ff6:	b003      	add	sp, #12
 8007ff8:	4770      	bx	lr
 8007ffa:	bf00      	nop
 8007ffc:	200000fc 	.word	0x200000fc
 8008000:	ffff0208 	.word	0xffff0208

08008004 <memset>:
 8008004:	4402      	add	r2, r0
 8008006:	4603      	mov	r3, r0
 8008008:	4293      	cmp	r3, r2
 800800a:	d100      	bne.n	800800e <memset+0xa>
 800800c:	4770      	bx	lr
 800800e:	f803 1b01 	strb.w	r1, [r3], #1
 8008012:	e7f9      	b.n	8008008 <memset+0x4>

08008014 <__errno>:
 8008014:	4b01      	ldr	r3, [pc, #4]	@ (800801c <__errno+0x8>)
 8008016:	6818      	ldr	r0, [r3, #0]
 8008018:	4770      	bx	lr
 800801a:	bf00      	nop
 800801c:	200000fc 	.word	0x200000fc

08008020 <__libc_init_array>:
 8008020:	b570      	push	{r4, r5, r6, lr}
 8008022:	4b0d      	ldr	r3, [pc, #52]	@ (8008058 <__libc_init_array+0x38>)
 8008024:	4d0d      	ldr	r5, [pc, #52]	@ (800805c <__libc_init_array+0x3c>)
 8008026:	1b5b      	subs	r3, r3, r5
 8008028:	109c      	asrs	r4, r3, #2
 800802a:	2600      	movs	r6, #0
 800802c:	42a6      	cmp	r6, r4
 800802e:	d109      	bne.n	8008044 <__libc_init_array+0x24>
 8008030:	f000 fde8 	bl	8008c04 <_init>
 8008034:	4d0a      	ldr	r5, [pc, #40]	@ (8008060 <__libc_init_array+0x40>)
 8008036:	4b0b      	ldr	r3, [pc, #44]	@ (8008064 <__libc_init_array+0x44>)
 8008038:	1b5b      	subs	r3, r3, r5
 800803a:	109c      	asrs	r4, r3, #2
 800803c:	2600      	movs	r6, #0
 800803e:	42a6      	cmp	r6, r4
 8008040:	d105      	bne.n	800804e <__libc_init_array+0x2e>
 8008042:	bd70      	pop	{r4, r5, r6, pc}
 8008044:	f855 3b04 	ldr.w	r3, [r5], #4
 8008048:	4798      	blx	r3
 800804a:	3601      	adds	r6, #1
 800804c:	e7ee      	b.n	800802c <__libc_init_array+0xc>
 800804e:	f855 3b04 	ldr.w	r3, [r5], #4
 8008052:	4798      	blx	r3
 8008054:	3601      	adds	r6, #1
 8008056:	e7f2      	b.n	800803e <__libc_init_array+0x1e>
 8008058:	08008ef4 	.word	0x08008ef4
 800805c:	08008ef4 	.word	0x08008ef4
 8008060:	08008ef4 	.word	0x08008ef4
 8008064:	08008ef8 	.word	0x08008ef8

08008068 <__retarget_lock_acquire_recursive>:
 8008068:	4770      	bx	lr

0800806a <__retarget_lock_release_recursive>:
 800806a:	4770      	bx	lr

0800806c <memcpy>:
 800806c:	440a      	add	r2, r1
 800806e:	4291      	cmp	r1, r2
 8008070:	f100 33ff 	add.w	r3, r0, #4294967295	@ 0xffffffff
 8008074:	d100      	bne.n	8008078 <memcpy+0xc>
 8008076:	4770      	bx	lr
 8008078:	b510      	push	{r4, lr}
 800807a:	f811 4b01 	ldrb.w	r4, [r1], #1
 800807e:	f803 4f01 	strb.w	r4, [r3, #1]!
 8008082:	4291      	cmp	r1, r2
 8008084:	d1f9      	bne.n	800807a <memcpy+0xe>
 8008086:	bd10      	pop	{r4, pc}

08008088 <_free_r>:
 8008088:	b538      	push	{r3, r4, r5, lr}
 800808a:	4605      	mov	r5, r0
 800808c:	2900      	cmp	r1, #0
 800808e:	d041      	beq.n	8008114 <_free_r+0x8c>
 8008090:	f851 3c04 	ldr.w	r3, [r1, #-4]
 8008094:	1f0c      	subs	r4, r1, #4
 8008096:	2b00      	cmp	r3, #0
 8008098:	bfb8      	it	lt
 800809a:	18e4      	addlt	r4, r4, r3
 800809c:	f000 f8e0 	bl	8008260 <__malloc_lock>
 80080a0:	4a1d      	ldr	r2, [pc, #116]	@ (8008118 <_free_r+0x90>)
 80080a2:	6813      	ldr	r3, [r2, #0]
 80080a4:	b933      	cbnz	r3, 80080b4 <_free_r+0x2c>
 80080a6:	6063      	str	r3, [r4, #4]
 80080a8:	6014      	str	r4, [r2, #0]
 80080aa:	4628      	mov	r0, r5
 80080ac:	e8bd 4038 	ldmia.w	sp!, {r3, r4, r5, lr}
 80080b0:	f000 b8dc 	b.w	800826c <__malloc_unlock>
 80080b4:	42a3      	cmp	r3, r4
 80080b6:	d908      	bls.n	80080ca <_free_r+0x42>
 80080b8:	6820      	ldr	r0, [r4, #0]
 80080ba:	1821      	adds	r1, r4, r0
 80080bc:	428b      	cmp	r3, r1
 80080be:	bf01      	itttt	eq
 80080c0:	6819      	ldreq	r1, [r3, #0]
 80080c2:	685b      	ldreq	r3, [r3, #4]
 80080c4:	1809      	addeq	r1, r1, r0
 80080c6:	6021      	streq	r1, [r4, #0]
 80080c8:	e7ed      	b.n	80080a6 <_free_r+0x1e>
 80080ca:	461a      	mov	r2, r3
 80080cc:	685b      	ldr	r3, [r3, #4]
 80080ce:	b10b      	cbz	r3, 80080d4 <_free_r+0x4c>
 80080d0:	42a3      	cmp	r3, r4
 80080d2:	d9fa      	bls.n	80080ca <_free_r+0x42>
 80080d4:	6811      	ldr	r1, [r2, #0]
 80080d6:	1850      	adds	r0, r2, r1
 80080d8:	42a0      	cmp	r0, r4
 80080da:	d10b      	bne.n	80080f4 <_free_r+0x6c>
 80080dc:	6820      	ldr	r0, [r4, #0]
 80080de:	4401      	add	r1, r0
 80080e0:	1850      	adds	r0, r2, r1
 80080e2:	4283      	cmp	r3, r0
 80080e4:	6011      	str	r1, [r2, #0]
 80080e6:	d1e0      	bne.n	80080aa <_free_r+0x22>
 80080e8:	6818      	ldr	r0, [r3, #0]
 80080ea:	685b      	ldr	r3, [r3, #4]
 80080ec:	6053      	str	r3, [r2, #4]
 80080ee:	4408      	add	r0, r1
 80080f0:	6010      	str	r0, [r2, #0]
 80080f2:	e7da      	b.n	80080aa <_free_r+0x22>
 80080f4:	d902      	bls.n	80080fc <_free_r+0x74>
 80080f6:	230c      	movs	r3, #12
 80080f8:	602b      	str	r3, [r5, #0]
 80080fa:	e7d6      	b.n	80080aa <_free_r+0x22>
 80080fc:	6820      	ldr	r0, [r4, #0]
 80080fe:	1821      	adds	r1, r4, r0
 8008100:	428b      	cmp	r3, r1
 8008102:	bf04      	itt	eq
 8008104:	6819      	ldreq	r1, [r3, #0]
 8008106:	685b      	ldreq	r3, [r3, #4]
 8008108:	6063      	str	r3, [r4, #4]
 800810a:	bf04      	itt	eq
 800810c:	1809      	addeq	r1, r1, r0
 800810e:	6021      	streq	r1, [r4, #0]
 8008110:	6054      	str	r4, [r2, #4]
 8008112:	e7ca      	b.n	80080aa <_free_r+0x22>
 8008114:	bd38      	pop	{r3, r4, r5, pc}
 8008116:	bf00      	nop
 8008118:	20006b74 	.word	0x20006b74

0800811c <sbrk_aligned>:
 800811c:	b570      	push	{r4, r5, r6, lr}
 800811e:	4e0f      	ldr	r6, [pc, #60]	@ (800815c <sbrk_aligned+0x40>)
 8008120:	460c      	mov	r4, r1
 8008122:	6831      	ldr	r1, [r6, #0]
 8008124:	4605      	mov	r5, r0
 8008126:	b911      	cbnz	r1, 800812e <sbrk_aligned+0x12>
 8008128:	f000 fbaa 	bl	8008880 <_sbrk_r>
 800812c:	6030      	str	r0, [r6, #0]
 800812e:	4621      	mov	r1, r4
 8008130:	4628      	mov	r0, r5
 8008132:	f000 fba5 	bl	8008880 <_sbrk_r>
 8008136:	1c43      	adds	r3, r0, #1
 8008138:	d103      	bne.n	8008142 <sbrk_aligned+0x26>
 800813a:	f04f 34ff 	mov.w	r4, #4294967295	@ 0xffffffff
 800813e:	4620      	mov	r0, r4
 8008140:	bd70      	pop	{r4, r5, r6, pc}
 8008142:	1cc4      	adds	r4, r0, #3
 8008144:	f024 0403 	bic.w	r4, r4, #3
 8008148:	42a0      	cmp	r0, r4
 800814a:	d0f8      	beq.n	800813e <sbrk_aligned+0x22>
 800814c:	1a21      	subs	r1, r4, r0
 800814e:	4628      	mov	r0, r5
 8008150:	f000 fb96 	bl	8008880 <_sbrk_r>
 8008154:	3001      	adds	r0, #1
 8008156:	d1f2      	bne.n	800813e <sbrk_aligned+0x22>
 8008158:	e7ef      	b.n	800813a <sbrk_aligned+0x1e>
 800815a:	bf00      	nop
 800815c:	20006b70 	.word	0x20006b70

08008160 <_malloc_r>:
 8008160:	e92d 43f8 	stmdb	sp!, {r3, r4, r5, r6, r7, r8, r9, lr}
 8008164:	1ccd      	adds	r5, r1, #3
 8008166:	f025 0503 	bic.w	r5, r5, #3
 800816a:	3508      	adds	r5, #8
 800816c:	2d0c      	cmp	r5, #12
 800816e:	bf38      	it	cc
 8008170:	250c      	movcc	r5, #12
 8008172:	2d00      	cmp	r5, #0
 8008174:	4606      	mov	r6, r0
 8008176:	db01      	blt.n	800817c <_malloc_r+0x1c>
 8008178:	42a9      	cmp	r1, r5
 800817a:	d904      	bls.n	8008186 <_malloc_r+0x26>
 800817c:	230c      	movs	r3, #12
 800817e:	6033      	str	r3, [r6, #0]
 8008180:	2000      	movs	r0, #0
 8008182:	e8bd 83f8 	ldmia.w	sp!, {r3, r4, r5, r6, r7, r8, r9, pc}
 8008186:	f8df 80d4 	ldr.w	r8, [pc, #212]	@ 800825c <_malloc_r+0xfc>
 800818a:	f000 f869 	bl	8008260 <__malloc_lock>
 800818e:	f8d8 3000 	ldr.w	r3, [r8]
 8008192:	461c      	mov	r4, r3
 8008194:	bb44      	cbnz	r4, 80081e8 <_malloc_r+0x88>
 8008196:	4629      	mov	r1, r5
 8008198:	4630      	mov	r0, r6
 800819a:	f7ff ffbf 	bl	800811c <sbrk_aligned>
 800819e:	1c43      	adds	r3, r0, #1
 80081a0:	4604      	mov	r4, r0
 80081a2:	d158      	bne.n	8008256 <_malloc_r+0xf6>
 80081a4:	f8d8 4000 	ldr.w	r4, [r8]
 80081a8:	4627      	mov	r7, r4
 80081aa:	2f00      	cmp	r7, #0
 80081ac:	d143      	bne.n	8008236 <_malloc_r+0xd6>
 80081ae:	2c00      	cmp	r4, #0
 80081b0:	d04b      	beq.n	800824a <_malloc_r+0xea>
 80081b2:	6823      	ldr	r3, [r4, #0]
 80081b4:	4639      	mov	r1, r7
 80081b6:	4630      	mov	r0, r6
 80081b8:	eb04 0903 	add.w	r9, r4, r3
 80081bc:	f000 fb60 	bl	8008880 <_sbrk_r>
 80081c0:	4581      	cmp	r9, r0
 80081c2:	d142      	bne.n	800824a <_malloc_r+0xea>
 80081c4:	6821      	ldr	r1, [r4, #0]
 80081c6:	1a6d      	subs	r5, r5, r1
 80081c8:	4629      	mov	r1, r5
 80081ca:	4630      	mov	r0, r6
 80081cc:	f7ff ffa6 	bl	800811c <sbrk_aligned>
 80081d0:	3001      	adds	r0, #1
 80081d2:	d03a      	beq.n	800824a <_malloc_r+0xea>
 80081d4:	6823      	ldr	r3, [r4, #0]
 80081d6:	442b      	add	r3, r5
 80081d8:	6023      	str	r3, [r4, #0]
 80081da:	f8d8 3000 	ldr.w	r3, [r8]
 80081de:	685a      	ldr	r2, [r3, #4]
 80081e0:	bb62      	cbnz	r2, 800823c <_malloc_r+0xdc>
 80081e2:	f8c8 7000 	str.w	r7, [r8]
 80081e6:	e00f      	b.n	8008208 <_malloc_r+0xa8>
 80081e8:	6822      	ldr	r2, [r4, #0]
 80081ea:	1b52      	subs	r2, r2, r5
 80081ec:	d420      	bmi.n	8008230 <_malloc_r+0xd0>
 80081ee:	2a0b      	cmp	r2, #11
 80081f0:	d917      	bls.n	8008222 <_malloc_r+0xc2>
 80081f2:	1961      	adds	r1, r4, r5
 80081f4:	42a3      	cmp	r3, r4
 80081f6:	6025      	str	r5, [r4, #0]
 80081f8:	bf18      	it	ne
 80081fa:	6059      	strne	r1, [r3, #4]
 80081fc:	6863      	ldr	r3, [r4, #4]
 80081fe:	bf08      	it	eq
 8008200:	f8c8 1000 	streq.w	r1, [r8]
 8008204:	5162      	str	r2, [r4, r5]
 8008206:	604b      	str	r3, [r1, #4]
 8008208:	4630      	mov	r0, r6
 800820a:	f000 f82f 	bl	800826c <__malloc_unlock>
 800820e:	f104 000b 	add.w	r0, r4, #11
 8008212:	1d23      	adds	r3, r4, #4
 8008214:	f020 0007 	bic.w	r0, r0, #7
 8008218:	1ac2      	subs	r2, r0, r3
 800821a:	bf1c      	itt	ne
 800821c:	1a1b      	subne	r3, r3, r0
 800821e:	50a3      	strne	r3, [r4, r2]
 8008220:	e7af      	b.n	8008182 <_malloc_r+0x22>
 8008222:	6862      	ldr	r2, [r4, #4]
 8008224:	42a3      	cmp	r3, r4
 8008226:	bf0c      	ite	eq
 8008228:	f8c8 2000 	streq.w	r2, [r8]
 800822c:	605a      	strne	r2, [r3, #4]
 800822e:	e7eb      	b.n	8008208 <_malloc_r+0xa8>
 8008230:	4623      	mov	r3, r4
 8008232:	6864      	ldr	r4, [r4, #4]
 8008234:	e7ae      	b.n	8008194 <_malloc_r+0x34>
 8008236:	463c      	mov	r4, r7
 8008238:	687f      	ldr	r7, [r7, #4]
 800823a:	e7b6      	b.n	80081aa <_malloc_r+0x4a>
 800823c:	461a      	mov	r2, r3
 800823e:	685b      	ldr	r3, [r3, #4]
 8008240:	42a3      	cmp	r3, r4
 8008242:	d1fb      	bne.n	800823c <_malloc_r+0xdc>
 8008244:	2300      	movs	r3, #0
 8008246:	6053      	str	r3, [r2, #4]
 8008248:	e7de      	b.n	8008208 <_malloc_r+0xa8>
 800824a:	230c      	movs	r3, #12
 800824c:	6033      	str	r3, [r6, #0]
 800824e:	4630      	mov	r0, r6
 8008250:	f000 f80c 	bl	800826c <__malloc_unlock>
 8008254:	e794      	b.n	8008180 <_malloc_r+0x20>
 8008256:	6005      	str	r5, [r0, #0]
 8008258:	e7d6      	b.n	8008208 <_malloc_r+0xa8>
 800825a:	bf00      	nop
 800825c:	20006b74 	.word	0x20006b74

08008260 <__malloc_lock>:
 8008260:	4801      	ldr	r0, [pc, #4]	@ (8008268 <__malloc_lock+0x8>)
 8008262:	f7ff bf01 	b.w	8008068 <__retarget_lock_acquire_recursive>
 8008266:	bf00      	nop
 8008268:	20006b6c 	.word	0x20006b6c

0800826c <__malloc_unlock>:
 800826c:	4801      	ldr	r0, [pc, #4]	@ (8008274 <__malloc_unlock+0x8>)
 800826e:	f7ff befc 	b.w	800806a <__retarget_lock_release_recursive>
 8008272:	bf00      	nop
 8008274:	20006b6c 	.word	0x20006b6c

08008278 <__ssputs_r>:
 8008278:	e92d 47f0 	stmdb	sp!, {r4, r5, r6, r7, r8, r9, sl, lr}
 800827c:	688e      	ldr	r6, [r1, #8]
 800827e:	461f      	mov	r7, r3
 8008280:	42be      	cmp	r6, r7
 8008282:	4682      	mov	sl, r0
 8008284:	460c      	mov	r4, r1
 8008286:	4690      	mov	r8, r2
 8008288:	4633      	mov	r3, r6
 800828a:	d853      	bhi.n	8008334 <__ssputs_r+0xbc>
 800828c:	f9b1 000c 	ldrsh.w	r0, [r1, #12]
 8008290:	f410 6f90 	tst.w	r0, #1152	@ 0x480
 8008294:	d02b      	beq.n	80082ee <__ssputs_r+0x76>
 8008296:	6965      	ldr	r5, [r4, #20]
 8008298:	6823      	ldr	r3, [r4, #0]
 800829a:	6909      	ldr	r1, [r1, #16]
 800829c:	eb05 0545 	add.w	r5, r5, r5, lsl #1
 80082a0:	eba3 0901 	sub.w	r9, r3, r1
 80082a4:	eb05 75d5 	add.w	r5, r5, r5, lsr #31
 80082a8:	1c7b      	adds	r3, r7, #1
 80082aa:	106d      	asrs	r5, r5, #1
 80082ac:	444b      	add	r3, r9
 80082ae:	42ab      	cmp	r3, r5
 80082b0:	462a      	mov	r2, r5
 80082b2:	bf84      	itt	hi
 80082b4:	461d      	movhi	r5, r3
 80082b6:	462a      	movhi	r2, r5
 80082b8:	0543      	lsls	r3, r0, #21
 80082ba:	d527      	bpl.n	800830c <__ssputs_r+0x94>
 80082bc:	4611      	mov	r1, r2
 80082be:	4650      	mov	r0, sl
 80082c0:	f7ff ff4e 	bl	8008160 <_malloc_r>
 80082c4:	4606      	mov	r6, r0
 80082c6:	b358      	cbz	r0, 8008320 <__ssputs_r+0xa8>
 80082c8:	6921      	ldr	r1, [r4, #16]
 80082ca:	464a      	mov	r2, r9
 80082cc:	f7ff fece 	bl	800806c <memcpy>
 80082d0:	89a3      	ldrh	r3, [r4, #12]
 80082d2:	f423 6390 	bic.w	r3, r3, #1152	@ 0x480
 80082d6:	f043 0380 	orr.w	r3, r3, #128	@ 0x80
 80082da:	81a3      	strh	r3, [r4, #12]
 80082dc:	6126      	str	r6, [r4, #16]
 80082de:	6165      	str	r5, [r4, #20]
 80082e0:	444e      	add	r6, r9
 80082e2:	eba5 0509 	sub.w	r5, r5, r9
 80082e6:	6026      	str	r6, [r4, #0]
 80082e8:	60a5      	str	r5, [r4, #8]
 80082ea:	463e      	mov	r6, r7
 80082ec:	463b      	mov	r3, r7
 80082ee:	461f      	mov	r7, r3
 80082f0:	6820      	ldr	r0, [r4, #0]
 80082f2:	463a      	mov	r2, r7
 80082f4:	4641      	mov	r1, r8
 80082f6:	f000 faa9 	bl	800884c <memmove>
 80082fa:	68a3      	ldr	r3, [r4, #8]
 80082fc:	1b9b      	subs	r3, r3, r6
 80082fe:	60a3      	str	r3, [r4, #8]
 8008300:	6823      	ldr	r3, [r4, #0]
 8008302:	443b      	add	r3, r7
 8008304:	6023      	str	r3, [r4, #0]
 8008306:	2000      	movs	r0, #0
 8008308:	e8bd 87f0 	ldmia.w	sp!, {r4, r5, r6, r7, r8, r9, sl, pc}
 800830c:	4650      	mov	r0, sl
 800830e:	f000 fac7 	bl	80088a0 <_realloc_r>
 8008312:	4606      	mov	r6, r0
 8008314:	2800      	cmp	r0, #0
 8008316:	d1e1      	bne.n	80082dc <__ssputs_r+0x64>
 8008318:	6921      	ldr	r1, [r4, #16]
 800831a:	4650      	mov	r0, sl
 800831c:	f7ff feb4 	bl	8008088 <_free_r>
 8008320:	230c      	movs	r3, #12
 8008322:	f8ca 3000 	str.w	r3, [sl]
 8008326:	89a3      	ldrh	r3, [r4, #12]
 8008328:	f043 0340 	orr.w	r3, r3, #64	@ 0x40
 800832c:	81a3      	strh	r3, [r4, #12]
 800832e:	f04f 30ff 	mov.w	r0, #4294967295	@ 0xffffffff
 8008332:	e7e9      	b.n	8008308 <__ssputs_r+0x90>
 8008334:	463e      	mov	r6, r7
 8008336:	e7db      	b.n	80082f0 <__ssputs_r+0x78>

08008338 <_svfiprintf_r>:
 8008338:	e92d 4ff0 	stmdb	sp!, {r4, r5, r6, r7, r8, r9, sl, fp, lr}
 800833c:	4698      	mov	r8, r3
 800833e:	898b      	ldrh	r3, [r1, #12]
 8008340:	061b      	lsls	r3, r3, #24
 8008342:	b09d      	sub	sp, #116	@ 0x74
 8008344:	4607      	mov	r7, r0
 8008346:	460d      	mov	r5, r1
 8008348:	4614      	mov	r4, r2
 800834a:	d510      	bpl.n	800836e <_svfiprintf_r+0x36>
 800834c:	690b      	ldr	r3, [r1, #16]
 800834e:	b973      	cbnz	r3, 800836e <_svfiprintf_r+0x36>
 8008350:	2140      	movs	r1, #64	@ 0x40
 8008352:	f7ff ff05 	bl	8008160 <_malloc_r>
 8008356:	6028      	str	r0, [r5, #0]
 8008358:	6128      	str	r0, [r5, #16]
 800835a:	b930      	cbnz	r0, 800836a <_svfiprintf_r+0x32>
 800835c:	230c      	movs	r3, #12
 800835e:	603b      	str	r3, [r7, #0]
 8008360:	f04f 30ff 	mov.w	r0, #4294967295	@ 0xffffffff
 8008364:	b01d      	add	sp, #116	@ 0x74
 8008366:	e8bd 8ff0 	ldmia.w	sp!, {r4, r5, r6, r7, r8, r9, sl, fp, pc}
 800836a:	2340      	movs	r3, #64	@ 0x40
 800836c:	616b      	str	r3, [r5, #20]
 800836e:	2300      	movs	r3, #0
 8008370:	9309      	str	r3, [sp, #36]	@ 0x24
 8008372:	2320      	movs	r3, #32
 8008374:	f88d 3029 	strb.w	r3, [sp, #41]	@ 0x29
 8008378:	f8cd 800c 	str.w	r8, [sp, #12]
 800837c:	2330      	movs	r3, #48	@ 0x30
 800837e:	f8df 819c 	ldr.w	r8, [pc, #412]	@ 800851c <_svfiprintf_r+0x1e4>
 8008382:	f88d 302a 	strb.w	r3, [sp, #42]	@ 0x2a
 8008386:	f04f 0901 	mov.w	r9, #1
 800838a:	4623      	mov	r3, r4
 800838c:	469a      	mov	sl, r3
 800838e:	f813 2b01 	ldrb.w	r2, [r3], #1
 8008392:	b10a      	cbz	r2, 8008398 <_svfiprintf_r+0x60>
 8008394:	2a25      	cmp	r2, #37	@ 0x25
 8008396:	d1f9      	bne.n	800838c <_svfiprintf_r+0x54>
 8008398:	ebba 0b04 	subs.w	fp, sl, r4
 800839c:	d00b      	beq.n	80083b6 <_svfiprintf_r+0x7e>
 800839e:	465b      	mov	r3, fp
 80083a0:	4622      	mov	r2, r4
 80083a2:	4629      	mov	r1, r5
 80083a4:	4638      	mov	r0, r7
 80083a6:	f7ff ff67 	bl	8008278 <__ssputs_r>
 80083aa:	3001      	adds	r0, #1
 80083ac:	f000 80a7 	beq.w	80084fe <_svfiprintf_r+0x1c6>
 80083b0:	9a09      	ldr	r2, [sp, #36]	@ 0x24
 80083b2:	445a      	add	r2, fp
 80083b4:	9209      	str	r2, [sp, #36]	@ 0x24
 80083b6:	f89a 3000 	ldrb.w	r3, [sl]
 80083ba:	2b00      	cmp	r3, #0
 80083bc:	f000 809f 	beq.w	80084fe <_svfiprintf_r+0x1c6>
 80083c0:	2300      	movs	r3, #0
 80083c2:	f04f 32ff 	mov.w	r2, #4294967295	@ 0xffffffff
 80083c6:	e9cd 2305 	strd	r2, r3, [sp, #20]
 80083ca:	f10a 0a01 	add.w	sl, sl, #1
 80083ce:	9304      	str	r3, [sp, #16]
 80083d0:	9307      	str	r3, [sp, #28]
 80083d2:	f88d 3053 	strb.w	r3, [sp, #83]	@ 0x53
 80083d6:	931a      	str	r3, [sp, #104]	@ 0x68
 80083d8:	4654      	mov	r4, sl
 80083da:	2205      	movs	r2, #5
 80083dc:	f814 1b01 	ldrb.w	r1, [r4], #1
 80083e0:	484e      	ldr	r0, [pc, #312]	@ (800851c <_svfiprintf_r+0x1e4>)
 80083e2:	f7f7 fedd 	bl	80001a0 <memchr>
 80083e6:	9a04      	ldr	r2, [sp, #16]
 80083e8:	b9d8      	cbnz	r0, 8008422 <_svfiprintf_r+0xea>
 80083ea:	06d0      	lsls	r0, r2, #27
 80083ec:	bf44      	itt	mi
 80083ee:	2320      	movmi	r3, #32
 80083f0:	f88d 3053 	strbmi.w	r3, [sp, #83]	@ 0x53
 80083f4:	0711      	lsls	r1, r2, #28
 80083f6:	bf44      	itt	mi
 80083f8:	232b      	movmi	r3, #43	@ 0x2b
 80083fa:	f88d 3053 	strbmi.w	r3, [sp, #83]	@ 0x53
 80083fe:	f89a 3000 	ldrb.w	r3, [sl]
 8008402:	2b2a      	cmp	r3, #42	@ 0x2a
 8008404:	d015      	beq.n	8008432 <_svfiprintf_r+0xfa>
 8008406:	9a07      	ldr	r2, [sp, #28]
 8008408:	4654      	mov	r4, sl
 800840a:	2000      	movs	r0, #0
 800840c:	f04f 0c0a 	mov.w	ip, #10
 8008410:	4621      	mov	r1, r4
 8008412:	f811 3b01 	ldrb.w	r3, [r1], #1
 8008416:	3b30      	subs	r3, #48	@ 0x30
 8008418:	2b09      	cmp	r3, #9
 800841a:	d94b      	bls.n	80084b4 <_svfiprintf_r+0x17c>
 800841c:	b1b0      	cbz	r0, 800844c <_svfiprintf_r+0x114>
 800841e:	9207      	str	r2, [sp, #28]
 8008420:	e014      	b.n	800844c <_svfiprintf_r+0x114>
 8008422:	eba0 0308 	sub.w	r3, r0, r8
 8008426:	fa09 f303 	lsl.w	r3, r9, r3
 800842a:	4313      	orrs	r3, r2
 800842c:	9304      	str	r3, [sp, #16]
 800842e:	46a2      	mov	sl, r4
 8008430:	e7d2      	b.n	80083d8 <_svfiprintf_r+0xa0>
 8008432:	9b03      	ldr	r3, [sp, #12]
 8008434:	1d19      	adds	r1, r3, #4
 8008436:	681b      	ldr	r3, [r3, #0]
 8008438:	9103      	str	r1, [sp, #12]
 800843a:	2b00      	cmp	r3, #0
 800843c:	bfbb      	ittet	lt
 800843e:	425b      	neglt	r3, r3
 8008440:	f042 0202 	orrlt.w	r2, r2, #2
 8008444:	9307      	strge	r3, [sp, #28]
 8008446:	9307      	strlt	r3, [sp, #28]
 8008448:	bfb8      	it	lt
 800844a:	9204      	strlt	r2, [sp, #16]
 800844c:	7823      	ldrb	r3, [r4, #0]
 800844e:	2b2e      	cmp	r3, #46	@ 0x2e
 8008450:	d10a      	bne.n	8008468 <_svfiprintf_r+0x130>
 8008452:	7863      	ldrb	r3, [r4, #1]
 8008454:	2b2a      	cmp	r3, #42	@ 0x2a
 8008456:	d132      	bne.n	80084be <_svfiprintf_r+0x186>
 8008458:	9b03      	ldr	r3, [sp, #12]
 800845a:	1d1a      	adds	r2, r3, #4
 800845c:	681b      	ldr	r3, [r3, #0]
 800845e:	9203      	str	r2, [sp, #12]
 8008460:	ea43 73e3 	orr.w	r3, r3, r3, asr #31
 8008464:	3402      	adds	r4, #2
 8008466:	9305      	str	r3, [sp, #20]
 8008468:	f8df a0c0 	ldr.w	sl, [pc, #192]	@ 800852c <_svfiprintf_r+0x1f4>
 800846c:	7821      	ldrb	r1, [r4, #0]
 800846e:	2203      	movs	r2, #3
 8008470:	4650      	mov	r0, sl
 8008472:	f7f7 fe95 	bl	80001a0 <memchr>
 8008476:	b138      	cbz	r0, 8008488 <_svfiprintf_r+0x150>
 8008478:	9b04      	ldr	r3, [sp, #16]
 800847a:	eba0 000a 	sub.w	r0, r0, sl
 800847e:	2240      	movs	r2, #64	@ 0x40
 8008480:	4082      	lsls	r2, r0
 8008482:	4313      	orrs	r3, r2
 8008484:	3401      	adds	r4, #1
 8008486:	9304      	str	r3, [sp, #16]
 8008488:	f814 1b01 	ldrb.w	r1, [r4], #1
 800848c:	4824      	ldr	r0, [pc, #144]	@ (8008520 <_svfiprintf_r+0x1e8>)
 800848e:	f88d 1028 	strb.w	r1, [sp, #40]	@ 0x28
 8008492:	2206      	movs	r2, #6
 8008494:	f7f7 fe84 	bl	80001a0 <memchr>
 8008498:	2800      	cmp	r0, #0
 800849a:	d036      	beq.n	800850a <_svfiprintf_r+0x1d2>
 800849c:	4b21      	ldr	r3, [pc, #132]	@ (8008524 <_svfiprintf_r+0x1ec>)
 800849e:	bb1b      	cbnz	r3, 80084e8 <_svfiprintf_r+0x1b0>
 80084a0:	9b03      	ldr	r3, [sp, #12]
 80084a2:	3307      	adds	r3, #7
 80084a4:	f023 0307 	bic.w	r3, r3, #7
 80084a8:	3308      	adds	r3, #8
 80084aa:	9303      	str	r3, [sp, #12]
 80084ac:	9b09      	ldr	r3, [sp, #36]	@ 0x24
 80084ae:	4433      	add	r3, r6
 80084b0:	9309      	str	r3, [sp, #36]	@ 0x24
 80084b2:	e76a      	b.n	800838a <_svfiprintf_r+0x52>
 80084b4:	fb0c 3202 	mla	r2, ip, r2, r3
 80084b8:	460c      	mov	r4, r1
 80084ba:	2001      	movs	r0, #1
 80084bc:	e7a8      	b.n	8008410 <_svfiprintf_r+0xd8>
 80084be:	2300      	movs	r3, #0
 80084c0:	3401      	adds	r4, #1
 80084c2:	9305      	str	r3, [sp, #20]
 80084c4:	4619      	mov	r1, r3
 80084c6:	f04f 0c0a 	mov.w	ip, #10
 80084ca:	4620      	mov	r0, r4
 80084cc:	f810 2b01 	ldrb.w	r2, [r0], #1
 80084d0:	3a30      	subs	r2, #48	@ 0x30
 80084d2:	2a09      	cmp	r2, #9
 80084d4:	d903      	bls.n	80084de <_svfiprintf_r+0x1a6>
 80084d6:	2b00      	cmp	r3, #0
 80084d8:	d0c6      	beq.n	8008468 <_svfiprintf_r+0x130>
 80084da:	9105      	str	r1, [sp, #20]
 80084dc:	e7c4      	b.n	8008468 <_svfiprintf_r+0x130>
 80084de:	fb0c 2101 	mla	r1, ip, r1, r2
 80084e2:	4604      	mov	r4, r0
 80084e4:	2301      	movs	r3, #1
 80084e6:	e7f0      	b.n	80084ca <_svfiprintf_r+0x192>
 80084e8:	ab03      	add	r3, sp, #12
 80084ea:	9300      	str	r3, [sp, #0]
 80084ec:	462a      	mov	r2, r5
 80084ee:	4b0e      	ldr	r3, [pc, #56]	@ (8008528 <_svfiprintf_r+0x1f0>)
 80084f0:	a904      	add	r1, sp, #16
 80084f2:	4638      	mov	r0, r7
 80084f4:	f3af 8000 	nop.w
 80084f8:	1c42      	adds	r2, r0, #1
 80084fa:	4606      	mov	r6, r0
 80084fc:	d1d6      	bne.n	80084ac <_svfiprintf_r+0x174>
 80084fe:	89ab      	ldrh	r3, [r5, #12]
 8008500:	065b      	lsls	r3, r3, #25
 8008502:	f53f af2d 	bmi.w	8008360 <_svfiprintf_r+0x28>
 8008506:	9809      	ldr	r0, [sp, #36]	@ 0x24
 8008508:	e72c      	b.n	8008364 <_svfiprintf_r+0x2c>
 800850a:	ab03      	add	r3, sp, #12
 800850c:	9300      	str	r3, [sp, #0]
 800850e:	462a      	mov	r2, r5
 8008510:	4b05      	ldr	r3, [pc, #20]	@ (8008528 <_svfiprintf_r+0x1f0>)
 8008512:	a904      	add	r1, sp, #16
 8008514:	4638      	mov	r0, r7
 8008516:	f000 f879 	bl	800860c <_printf_i>
 800851a:	e7ed      	b.n	80084f8 <_svfiprintf_r+0x1c0>
 800851c:	08008eb8 	.word	0x08008eb8
 8008520:	08008ec2 	.word	0x08008ec2
 8008524:	00000000 	.word	0x00000000
 8008528:	08008279 	.word	0x08008279
 800852c:	08008ebe 	.word	0x08008ebe

08008530 <_printf_common>:
 8008530:	e92d 47f0 	stmdb	sp!, {r4, r5, r6, r7, r8, r9, sl, lr}
 8008534:	4616      	mov	r6, r2
 8008536:	4698      	mov	r8, r3
 8008538:	688a      	ldr	r2, [r1, #8]
 800853a:	690b      	ldr	r3, [r1, #16]
 800853c:	f8dd 9020 	ldr.w	r9, [sp, #32]
 8008540:	4293      	cmp	r3, r2
 8008542:	bfb8      	it	lt
 8008544:	4613      	movlt	r3, r2
 8008546:	6033      	str	r3, [r6, #0]
 8008548:	f891 2043 	ldrb.w	r2, [r1, #67]	@ 0x43
 800854c:	4607      	mov	r7, r0
 800854e:	460c      	mov	r4, r1
 8008550:	b10a      	cbz	r2, 8008556 <_printf_common+0x26>
 8008552:	3301      	adds	r3, #1
 8008554:	6033      	str	r3, [r6, #0]
 8008556:	6823      	ldr	r3, [r4, #0]
 8008558:	0699      	lsls	r1, r3, #26
 800855a:	bf42      	ittt	mi
 800855c:	6833      	ldrmi	r3, [r6, #0]
 800855e:	3302      	addmi	r3, #2
 8008560:	6033      	strmi	r3, [r6, #0]
 8008562:	6825      	ldr	r5, [r4, #0]
 8008564:	f015 0506 	ands.w	r5, r5, #6
 8008568:	d106      	bne.n	8008578 <_printf_common+0x48>
 800856a:	f104 0a19 	add.w	sl, r4, #25
 800856e:	68e3      	ldr	r3, [r4, #12]
 8008570:	6832      	ldr	r2, [r6, #0]
 8008572:	1a9b      	subs	r3, r3, r2
 8008574:	42ab      	cmp	r3, r5
 8008576:	dc26      	bgt.n	80085c6 <_printf_common+0x96>
 8008578:	f894 3043 	ldrb.w	r3, [r4, #67]	@ 0x43
 800857c:	6822      	ldr	r2, [r4, #0]
 800857e:	3b00      	subs	r3, #0
 8008580:	bf18      	it	ne
 8008582:	2301      	movne	r3, #1
 8008584:	0692      	lsls	r2, r2, #26
 8008586:	d42b      	bmi.n	80085e0 <_printf_common+0xb0>
 8008588:	f104 0243 	add.w	r2, r4, #67	@ 0x43
 800858c:	4641      	mov	r1, r8
 800858e:	4638      	mov	r0, r7
 8008590:	47c8      	blx	r9
 8008592:	3001      	adds	r0, #1
 8008594:	d01e      	beq.n	80085d4 <_printf_common+0xa4>
 8008596:	6823      	ldr	r3, [r4, #0]
 8008598:	6922      	ldr	r2, [r4, #16]
 800859a:	f003 0306 	and.w	r3, r3, #6
 800859e:	2b04      	cmp	r3, #4
 80085a0:	bf02      	ittt	eq
 80085a2:	68e5      	ldreq	r5, [r4, #12]
 80085a4:	6833      	ldreq	r3, [r6, #0]
 80085a6:	1aed      	subeq	r5, r5, r3
 80085a8:	68a3      	ldr	r3, [r4, #8]
 80085aa:	bf0c      	ite	eq
 80085ac:	ea25 75e5 	biceq.w	r5, r5, r5, asr #31
 80085b0:	2500      	movne	r5, #0
 80085b2:	4293      	cmp	r3, r2
 80085b4:	bfc4      	itt	gt
 80085b6:	1a9b      	subgt	r3, r3, r2
 80085b8:	18ed      	addgt	r5, r5, r3
 80085ba:	2600      	movs	r6, #0
 80085bc:	341a      	adds	r4, #26
 80085be:	42b5      	cmp	r5, r6
 80085c0:	d11a      	bne.n	80085f8 <_printf_common+0xc8>
 80085c2:	2000      	movs	r0, #0
 80085c4:	e008      	b.n	80085d8 <_printf_common+0xa8>
 80085c6:	2301      	movs	r3, #1
 80085c8:	4652      	mov	r2, sl
 80085ca:	4641      	mov	r1, r8
 80085cc:	4638      	mov	r0, r7
 80085ce:	47c8      	blx	r9
 80085d0:	3001      	adds	r0, #1
 80085d2:	d103      	bne.n	80085dc <_printf_common+0xac>
 80085d4:	f04f 30ff 	mov.w	r0, #4294967295	@ 0xffffffff
 80085d8:	e8bd 87f0 	ldmia.w	sp!, {r4, r5, r6, r7, r8, r9, sl, pc}
 80085dc:	3501      	adds	r5, #1
 80085de:	e7c6      	b.n	800856e <_printf_common+0x3e>
 80085e0:	18e1      	adds	r1, r4, r3
 80085e2:	1c5a      	adds	r2, r3, #1
 80085e4:	2030      	movs	r0, #48	@ 0x30
 80085e6:	f881 0043 	strb.w	r0, [r1, #67]	@ 0x43
 80085ea:	4422      	add	r2, r4
 80085ec:	f894 1045 	ldrb.w	r1, [r4, #69]	@ 0x45
 80085f0:	f882 1043 	strb.w	r1, [r2, #67]	@ 0x43
 80085f4:	3302      	adds	r3, #2
 80085f6:	e7c7      	b.n	8008588 <_printf_common+0x58>
 80085f8:	2301      	movs	r3, #1
 80085fa:	4622      	mov	r2, r4
 80085fc:	4641      	mov	r1, r8
 80085fe:	4638      	mov	r0, r7
 8008600:	47c8      	blx	r9
 8008602:	3001      	adds	r0, #1
 8008604:	d0e6      	beq.n	80085d4 <_printf_common+0xa4>
 8008606:	3601      	adds	r6, #1
 8008608:	e7d9      	b.n	80085be <_printf_common+0x8e>
	...

0800860c <_printf_i>:
 800860c:	e92d 47ff 	stmdb	sp!, {r0, r1, r2, r3, r4, r5, r6, r7, r8, r9, sl, lr}
 8008610:	7e0f      	ldrb	r7, [r1, #24]
 8008612:	9e0c      	ldr	r6, [sp, #48]	@ 0x30
 8008614:	2f78      	cmp	r7, #120	@ 0x78
 8008616:	4691      	mov	r9, r2
 8008618:	4680      	mov	r8, r0
 800861a:	460c      	mov	r4, r1
 800861c:	469a      	mov	sl, r3
 800861e:	f101 0243 	add.w	r2, r1, #67	@ 0x43
 8008622:	d807      	bhi.n	8008634 <_printf_i+0x28>
 8008624:	2f62      	cmp	r7, #98	@ 0x62
 8008626:	d80a      	bhi.n	800863e <_printf_i+0x32>
 8008628:	2f00      	cmp	r7, #0
 800862a:	f000 80d2 	beq.w	80087d2 <_printf_i+0x1c6>
 800862e:	2f58      	cmp	r7, #88	@ 0x58
 8008630:	f000 80b7 	beq.w	80087a2 <_printf_i+0x196>
 8008634:	f104 0642 	add.w	r6, r4, #66	@ 0x42
 8008638:	f884 7042 	strb.w	r7, [r4, #66]	@ 0x42
 800863c:	e03a      	b.n	80086b4 <_printf_i+0xa8>
 800863e:	f1a7 0363 	sub.w	r3, r7, #99	@ 0x63
 8008642:	2b15      	cmp	r3, #21
 8008644:	d8f6      	bhi.n	8008634 <_printf_i+0x28>
 8008646:	a101      	add	r1, pc, #4	@ (adr r1, 800864c <_printf_i+0x40>)
 8008648:	f851 f023 	ldr.w	pc, [r1, r3, lsl #2]
 800864c:	080086a5 	.word	0x080086a5
 8008650:	080086b9 	.word	0x080086b9
 8008654:	08008635 	.word	0x08008635
 8008658:	08008635 	.word	0x08008635
 800865c:	08008635 	.word	0x08008635
 8008660:	08008635 	.word	0x08008635
 8008664:	080086b9 	.word	0x080086b9
 8008668:	08008635 	.word	0x08008635
 800866c:	08008635 	.word	0x08008635
 8008670:	08008635 	.word	0x08008635
 8008674:	08008635 	.word	0x08008635
 8008678:	080087b9 	.word	0x080087b9
 800867c:	080086e3 	.word	0x080086e3
 8008680:	0800876f 	.word	0x0800876f
 8008684:	08008635 	.word	0x08008635
 8008688:	08008635 	.word	0x08008635
 800868c:	080087db 	.word	0x080087db
 8008690:	08008635 	.word	0x08008635
 8008694:	080086e3 	.word	0x080086e3
 8008698:	08008635 	.word	0x08008635
 800869c:	08008635 	.word	0x08008635
 80086a0:	08008777 	.word	0x08008777
 80086a4:	6833      	ldr	r3, [r6, #0]
 80086a6:	1d1a      	adds	r2, r3, #4
 80086a8:	681b      	ldr	r3, [r3, #0]
 80086aa:	6032      	str	r2, [r6, #0]
 80086ac:	f104 0642 	add.w	r6, r4, #66	@ 0x42
 80086b0:	f884 3042 	strb.w	r3, [r4, #66]	@ 0x42
 80086b4:	2301      	movs	r3, #1
 80086b6:	e09d      	b.n	80087f4 <_printf_i+0x1e8>
 80086b8:	6833      	ldr	r3, [r6, #0]
 80086ba:	6820      	ldr	r0, [r4, #0]
 80086bc:	1d19      	adds	r1, r3, #4
 80086be:	6031      	str	r1, [r6, #0]
 80086c0:	0606      	lsls	r6, r0, #24
 80086c2:	d501      	bpl.n	80086c8 <_printf_i+0xbc>
 80086c4:	681d      	ldr	r5, [r3, #0]
 80086c6:	e003      	b.n	80086d0 <_printf_i+0xc4>
 80086c8:	0645      	lsls	r5, r0, #25
 80086ca:	d5fb      	bpl.n	80086c4 <_printf_i+0xb8>
 80086cc:	f9b3 5000 	ldrsh.w	r5, [r3]
 80086d0:	2d00      	cmp	r5, #0
 80086d2:	da03      	bge.n	80086dc <_printf_i+0xd0>
 80086d4:	232d      	movs	r3, #45	@ 0x2d
 80086d6:	426d      	negs	r5, r5
 80086d8:	f884 3043 	strb.w	r3, [r4, #67]	@ 0x43
 80086dc:	4859      	ldr	r0, [pc, #356]	@ (8008844 <_printf_i+0x238>)
 80086de:	230a      	movs	r3, #10
 80086e0:	e010      	b.n	8008704 <_printf_i+0xf8>
 80086e2:	6821      	ldr	r1, [r4, #0]
 80086e4:	6833      	ldr	r3, [r6, #0]
 80086e6:	0608      	lsls	r0, r1, #24
 80086e8:	f853 5b04 	ldr.w	r5, [r3], #4
 80086ec:	d402      	bmi.n	80086f4 <_printf_i+0xe8>
 80086ee:	0649      	lsls	r1, r1, #25
 80086f0:	bf48      	it	mi
 80086f2:	b2ad      	uxthmi	r5, r5
 80086f4:	2f6f      	cmp	r7, #111	@ 0x6f
 80086f6:	4853      	ldr	r0, [pc, #332]	@ (8008844 <_printf_i+0x238>)
 80086f8:	6033      	str	r3, [r6, #0]
 80086fa:	d159      	bne.n	80087b0 <_printf_i+0x1a4>
 80086fc:	2308      	movs	r3, #8
 80086fe:	2100      	movs	r1, #0
 8008700:	f884 1043 	strb.w	r1, [r4, #67]	@ 0x43
 8008704:	6866      	ldr	r6, [r4, #4]
 8008706:	60a6      	str	r6, [r4, #8]
 8008708:	2e00      	cmp	r6, #0
 800870a:	db05      	blt.n	8008718 <_printf_i+0x10c>
 800870c:	6821      	ldr	r1, [r4, #0]
 800870e:	432e      	orrs	r6, r5
 8008710:	f021 0104 	bic.w	r1, r1, #4
 8008714:	6021      	str	r1, [r4, #0]
 8008716:	d04d      	beq.n	80087b4 <_printf_i+0x1a8>
 8008718:	4616      	mov	r6, r2
 800871a:	fbb5 f1f3 	udiv	r1, r5, r3
 800871e:	fb03 5711 	mls	r7, r3, r1, r5
 8008722:	5dc7      	ldrb	r7, [r0, r7]
 8008724:	f806 7d01 	strb.w	r7, [r6, #-1]!
 8008728:	462f      	mov	r7, r5
 800872a:	42bb      	cmp	r3, r7
 800872c:	460d      	mov	r5, r1
 800872e:	d9f4      	bls.n	800871a <_printf_i+0x10e>
 8008730:	2b08      	cmp	r3, #8
 8008732:	d10b      	bne.n	800874c <_printf_i+0x140>
 8008734:	6823      	ldr	r3, [r4, #0]
 8008736:	07df      	lsls	r7, r3, #31
 8008738:	d508      	bpl.n	800874c <_printf_i+0x140>
 800873a:	6923      	ldr	r3, [r4, #16]
 800873c:	6861      	ldr	r1, [r4, #4]
 800873e:	4299      	cmp	r1, r3
 8008740:	bfde      	ittt	le
 8008742:	2330      	movle	r3, #48	@ 0x30
 8008744:	f806 3c01 	strble.w	r3, [r6, #-1]
 8008748:	f106 36ff 	addle.w	r6, r6, #4294967295	@ 0xffffffff
 800874c:	1b92      	subs	r2, r2, r6
 800874e:	6122      	str	r2, [r4, #16]
 8008750:	f8cd a000 	str.w	sl, [sp]
 8008754:	464b      	mov	r3, r9
 8008756:	aa03      	add	r2, sp, #12
 8008758:	4621      	mov	r1, r4
 800875a:	4640      	mov	r0, r8
 800875c:	f7ff fee8 	bl	8008530 <_printf_common>
 8008760:	3001      	adds	r0, #1
 8008762:	d14c      	bne.n	80087fe <_printf_i+0x1f2>
 8008764:	f04f 30ff 	mov.w	r0, #4294967295	@ 0xffffffff
 8008768:	b004      	add	sp, #16
 800876a:	e8bd 87f0 	ldmia.w	sp!, {r4, r5, r6, r7, r8, r9, sl, pc}
 800876e:	6823      	ldr	r3, [r4, #0]
 8008770:	f043 0320 	orr.w	r3, r3, #32
 8008774:	6023      	str	r3, [r4, #0]
 8008776:	4834      	ldr	r0, [pc, #208]	@ (8008848 <_printf_i+0x23c>)
 8008778:	2778      	movs	r7, #120	@ 0x78
 800877a:	f884 7045 	strb.w	r7, [r4, #69]	@ 0x45
 800877e:	6823      	ldr	r3, [r4, #0]
 8008780:	6831      	ldr	r1, [r6, #0]
 8008782:	061f      	lsls	r7, r3, #24
 8008784:	f851 5b04 	ldr.w	r5, [r1], #4
 8008788:	d402      	bmi.n	8008790 <_printf_i+0x184>
 800878a:	065f      	lsls	r7, r3, #25
 800878c:	bf48      	it	mi
 800878e:	b2ad      	uxthmi	r5, r5
 8008790:	6031      	str	r1, [r6, #0]
 8008792:	07d9      	lsls	r1, r3, #31
 8008794:	bf44      	itt	mi
 8008796:	f043 0320 	orrmi.w	r3, r3, #32
 800879a:	6023      	strmi	r3, [r4, #0]
 800879c:	b11d      	cbz	r5, 80087a6 <_printf_i+0x19a>
 800879e:	2310      	movs	r3, #16
 80087a0:	e7ad      	b.n	80086fe <_printf_i+0xf2>
 80087a2:	4828      	ldr	r0, [pc, #160]	@ (8008844 <_printf_i+0x238>)
 80087a4:	e7e9      	b.n	800877a <_printf_i+0x16e>
 80087a6:	6823      	ldr	r3, [r4, #0]
 80087a8:	f023 0320 	bic.w	r3, r3, #32
 80087ac:	6023      	str	r3, [r4, #0]
 80087ae:	e7f6      	b.n	800879e <_printf_i+0x192>
 80087b0:	230a      	movs	r3, #10
 80087b2:	e7a4      	b.n	80086fe <_printf_i+0xf2>
 80087b4:	4616      	mov	r6, r2
 80087b6:	e7bb      	b.n	8008730 <_printf_i+0x124>
 80087b8:	6833      	ldr	r3, [r6, #0]
 80087ba:	6825      	ldr	r5, [r4, #0]
 80087bc:	6961      	ldr	r1, [r4, #20]
 80087be:	1d18      	adds	r0, r3, #4
 80087c0:	6030      	str	r0, [r6, #0]
 80087c2:	062e      	lsls	r6, r5, #24
 80087c4:	681b      	ldr	r3, [r3, #0]
 80087c6:	d501      	bpl.n	80087cc <_printf_i+0x1c0>
 80087c8:	6019      	str	r1, [r3, #0]
 80087ca:	e002      	b.n	80087d2 <_printf_i+0x1c6>
 80087cc:	0668      	lsls	r0, r5, #25
 80087ce:	d5fb      	bpl.n	80087c8 <_printf_i+0x1bc>
 80087d0:	8019      	strh	r1, [r3, #0]
 80087d2:	2300      	movs	r3, #0
 80087d4:	6123      	str	r3, [r4, #16]
 80087d6:	4616      	mov	r6, r2
 80087d8:	e7ba      	b.n	8008750 <_printf_i+0x144>
 80087da:	6833      	ldr	r3, [r6, #0]
 80087dc:	1d1a      	adds	r2, r3, #4
 80087de:	6032      	str	r2, [r6, #0]
 80087e0:	681e      	ldr	r6, [r3, #0]
 80087e2:	6862      	ldr	r2, [r4, #4]
 80087e4:	2100      	movs	r1, #0
 80087e6:	4630      	mov	r0, r6
 80087e8:	f7f7 fcda 	bl	80001a0 <memchr>
 80087ec:	b108      	cbz	r0, 80087f2 <_printf_i+0x1e6>
 80087ee:	1b80      	subs	r0, r0, r6
 80087f0:	6060      	str	r0, [r4, #4]
 80087f2:	6863      	ldr	r3, [r4, #4]
 80087f4:	6123      	str	r3, [r4, #16]
 80087f6:	2300      	movs	r3, #0
 80087f8:	f884 3043 	strb.w	r3, [r4, #67]	@ 0x43
 80087fc:	e7a8      	b.n	8008750 <_printf_i+0x144>
 80087fe:	6923      	ldr	r3, [r4, #16]
 8008800:	4632      	mov	r2, r6
 8008802:	4649      	mov	r1, r9
 8008804:	4640      	mov	r0, r8
 8008806:	47d0      	blx	sl
 8008808:	3001      	adds	r0, #1
 800880a:	d0ab      	beq.n	8008764 <_printf_i+0x158>
 800880c:	6823      	ldr	r3, [r4, #0]
 800880e:	079b      	lsls	r3, r3, #30
 8008810:	d413      	bmi.n	800883a <_printf_i+0x22e>
 8008812:	68e0      	ldr	r0, [r4, #12]
 8008814:	9b03      	ldr	r3, [sp, #12]
 8008816:	4298      	cmp	r0, r3
 8008818:	bfb8      	it	lt
 800881a:	4618      	movlt	r0, r3
 800881c:	e7a4      	b.n	8008768 <_printf_i+0x15c>
 800881e:	2301      	movs	r3, #1
 8008820:	4632      	mov	r2, r6
 8008822:	4649      	mov	r1, r9
 8008824:	4640      	mov	r0, r8
 8008826:	47d0      	blx	sl
 8008828:	3001      	adds	r0, #1
 800882a:	d09b      	beq.n	8008764 <_printf_i+0x158>
 800882c:	3501      	adds	r5, #1
 800882e:	68e3      	ldr	r3, [r4, #12]
 8008830:	9903      	ldr	r1, [sp, #12]
 8008832:	1a5b      	subs	r3, r3, r1
 8008834:	42ab      	cmp	r3, r5
 8008836:	dcf2      	bgt.n	800881e <_printf_i+0x212>
 8008838:	e7eb      	b.n	8008812 <_printf_i+0x206>
 800883a:	2500      	movs	r5, #0
 800883c:	f104 0619 	add.w	r6, r4, #25
 8008840:	e7f5      	b.n	800882e <_printf_i+0x222>
 8008842:	bf00      	nop
 8008844:	08008ec9 	.word	0x08008ec9
 8008848:	08008eda 	.word	0x08008eda

0800884c <memmove>:
 800884c:	4288      	cmp	r0, r1
 800884e:	b510      	push	{r4, lr}
 8008850:	eb01 0402 	add.w	r4, r1, r2
 8008854:	d902      	bls.n	800885c <memmove+0x10>
 8008856:	4284      	cmp	r4, r0
 8008858:	4623      	mov	r3, r4
 800885a:	d807      	bhi.n	800886c <memmove+0x20>
 800885c:	1e43      	subs	r3, r0, #1
 800885e:	42a1      	cmp	r1, r4
 8008860:	d007      	beq.n	8008872 <memmove+0x26>
 8008862:	f811 2b01 	ldrb.w	r2, [r1], #1
 8008866:	f803 2f01 	strb.w	r2, [r3, #1]!
 800886a:	e7f8      	b.n	800885e <memmove+0x12>
 800886c:	4402      	add	r2, r0
 800886e:	4282      	cmp	r2, r0
 8008870:	d100      	bne.n	8008874 <memmove+0x28>
 8008872:	bd10      	pop	{r4, pc}
 8008874:	f813 1d01 	ldrb.w	r1, [r3, #-1]!
 8008878:	f802 1d01 	strb.w	r1, [r2, #-1]!
 800887c:	e7f7      	b.n	800886e <memmove+0x22>
	...

08008880 <_sbrk_r>:
 8008880:	b538      	push	{r3, r4, r5, lr}
 8008882:	4d06      	ldr	r5, [pc, #24]	@ (800889c <_sbrk_r+0x1c>)
 8008884:	2300      	movs	r3, #0
 8008886:	4604      	mov	r4, r0
 8008888:	4608      	mov	r0, r1
 800888a:	602b      	str	r3, [r5, #0]
 800888c:	f7fc ff2a 	bl	80056e4 <_sbrk>
 8008890:	1c43      	adds	r3, r0, #1
 8008892:	d102      	bne.n	800889a <_sbrk_r+0x1a>
 8008894:	682b      	ldr	r3, [r5, #0]
 8008896:	b103      	cbz	r3, 800889a <_sbrk_r+0x1a>
 8008898:	6023      	str	r3, [r4, #0]
 800889a:	bd38      	pop	{r3, r4, r5, pc}
 800889c:	20006b68 	.word	0x20006b68

080088a0 <_realloc_r>:
 80088a0:	e92d 41f0 	stmdb	sp!, {r4, r5, r6, r7, r8, lr}
 80088a4:	4607      	mov	r7, r0
 80088a6:	4614      	mov	r4, r2
 80088a8:	460d      	mov	r5, r1
 80088aa:	b921      	cbnz	r1, 80088b6 <_realloc_r+0x16>
 80088ac:	e8bd 41f0 	ldmia.w	sp!, {r4, r5, r6, r7, r8, lr}
 80088b0:	4611      	mov	r1, r2
 80088b2:	f7ff bc55 	b.w	8008160 <_malloc_r>
 80088b6:	b92a      	cbnz	r2, 80088c4 <_realloc_r+0x24>
 80088b8:	f7ff fbe6 	bl	8008088 <_free_r>
 80088bc:	4625      	mov	r5, r4
 80088be:	4628      	mov	r0, r5
 80088c0:	e8bd 81f0 	ldmia.w	sp!, {r4, r5, r6, r7, r8, pc}
 80088c4:	f000 f81a 	bl	80088fc <_malloc_usable_size_r>
 80088c8:	4284      	cmp	r4, r0
 80088ca:	4606      	mov	r6, r0
 80088cc:	d802      	bhi.n	80088d4 <_realloc_r+0x34>
 80088ce:	ebb4 0f50 	cmp.w	r4, r0, lsr #1
 80088d2:	d8f4      	bhi.n	80088be <_realloc_r+0x1e>
 80088d4:	4621      	mov	r1, r4
 80088d6:	4638      	mov	r0, r7
 80088d8:	f7ff fc42 	bl	8008160 <_malloc_r>
 80088dc:	4680      	mov	r8, r0
 80088de:	b908      	cbnz	r0, 80088e4 <_realloc_r+0x44>
 80088e0:	4645      	mov	r5, r8
 80088e2:	e7ec      	b.n	80088be <_realloc_r+0x1e>
 80088e4:	42b4      	cmp	r4, r6
 80088e6:	4622      	mov	r2, r4
 80088e8:	4629      	mov	r1, r5
 80088ea:	bf28      	it	cs
 80088ec:	4632      	movcs	r2, r6
 80088ee:	f7ff fbbd 	bl	800806c <memcpy>
 80088f2:	4629      	mov	r1, r5
 80088f4:	4638      	mov	r0, r7
 80088f6:	f7ff fbc7 	bl	8008088 <_free_r>
 80088fa:	e7f1      	b.n	80088e0 <_realloc_r+0x40>

080088fc <_malloc_usable_size_r>:
 80088fc:	f851 3c04 	ldr.w	r3, [r1, #-4]
 8008900:	1f18      	subs	r0, r3, #4
 8008902:	2b00      	cmp	r3, #0
 8008904:	bfbc      	itt	lt
 8008906:	580b      	ldrlt	r3, [r1, r0]
 8008908:	18c0      	addlt	r0, r0, r3
 800890a:	4770      	bx	lr

0800890c <__udivmoddi4>:
 800890c:	e92d 47f0 	stmdb	sp!, {r4, r5, r6, r7, r8, r9, sl, lr}
 8008910:	9d08      	ldr	r5, [sp, #32]
 8008912:	460f      	mov	r7, r1
 8008914:	4604      	mov	r4, r0
 8008916:	468c      	mov	ip, r1
 8008918:	2b00      	cmp	r3, #0
 800891a:	d148      	bne.n	80089ae <__udivmoddi4+0xa2>
 800891c:	428a      	cmp	r2, r1
 800891e:	4616      	mov	r6, r2
 8008920:	d961      	bls.n	80089e6 <__udivmoddi4+0xda>
 8008922:	fab2 f382 	clz	r3, r2
 8008926:	b14b      	cbz	r3, 800893c <__udivmoddi4+0x30>
 8008928:	f1c3 0220 	rsb	r2, r3, #32
 800892c:	fa01 fc03 	lsl.w	ip, r1, r3
 8008930:	fa20 f202 	lsr.w	r2, r0, r2
 8008934:	409e      	lsls	r6, r3
 8008936:	ea42 0c0c 	orr.w	ip, r2, ip
 800893a:	409c      	lsls	r4, r3
 800893c:	ea4f 4e16 	mov.w	lr, r6, lsr #16
 8008940:	b2b7      	uxth	r7, r6
 8008942:	fbbc f1fe 	udiv	r1, ip, lr
 8008946:	0c22      	lsrs	r2, r4, #16
 8008948:	fb0e cc11 	mls	ip, lr, r1, ip
 800894c:	ea42 420c 	orr.w	r2, r2, ip, lsl #16
 8008950:	fb01 f007 	mul.w	r0, r1, r7
 8008954:	4290      	cmp	r0, r2
 8008956:	d909      	bls.n	800896c <__udivmoddi4+0x60>
 8008958:	18b2      	adds	r2, r6, r2
 800895a:	f101 3cff 	add.w	ip, r1, #4294967295	@ 0xffffffff
 800895e:	f080 80ee 	bcs.w	8008b3e <__udivmoddi4+0x232>
 8008962:	4290      	cmp	r0, r2
 8008964:	f240 80eb 	bls.w	8008b3e <__udivmoddi4+0x232>
 8008968:	3902      	subs	r1, #2
 800896a:	4432      	add	r2, r6
 800896c:	1a12      	subs	r2, r2, r0
 800896e:	b2a4      	uxth	r4, r4
 8008970:	fbb2 f0fe 	udiv	r0, r2, lr
 8008974:	fb0e 2210 	mls	r2, lr, r0, r2
 8008978:	ea44 4402 	orr.w	r4, r4, r2, lsl #16
 800897c:	fb00 f707 	mul.w	r7, r0, r7
 8008980:	42a7      	cmp	r7, r4
 8008982:	d909      	bls.n	8008998 <__udivmoddi4+0x8c>
 8008984:	1934      	adds	r4, r6, r4
 8008986:	f100 32ff 	add.w	r2, r0, #4294967295	@ 0xffffffff
 800898a:	f080 80da 	bcs.w	8008b42 <__udivmoddi4+0x236>
 800898e:	42a7      	cmp	r7, r4
 8008990:	f240 80d7 	bls.w	8008b42 <__udivmoddi4+0x236>
 8008994:	4434      	add	r4, r6
 8008996:	3802      	subs	r0, #2
 8008998:	ea40 4001 	orr.w	r0, r0, r1, lsl #16
 800899c:	1be4      	subs	r4, r4, r7
 800899e:	2100      	movs	r1, #0
 80089a0:	b11d      	cbz	r5, 80089aa <__udivmoddi4+0x9e>
 80089a2:	40dc      	lsrs	r4, r3
 80089a4:	2300      	movs	r3, #0
 80089a6:	e9c5 4300 	strd	r4, r3, [r5]
 80089aa:	e8bd 87f0 	ldmia.w	sp!, {r4, r5, r6, r7, r8, r9, sl, pc}
 80089ae:	428b      	cmp	r3, r1
 80089b0:	d906      	bls.n	80089c0 <__udivmoddi4+0xb4>
 80089b2:	b10d      	cbz	r5, 80089b8 <__udivmoddi4+0xac>
 80089b4:	e9c5 0100 	strd	r0, r1, [r5]
 80089b8:	2100      	movs	r1, #0
 80089ba:	4608      	mov	r0, r1
 80089bc:	e8bd 87f0 	ldmia.w	sp!, {r4, r5, r6, r7, r8, r9, sl, pc}
 80089c0:	fab3 f183 	clz	r1, r3
 80089c4:	2900      	cmp	r1, #0
 80089c6:	d148      	bne.n	8008a5a <__udivmoddi4+0x14e>
 80089c8:	42bb      	cmp	r3, r7
 80089ca:	d302      	bcc.n	80089d2 <__udivmoddi4+0xc6>
 80089cc:	4282      	cmp	r2, r0
 80089ce:	f200 8107 	bhi.w	8008be0 <__udivmoddi4+0x2d4>
 80089d2:	1a84      	subs	r4, r0, r2
 80089d4:	eb67 0203 	sbc.w	r2, r7, r3
 80089d8:	2001      	movs	r0, #1
 80089da:	4694      	mov	ip, r2
 80089dc:	2d00      	cmp	r5, #0
 80089de:	d0e4      	beq.n	80089aa <__udivmoddi4+0x9e>
 80089e0:	e9c5 4c00 	strd	r4, ip, [r5]
 80089e4:	e7e1      	b.n	80089aa <__udivmoddi4+0x9e>
 80089e6:	2a00      	cmp	r2, #0
 80089e8:	f000 8092 	beq.w	8008b10 <__udivmoddi4+0x204>
 80089ec:	fab2 f382 	clz	r3, r2
 80089f0:	2b00      	cmp	r3, #0
 80089f2:	f040 80a8 	bne.w	8008b46 <__udivmoddi4+0x23a>
 80089f6:	1a8a      	subs	r2, r1, r2
 80089f8:	ea4f 4e16 	mov.w	lr, r6, lsr #16
 80089fc:	fa1f fc86 	uxth.w	ip, r6
 8008a00:	2101      	movs	r1, #1
 8008a02:	0c20      	lsrs	r0, r4, #16
 8008a04:	fbb2 f7fe 	udiv	r7, r2, lr
 8008a08:	fb0e 2217 	mls	r2, lr, r7, r2
 8008a0c:	ea40 4202 	orr.w	r2, r0, r2, lsl #16
 8008a10:	fb0c f007 	mul.w	r0, ip, r7
 8008a14:	4290      	cmp	r0, r2
 8008a16:	d907      	bls.n	8008a28 <__udivmoddi4+0x11c>
 8008a18:	18b2      	adds	r2, r6, r2
 8008a1a:	f107 38ff 	add.w	r8, r7, #4294967295	@ 0xffffffff
 8008a1e:	d202      	bcs.n	8008a26 <__udivmoddi4+0x11a>
 8008a20:	4290      	cmp	r0, r2
 8008a22:	f200 80e2 	bhi.w	8008bea <__udivmoddi4+0x2de>
 8008a26:	4647      	mov	r7, r8
 8008a28:	1a12      	subs	r2, r2, r0
 8008a2a:	b2a4      	uxth	r4, r4
 8008a2c:	fbb2 f0fe 	udiv	r0, r2, lr
 8008a30:	fb0e 2210 	mls	r2, lr, r0, r2
 8008a34:	ea44 4402 	orr.w	r4, r4, r2, lsl #16
 8008a38:	fb0c fc00 	mul.w	ip, ip, r0
 8008a3c:	45a4      	cmp	ip, r4
 8008a3e:	d907      	bls.n	8008a50 <__udivmoddi4+0x144>
 8008a40:	1934      	adds	r4, r6, r4
 8008a42:	f100 32ff 	add.w	r2, r0, #4294967295	@ 0xffffffff
 8008a46:	d202      	bcs.n	8008a4e <__udivmoddi4+0x142>
 8008a48:	45a4      	cmp	ip, r4
 8008a4a:	f200 80cb 	bhi.w	8008be4 <__udivmoddi4+0x2d8>
 8008a4e:	4610      	mov	r0, r2
 8008a50:	eba4 040c 	sub.w	r4, r4, ip
 8008a54:	ea40 4007 	orr.w	r0, r0, r7, lsl #16
 8008a58:	e7a2      	b.n	80089a0 <__udivmoddi4+0x94>
 8008a5a:	f1c1 0620 	rsb	r6, r1, #32
 8008a5e:	408b      	lsls	r3, r1
 8008a60:	fa22 fc06 	lsr.w	ip, r2, r6
 8008a64:	ea4c 0c03 	orr.w	ip, ip, r3
 8008a68:	fa07 f401 	lsl.w	r4, r7, r1
 8008a6c:	fa20 f306 	lsr.w	r3, r0, r6
 8008a70:	40f7      	lsrs	r7, r6
 8008a72:	ea4f 491c 	mov.w	r9, ip, lsr #16
 8008a76:	4323      	orrs	r3, r4
 8008a78:	fa00 f801 	lsl.w	r8, r0, r1
 8008a7c:	fa1f fe8c 	uxth.w	lr, ip
 8008a80:	fbb7 f0f9 	udiv	r0, r7, r9
 8008a84:	0c1c      	lsrs	r4, r3, #16
 8008a86:	fb09 7710 	mls	r7, r9, r0, r7
 8008a8a:	ea44 4407 	orr.w	r4, r4, r7, lsl #16
 8008a8e:	fb00 f70e 	mul.w	r7, r0, lr
 8008a92:	42a7      	cmp	r7, r4
 8008a94:	fa02 f201 	lsl.w	r2, r2, r1
 8008a98:	d90a      	bls.n	8008ab0 <__udivmoddi4+0x1a4>
 8008a9a:	eb1c 0404 	adds.w	r4, ip, r4
 8008a9e:	f100 3aff 	add.w	sl, r0, #4294967295	@ 0xffffffff
 8008aa2:	f080 809b 	bcs.w	8008bdc <__udivmoddi4+0x2d0>
 8008aa6:	42a7      	cmp	r7, r4
 8008aa8:	f240 8098 	bls.w	8008bdc <__udivmoddi4+0x2d0>
 8008aac:	3802      	subs	r0, #2
 8008aae:	4464      	add	r4, ip
 8008ab0:	1be4      	subs	r4, r4, r7
 8008ab2:	b29f      	uxth	r7, r3
 8008ab4:	fbb4 f3f9 	udiv	r3, r4, r9
 8008ab8:	fb09 4413 	mls	r4, r9, r3, r4
 8008abc:	ea47 4404 	orr.w	r4, r7, r4, lsl #16
 8008ac0:	fb03 fe0e 	mul.w	lr, r3, lr
 8008ac4:	45a6      	cmp	lr, r4
 8008ac6:	d909      	bls.n	8008adc <__udivmoddi4+0x1d0>
 8008ac8:	eb1c 0404 	adds.w	r4, ip, r4
 8008acc:	f103 37ff 	add.w	r7, r3, #4294967295	@ 0xffffffff
 8008ad0:	f080 8082 	bcs.w	8008bd8 <__udivmoddi4+0x2cc>
 8008ad4:	45a6      	cmp	lr, r4
 8008ad6:	d97f      	bls.n	8008bd8 <__udivmoddi4+0x2cc>
 8008ad8:	3b02      	subs	r3, #2
 8008ada:	4464      	add	r4, ip
 8008adc:	ea43 4000 	orr.w	r0, r3, r0, lsl #16
 8008ae0:	eba4 040e 	sub.w	r4, r4, lr
 8008ae4:	fba0 e702 	umull	lr, r7, r0, r2
 8008ae8:	42bc      	cmp	r4, r7
 8008aea:	4673      	mov	r3, lr
 8008aec:	46b9      	mov	r9, r7
 8008aee:	d363      	bcc.n	8008bb8 <__udivmoddi4+0x2ac>
 8008af0:	d060      	beq.n	8008bb4 <__udivmoddi4+0x2a8>
 8008af2:	b15d      	cbz	r5, 8008b0c <__udivmoddi4+0x200>
 8008af4:	ebb8 0203 	subs.w	r2, r8, r3
 8008af8:	eb64 0409 	sbc.w	r4, r4, r9
 8008afc:	fa04 f606 	lsl.w	r6, r4, r6
 8008b00:	fa22 f301 	lsr.w	r3, r2, r1
 8008b04:	431e      	orrs	r6, r3
 8008b06:	40cc      	lsrs	r4, r1
 8008b08:	e9c5 6400 	strd	r6, r4, [r5]
 8008b0c:	2100      	movs	r1, #0
 8008b0e:	e74c      	b.n	80089aa <__udivmoddi4+0x9e>
 8008b10:	0862      	lsrs	r2, r4, #1
 8008b12:	0848      	lsrs	r0, r1, #1
 8008b14:	ea42 71c1 	orr.w	r1, r2, r1, lsl #31
 8008b18:	0c0b      	lsrs	r3, r1, #16
 8008b1a:	ea43 4300 	orr.w	r3, r3, r0, lsl #16
 8008b1e:	b28a      	uxth	r2, r1
 8008b20:	ea42 4203 	orr.w	r2, r2, r3, lsl #16
 8008b24:	fbb3 f1f6 	udiv	r1, r3, r6
 8008b28:	07e4      	lsls	r4, r4, #31
 8008b2a:	46b4      	mov	ip, r6
 8008b2c:	4637      	mov	r7, r6
 8008b2e:	46b6      	mov	lr, r6
 8008b30:	231f      	movs	r3, #31
 8008b32:	fbb0 f0f6 	udiv	r0, r0, r6
 8008b36:	1bd2      	subs	r2, r2, r7
 8008b38:	ea41 4100 	orr.w	r1, r1, r0, lsl #16
 8008b3c:	e761      	b.n	8008a02 <__udivmoddi4+0xf6>
 8008b3e:	4661      	mov	r1, ip
 8008b40:	e714      	b.n	800896c <__udivmoddi4+0x60>
 8008b42:	4610      	mov	r0, r2
 8008b44:	e728      	b.n	8008998 <__udivmoddi4+0x8c>
 8008b46:	f1c3 0120 	rsb	r1, r3, #32
 8008b4a:	fa20 f201 	lsr.w	r2, r0, r1
 8008b4e:	409e      	lsls	r6, r3
 8008b50:	fa27 f101 	lsr.w	r1, r7, r1
 8008b54:	409f      	lsls	r7, r3
 8008b56:	433a      	orrs	r2, r7
 8008b58:	ea4f 4e16 	mov.w	lr, r6, lsr #16
 8008b5c:	fa1f fc86 	uxth.w	ip, r6
 8008b60:	fbb1 f7fe 	udiv	r7, r1, lr
 8008b64:	fb0e 1017 	mls	r0, lr, r7, r1
 8008b68:	0c11      	lsrs	r1, r2, #16
 8008b6a:	ea41 4100 	orr.w	r1, r1, r0, lsl #16
 8008b6e:	fb07 f80c 	mul.w	r8, r7, ip
 8008b72:	4588      	cmp	r8, r1
 8008b74:	fa04 f403 	lsl.w	r4, r4, r3
 8008b78:	d93a      	bls.n	8008bf0 <__udivmoddi4+0x2e4>
 8008b7a:	1871      	adds	r1, r6, r1
 8008b7c:	f107 30ff 	add.w	r0, r7, #4294967295	@ 0xffffffff
 8008b80:	d201      	bcs.n	8008b86 <__udivmoddi4+0x27a>
 8008b82:	4588      	cmp	r8, r1
 8008b84:	d81f      	bhi.n	8008bc6 <__udivmoddi4+0x2ba>
 8008b86:	eba1 0108 	sub.w	r1, r1, r8
 8008b8a:	fbb1 f8fe 	udiv	r8, r1, lr
 8008b8e:	fb08 f70c 	mul.w	r7, r8, ip
 8008b92:	fb0e 1118 	mls	r1, lr, r8, r1
 8008b96:	b292      	uxth	r2, r2
 8008b98:	ea42 4201 	orr.w	r2, r2, r1, lsl #16
 8008b9c:	42ba      	cmp	r2, r7
 8008b9e:	d22f      	bcs.n	8008c00 <__udivmoddi4+0x2f4>
 8008ba0:	18b2      	adds	r2, r6, r2
 8008ba2:	f108 31ff 	add.w	r1, r8, #4294967295	@ 0xffffffff
 8008ba6:	d2c6      	bcs.n	8008b36 <__udivmoddi4+0x22a>
 8008ba8:	42ba      	cmp	r2, r7
 8008baa:	d2c4      	bcs.n	8008b36 <__udivmoddi4+0x22a>
 8008bac:	f1a8 0102 	sub.w	r1, r8, #2
 8008bb0:	4432      	add	r2, r6
 8008bb2:	e7c0      	b.n	8008b36 <__udivmoddi4+0x22a>
 8008bb4:	45f0      	cmp	r8, lr
 8008bb6:	d29c      	bcs.n	8008af2 <__udivmoddi4+0x1e6>
 8008bb8:	ebbe 0302 	subs.w	r3, lr, r2
 8008bbc:	eb67 070c 	sbc.w	r7, r7, ip
 8008bc0:	3801      	subs	r0, #1
 8008bc2:	46b9      	mov	r9, r7
 8008bc4:	e795      	b.n	8008af2 <__udivmoddi4+0x1e6>
 8008bc6:	eba6 0808 	sub.w	r8, r6, r8
 8008bca:	4441      	add	r1, r8
 8008bcc:	1eb8      	subs	r0, r7, #2
 8008bce:	fbb1 f8fe 	udiv	r8, r1, lr
 8008bd2:	fb08 f70c 	mul.w	r7, r8, ip
 8008bd6:	e7dc      	b.n	8008b92 <__udivmoddi4+0x286>
 8008bd8:	463b      	mov	r3, r7
 8008bda:	e77f      	b.n	8008adc <__udivmoddi4+0x1d0>
 8008bdc:	4650      	mov	r0, sl
 8008bde:	e767      	b.n	8008ab0 <__udivmoddi4+0x1a4>
 8008be0:	4608      	mov	r0, r1
 8008be2:	e6fb      	b.n	80089dc <__udivmoddi4+0xd0>
 8008be4:	4434      	add	r4, r6
 8008be6:	3802      	subs	r0, #2
 8008be8:	e732      	b.n	8008a50 <__udivmoddi4+0x144>
 8008bea:	3f02      	subs	r7, #2
 8008bec:	4432      	add	r2, r6
 8008bee:	e71b      	b.n	8008a28 <__udivmoddi4+0x11c>
 8008bf0:	eba1 0108 	sub.w	r1, r1, r8
 8008bf4:	4638      	mov	r0, r7
 8008bf6:	fbb1 f8fe 	udiv	r8, r1, lr
 8008bfa:	fb08 f70c 	mul.w	r7, r8, ip
 8008bfe:	e7c8      	b.n	8008b92 <__udivmoddi4+0x286>
 8008c00:	4641      	mov	r1, r8
 8008c02:	e798      	b.n	8008b36 <__udivmoddi4+0x22a>

08008c04 <_init>:
 8008c04:	b5f8      	push	{r3, r4, r5, r6, r7, lr}
 8008c06:	bf00      	nop
 8008c08:	bcf8      	pop	{r3, r4, r5, r6, r7}
 8008c0a:	bc08      	pop	{r3}
 8008c0c:	469e      	mov	lr, r3
 8008c0e:	4770      	bx	lr

08008c10 <_fini>:
 8008c10:	b5f8      	push	{r3, r4, r5, r6, r7, lr}
 8008c12:	bf00      	nop
 8008c14:	bcf8      	pop	{r3, r4, r5, r6, r7}
 8008c16:	bc08      	pop	{r3}
 8008c18:	469e      	mov	lr, r3
 8008c1a:	4770      	bx	lr
