:020000040800F2
:10000000000002206D7F0008094B00080B4B000820
:100010000D4B00080F4B0008114B000800000000BA
:10002000000000000000000000000000A111000816
:10003000134B00080000000041120008154B000897
:10004000BD7F0008BD7F0008BD7F0008BD7F0008A0
:10005000BD7F0008BD7F0008BD7F0008BD7F000890
:10006000BD7F0008BD7F0008BD7F0008BD7F000880
:10007000BD7F0008BD7F0008BD7F0008BD7F000870
:10008000BD7F0008BD7F0008BD7F000800000000A4
:10009000000000000000000000000000BD7F00081C
:1000A000BD7F0008BD7F0008BD7F0008BD7F000840
:1000B000BD7F0008BD7F0008BD7F0008BD7F000830
:1000C000BD7F0008BD7F0008BD7F0008BD7F000820
:1000D000BD7F0008314B0008BD7F00080000000014
:1000E000BD7F0008BD7F0008BD7F00080000000044
:1000F000000000000000000000000000BD7F0008BC
:1001000000000000BD7F0008BD7F0008BD7F000823
:1001100000000000000000000000000000000000DF
:10012000BD7F0008BD7F0008414B0008BD7F00086F
:10013000BD7F00080000000000000000000000007B
:10014000000000000000000000000000514B00080B
:10015000BD7F0008BD7F0008BD7F0008BD7F00088F
:10016000BD7F0008BD7F0008000000000000000007
:10017000000000000000000000000000000000007F
:1001800000000000BD7F000800000000000000002B
:08019000BD7F0008BD7F0008DF
:1001A00001F0FF01102A2BDB10F0070F08D010F828
:1001B000013B013A8B422DD010F0070F42B3F6D12C
:1001C000F0B441EA012141EA014122F007047FF045
:1001D00000070023F0E80256083C85EA010586EA9C
:1001E000010685FA47F5A3FA87F586FA47F6A5FAD8
:1001F00087F68EB9EED1F0BC01F0FF0102F00702E4
:1002000032B110F8013B013A83EA010313B1F8D18E
:100210000020704701387047002D06BF354603386F
:10022000073815F0010F07D1013015F4807F02BFA8
:10023000013015F4C03F0130F0BC0138704700BFF9
:1002400053B94AB9002908BF00281CBF4FF0FF313D
:100250004FF0FF3000F00CB8ADF1080C6DE904CEA2
:1002600008F054FBDDF804E0DDE9022304B0704738
:10027000704700BF10B5054C237833B9044B13B158
:100280000448AFF300800123237010BD4C0100200F
:1002900000000000048C000808B5034B1BB10349A3
:1002A0000348AFF3008008BD0000000050010020AB
:1002B000048C000800B585B00023009301930293DD
:1002C00003931548154A02604FF480324260836000
:1002D0000361037680F82030C362114A8262C360F2
:1002E0000122C26180F83030426101F061FD60B9E5
:1002F000002300930122019202936946064801F00F
:1003000083FD28B905B05DF804FB00F07CFEEFE743
:1003100000F079FEF6E700BF6801002000200140F0
:100320000100000F00B589B00023039304930593E7
:1003300006930793026803F1804303F590339A42D2
:1003400002D009B05DF804FB0021019103F58C3364
:100350005A6C42F480725A645A6C02F480720192B0
:10036000019A02911A6B42F001021A631B6B03F0AF
:1003700001030293029B012303930323049303A924
:10038000014802F0F3F8DCE700000240EFF30583D8
:100390002BB9064B186828B901221A6070476FF014
:1003A000050070474FF0FF30704700BF680800201D
:1003B000EFF3058373B90A4B1B68012B0DD110B500
:1003C0000024084BDC77064B02221A6005F0ACFBD8
:1003D000204610BD6FF0050070474FF0FF307047AA
:1003E0006808002000ED00E008B5EFF3058313B1C5
:1003F00005F0F4FB08BD05F0EBFBFBE7F0B587B0BB
:1004000000240594EFF3058404BBF8B1002A34D02E
:10041000156893692BB11E46013B372B02D900208A
:1004200015E01826536813F0010F3FD1546984B1C9
:100430004FEA940C93682BB1D7685B2F02D91769E8
:1004400007B184B943B14FF0FF330BB3059807B040
:10045000F0BD4FF0800CEDE7D368A3B91369ABB1E1
:100460004FF0FF33F1E70293019700960B46624687
:10047000294605F0EBFA0590E8E715460023182613
:100480004FF0800CE1E74FF0FF33DEE70023DCE7BD
:1004900005AB019300960B461FFA8CF2294605F036
:1004A00010FB0128D2D000230593CFE70020CEE730
:1004B00008B5EFF3058333B908B9002008BD05F08E
:1004C0009DFC0020FAE76FF00500F7E7034B03609F
:1004D000034B0B6080231360704700BF0C080020A3
:1004E0000C060020034B0360034B0B604FF480733A
:1004F00013607047B0050020B001002003460022C1
:10050000104608E013F801CB8CEA000C034810F801
:100510000C000132D2B28A42F4D370471C8C00081E
:1005200003292BD9F8B5044615460778C82F27D1DB
:100530004678B31EDBB23C2B24D8731C8B4223DAE3
:10054000711EC9B20230FFF7D9FFA3195B7883424D
:100550001CD12F706E70A378AB703C2E18D800237E
:1005600005E0DA1CA15CEA18D1700133DBB2721E1F
:100570009342F6DB85F83F00012002E0002070473F
:100580000020F8BD0020FCE70020FAE70020F8E793
:100590000020F6E78378162B40F01E814378182B55
:1005A00040F01C8100B5C378027943EA02230B7046
:1005B000C3F302234A7822F0070213434B7090F8EA
:1005C00004C042794FEADC0CDBB203F0070343EAD4
:1005D000CC034B7002F03F028B7823F03F031343B0
:1005E0008B7090F805C090F806E0C2794FEA9C1C29
:1005F000DBB203F03F0343EA8C138B7081F803E016
:1006000002F001020B7923F0010313430B7190F800
:1006100007C0027A4FEA5C0CDBB203F0010343EA45
:100620004C030B7102F00F024B7923F00F031343BD
:100630004B7190F808C0427A4FEA1C1CDBB203F001
:100640000F0343EA0C134B7102F07F028B7923F006
:100650007F0313438B7190F809C090F80AE0C27AC7
:100660004FEADC1CDBB203F07F0343EACC138B714F
:1006700081F807E002F003020B7A23F0030313432F
:100680000B7290F80BC0027B4FEA9C0CDBB203F0BC
:10069000030343EA8C030B7202F01F024B7A23F030
:1006A0001F0313434B72027B90F80DC002F0E0026F
:1006B000DBB203F01F0313434B7281F80AC0837B44
:1006C000C27B43EA0223CB72C3F302230A7B22F0EC
:1006D000070213430B7390F80FC0027C4FEADC0C47
:1006E000DBB203F0070343EACC030B7302F03F02D3
:1006F0004B7B23F03F0313434B7390F810C090F8EB
:1007000011E0827C4FEA9C1CDBB203F03F0343EA1A
:100710008C134B7381F80EE002F00102CB7B23F0C7
:1007200001031343CB7390F811C0827C4FEA5C0C39
:10073000DBB203F0010343EA4C03CB7302F00F0278
:100740000B7C23F00F0313430B7490F812C0C27C90
:100750004FEA1C1CDBB203F00F0343EA0C130B74CB
:1007600002F07F024B7C23F07F0313434B7490F81D
:1007700013C090F814E0427D4FEADC1CDBB203F0BA
:100780007F0343EACC134B7481F812E002F00302BA
:10079000CB7C23F003031343CB7490F815C0827D08
:1007A0004FEA9C0CDBB203F0030343EA8C03CB74E7
:1007B00002F01F020B7D23F01F0313430B75827D94
:1007C000C07D02F0E002DBB203F01F0313430B75A0
:1007D000487501205DF804FB002070470020704739
:1007E000A0F5787000EB80000346002805DBC3F31A
:1007F000CF0000F2DC5000B27047C31DF7E70000E5
:1008000000B583B000220192094B196B41F48001BD
:1008100019631B6B03F480030193019B05213A20AC
:1008200001F01CFC3A2001F029FC03B05DF804FB48
:100830000038024008B506F0D7F80120FFF738FE6F
:10084000FBE7000008B50C4E0C4D0022314628464F
:1008500001F061F90A4C04223146204601F05BF9AF
:10086000284601F09FF9204601F09CF94FF47A7078
:10087000FFF71EFEFAE700BFE84B002080090020CA
:10088000700900202DE9F04F2DED028BB7B0FFF776
:10089000ABFD804640229749974804F005F9974BF5
:1008A0001A68136823F0080313600BE04FF4C0715B
:1008B000934801F045FFFFF797FD804609E00120CE
:1008C000FFF7F6FDFFF790FDA0EB0800B0F57A7F8B
:1008D000ECD28C4B1B889BB2002BF0D0894B1C8830
:1008E000A4B200221A80834D40222946824804F097
:1008F000DBF8824B1A68136823F00803136026AAFA
:10090000E1B22846FFF70CFE0028D8D09DF89A30B7
:10091000162BD4D120A926A8FFF73CFE0028CED064
:10092000BDF88000C0F30A00FFF75AFF0446ADF897
:1009300060002098C0F3CA20FFF752FF0546ADF8CB
:100940006200BDF882009DF8843003F001039B0231
:1009500043EA9010FFF744FF0E90ADF86400BDF835
:100960008400C0F34A00FFF73BFF0F90ADF866002C
:100970002198C0F30A30FFF733FF1090ADF86800FC
:10098000BDF886009DF8883003F003035B0243EA5C
:10099000D010FFF725FF1190ADF86A00BDF8880070
:1009A000C0F38A00FFF71CFF1290ADF86C0022988C
:1009B000C0F34A30FFF714FF1390ADF86E009DF8B6
:1009C0008B009DF88C3003F0070340EA0320FFF70B
:1009D00007FF1490ADF87000BDF88C00C0F3CA009A
:1009E000FFF7FEFE1590ADF872002398C0F38A3031
:1009F000FFF7F6FE1690ADF874009DF88F009DF895
:100A0000903003F00F03DB0143EA5000FFF7E8FEEC
:100A10001790ADF87600BDF89000C0F30A10FFF70C
:100A2000DFFE0646ADF878002498C0F3CA30FFF721
:100A3000D7FE0746ADF87A009DF893009DF89430F4
:100A400003F01F039B0143EA9000FFF7C9FE8146B4
:100A5000ADF87C00BDF89400C0F34A10FFF7C0FE6B
:100A60008246ADF87E00A4F57A7C07EE90CAF8EED7
:100A7000E77ADFED256A87EEA60A9FED247AA5F5D1
:100A80007A7C07EE90CAF8EEE77A87EEA68A28EE1F
:100A9000078A20EE070A1E4801F046F8B0EE480A21
:100AA0001C4801F041F8DFF874B0CDF834A0CDF85F
:100AB00030900B970A961798099016990891159AF5
:100AC0000792149B0693139F0597129E0496119804
:100AD0000390109902910F9A01920E9B00932B465E
:100AE00022460D49584607F06BFA81B2584606F087
:100AF00049FAE4E698090020044E00205C4D0020ED
:100B0000000802409409002000007A4400003443A9
:100B100080090020700900201C8D00086C0800204E
:100B200008B50B4A00210B48FFF768FC0A4B186018
:100B30000A4A00210A48FFF761FC0A4B18600A4A7A
:100B400000210A48FFF75AFC094B186008BD00BF96
:100B50002C8E0008350800086C090020748E0008EF
:100B600085080008D8090020508E000845080008B4
:100B7000900900200268034B9A4200D07047024B54
:100B80001980FBE70010014094090020F0B58BB0FC
:100B900005AD0024059406940794089409940094E4
:100BA000344B1A6B42F004021A631A6B02F004020F
:100BB0000092009A01941A6B42F080021A631A6B39
:100BC00002F080020192019A02941A6B42F0010233
:100BD0001A631A6B02F001020292029A03941A6BD2
:100BE00042F002021A631A6B02F002020392039AA5
:100BF00004941A6B42F008021A631B6B03F008039B
:100C00000493049B1C4F22464FF4C071384601F0F8
:100C100091FD4FF67F6305930326069607942946B8
:100C2000384601F0A3FCD023059306960794294685
:100C3000124801F09BFC4FF2377305930696079418
:100C400029460F4801F092FC4FF4C073059301232D
:100C50000693079408942946384601F087FC04233C
:100C60000593069607942946064801F07FFC0BB0D1
:100C7000F0BD00BF00380240000802400000024002
:100C800000040240000C0240124A12F0070F1ED06E
:100C9000D11D21F00701C1F5705313440A460E48D7
:100CA0000260002141601344083B23F007030B4816
:100CB000036059601960991A51601360084B1960FC
:100CC000084B1960084B4FF000421A6070474FF410
:100CD0007053E4E7FC090020F4090020F00900202B
:100CE000E8090020EC090020DC090020164B1A4618
:100CF0001B688342FBD3516802EB010C844509D089
:100D0000416800EB010C634509D00360904219D0A3
:100D1000106070474068014451601046F0E710B41D
:100D20000A4C2468A3420BD05B68194441601368E5
:100D30001B680360904200D010605DF8044B704760
:100D40000460F7E7704700BFF4090020F0090020B5
:100D500038B5044604F034FF384B1B68B3B1384B48
:100D60001B681C4250D1002C50D004F1080214F032
:100D7000070F02D022F007020832002A55D0314B6B
:100D80001B68934253D330490C6804E0FFF77CFFA3
:100D9000E5E721461C466368934202D22368002B94
:100DA000F7D1264B1B68A34243D00D680835236852
:100DB0000B6063689B1A102B10D9A01810F0070F56
:100DC00008D04FF0500383F31188BFF36F8FBFF348
:100DD0004F8FFEE743606260FFF788FF6268194942
:100DE0000B689B1A0B60194909688B4201D217499D
:100DF0000B60134B1B681343636000232360144A8A
:100E000013680133136002E0002500E0002504F0C0
:100E100079FF15F0070F0ED04FF0500383F31188C0
:100E2000BFF36F8FBFF34F8FFEE70025EFE700257D
:100E3000EDE70025EBE7284638BD00BFF0090020AC
:100E4000DC090020EC090020F4090020E80900205A
:100E5000E4090020002834D038B50446A0F1080584
:100E600050F8043C174A1268134208D14FF050035F
:100E700083F31188BFF36F8FBFF34F8FFEE750F8F6
:100E8000081C41B14FF0500383F31188BFF36F8FFB
:100E9000BFF34F8FFEE723EA020340F8043C04F05F
:100EA0008FFE54F8041C084A13680B44136028464C
:100EB000FFF71CFF054A13680133136004F022FF9B
:100EC00038BD7047DC090020EC090020E009002053
:100ED00008B50B480B4B03600B4B4360002383604A
:100EE000C3604FF48042026143618361C361036266
:100EF00001F030FC00B908BD00F085F8FBE700BF49
:100F0000FC45002000540040A086010030B589B0A7
:100F10000023039304930593069307930268144BED
:100F20009A4201D009B030BD00250195114C236BC8
:100F300043F002032363236B03F002030193019B3D
:100F4000C0230393122304930323069304230793DC
:100F500003A9094801F00AFB0295236C43F400132E
:100F60002364236C03F400130293029BDAE700BFAF
:100F700000540040003802400004024000F1080321
:100F800043604FF0FF328260C3600361002303605F
:100F9000704700230361704743684B609A688A601A
:100FA000516099600861036801330360704730B491
:100FB0000D68B5F1FF3F11D000F108031C465B68D6
:100FC0001A68AA42FAD963684B6099608C606160C4
:100FD000086103680133036030BC70470469F2E7BD
:100FE0000369416882688A60416851605A68824238
:100FF00006D0002202611A68013A1A601868704728
:1010000082685A60F5E772B6FEE7000010B594B04A
:1010100008AC30220021204606F0F4FF00230393A1
:10102000049305930693079301931F4A116C41F0B3
:1010300080511164126C02F080520192019A029365
:101040001A4B1A6842F440421A601B6803F440438A
:101050000293029B012308934FF4803309930223E8
:101060000E934FF480020F9219221092C022119217
:10107000129304231393204602F0A8FA80B90F2399
:10108000039302230493002305934FF480520692A6
:101090000793032103A802F0E9FC18B914B010BDAE
:1010A000FFF7B1FFFFF7AFFF0038024000700040CC
:1010B00008B500F0A3FDFFF7A9FFFFF767FDFFF7F5
:1010C0009FFBFFF7F7F8FFF703FF05F0AFFB05F015
:1010D0009FF805F023F905F0C5FB05F085FCFFF747
:1010E00055F9FFF71DFDFFF763F9FEE782B0002316
:1010F00001930D4B1B68B3F1FF3F08D04FF0500335
:1011000083F31188BFF36F8FBFF34F8FFEE74FF06C
:10111000500383F31188BFF36F8FBFF34F8F019B91
:10112000002BFCD002B07047000000200848006887
:10113000006880F308884FF0000080F3148862B6DE
:1011400061B6BFF34F8FBFF36F8F00DF00BF0000AA
:1011500008ED00E0DFF80C00016841F47001016067
:101160007047000088ED00E04FF0807340F8043CC9
:1011700021F0010140F8081C054B40F80C3C40F8F8
:10118000202C6FF0020340F8243C4438704700BF25
:10119000ED1000080000000000000000000000004A
:1011A000074B19680868B0E8F04F80F30988BFF36F
:1011B0006F8F4FF0000080F311887047AFF300800D
:1011C0009C4B00204FF0500383F31188BFF36F8FC7
:1011D000BFF34F8F0B4A136801331360012B00D00C
:1011E00070474FF0E023D3F8043D13F0FF0FF7D022
:1011F0004FF0500383F31188BFF36F8FBFF34F8F0E
:10120000FEE700BF00000020094B1B6843B94FF008
:10121000500383F31188BFF36F8FBFF34F8FFEE747
:10122000013B034A13600BB983F31188704700BF79
:10123000000000200000000000000000000000008E
:10124000EFF30980BFF36F8F154B1A681EF0100F74
:1012500008BF20ED108A20E9F04F10602DE9090049
:101260004FF0500080F31188BFF34F8FBFF36F8FA3
:1012700004F0EAFD4FF0000080F3118809BC196802
:101280000868B0E8F04F1EF0100F08BFB0EC108AED
:1012900080F30988BFF36F8F704700BFAFF3008002
:1012A0009C4B002008B54FF0500383F31188BFF327
:1012B0006F8FBFF34F8F04F099FC28B14FF0E023FC
:1012C0004FF08052C3F8042D002383F3118808BD2A
:1012D0004FF0E022002313619361054B1B68054921
:1012E000A1FB03139B09013B536107231361704763
:1012F0000C000020D34D62104FF0E023D3F8002DF6
:101300003D4B9A421CD04FF0E023D3F8002D3B4BCD
:101310009A421ED030B583B0394B1A78D2B20192BE
:10132000FF221A701B78DBB28DF803309DF8033072
:1013300003F05003334A1370334B07221A601BE04B
:101340004FF0500383F31188BFF36F8FBFF34F8FBC
:10135000FEE74FF0500383F31188BFF36F8FBFF3A5
:101360004F8FFEE7284A1368013B13609DF8033056
:101370005B00DBB28DF803309DF8033013F0800F73
:10138000F0D1214B1B68032B08D04FF0500383F39F
:101390001188BFF36F8FBFF34F8FFEE71B021A4A0E
:1013A000136003F4E0631360019BDBB2144A137013
:1013B0004FF0E024D4F8203D43F47003C4F8203DFE
:1013C000D4F8203D43F07043C4F8203DFFF780FF80
:1013D00000250E4B1D60FFF7BDFED4F8343F43F0EF
:1013E0004043C4F8343FFFF7A1FE04F02DFDFFF7A2
:1013F0007DFE284603B030BD71C20F4170C20F415F
:1014000000E400E054460020504600200000002088
:10141000EFF305830F2B0ED9114A9A5C114B1B7801
:101420009A4208D24FF0500383F31188BFF36F8FB5
:10143000BFF34F8FFEE74FF0E023D3F80C3D03F4EA
:10144000E063094A1268934208D94FF0500383F3CE
:101450001188BFF36F8FBFF34F8FFEE7704700BF58
:10146000F0E300E0544600205046002010B504464A
:10147000FFF7A8FEA26BE36B9A4204D00024FFF7AB
:10148000C3FE204610BD0124F9E710B50446FFF75E
:1014900099FEA36B23B90124FFF7B6FE204610BDC9
:1014A0000024F9E770B504461546866B026C5AB9FC
:1014B00003681BB100200136A66370BD806804F08C
:1014C000EFFD0023A360F6E76DB9406806F0CEFD9E
:1014D0006368226C13446360A268934219D3236843
:1014E00063602846E7E7C06806F0C0FDE368226C49
:1014F00051429B1AE3602268934202D2A3680B44D4
:10150000E360022D01D00020D5E726B1013E002086
:10151000D1E72846CFE70020CDE70346026C6AB149
:1015200010B50846D9681144D9609C68A14201D31E
:101530001968D960D96806F099FD10BD704738B5B3
:101540000546FFF73FFE95F8454064B201E0013CD7
:1015500064B2002C0ADD6B6A43B105F1240004F08B
:10156000F3FC0028F3D004F085FDF0E7FF2385F8B5
:101570004530FFF749FEFFF725FE95F8444064B279
:1015800001E0013C64B2002C0ADD2B6943B105F196
:10159000100004F0D9FC0028F3D004F06BFDF0E754
:1015A000FF2385F84430FFF72FFE38BD38B5E0B192
:1015B0000D460446FFF706FE2368E26B216C01FB33
:1015C0000230A0600020A0636360013A02FB013397
:1015D000E360FF2384F8443084F84530FDB9236983
:1015E00063B9FFF711FE012038BD4FF0500383F3BC
:1015F0001188BFF36F8FBFF34F8FFEE704F1100028
:1016000004F0A2FC0028ECD04FF0E0234FF0805211
:10161000C3F8042DBFF34F8FBFF36F8FE1E704F1E1
:101620001000FFF7ABFC04F12400FFF7A7FCD8E79C
:1016300038B51D46049C0B4649B92460E063236419
:1016400001212046FFF7B2FF84F84C5038BD2260DC
:10165000F4E740B94FF0500383F31188BFF36F8F65
:10166000BFF34F8FFEE710B584B01C46844653B1DC
:1016700092B189B94FF0500383F31188BFF36F8F94
:10168000BFF34F8FFEE74FF0500383F31188BFF392
:101690006F8FBFF34F8FFEE76AB150230393039B15
:1016A000502B13D04FF0500383F31188BFF36F8F8B
:1016B000BFF34F8FFEE70029EFD04FF0500383F3C5
:1016C0001188BFF36F8FBFF34F8FFEE7039B01239A
:1016D00084F8463000949DF818306046FFF7A8FF64
:1016E000204604B010BDF0B585B0019288B10F4618
:1016F0001D460446B1B1022D20D1E36B012B1DD054
:101700004FF0500383F31188BFF36F8FBFF34F8FF8
:10171000FEE74FF0500383F31188BFF36F8FBFF3E1
:101720004F8FFEE7036C002BE5D04FF0500383F39F
:101730001188BFF36F8FBFF34F8FFEE704F0A0FC5B
:10174000064658B9019B002B48D04FF0500383F355
:101750001188BFF36F8FBFF34F8FFEE700263DE088
:101760002A4639462046FFF79DFE636A7BB948B199
:101770004FF0E0234FF08052C3F8042DBFF34F8F9A
:10178000BFF36F8FFFF740FD012005B0F0BD04F1FE
:10179000240004F0D9FB0028F4D04FF0E0234FF0F0
:1017A0008052C3F8042DBFF34F8FBFF36F8FE9E76B
:1017B000FFF72AFD0020E8E702A804F00BFC012651
:1017C00019E0002384F8443021E0002384F84530F8
:1017D00023E02046FFF7B3FE04F094FAFFF7F2FC93
:1017E000A26BE36B9A42BBD3022DB9D0019B002BB5
:1017F000DED0002EE0D0FFF707FD04F0E1F9FFF79F
:10180000E1FC94F8442052B2B2F1FF3FD9D094F8F1
:10181000452052B2B2F1FF3FD7D0FFF7F5FC01A946
:1018200002A804F0E3FBD8B92046FFF71FFE00280A
:10183000CFD0019904F1100004F052FB2046FFF7CD
:101840007EFE04F05FFA0028C8D14FF0E0234FF08D
:101850008052C3F8042DBFF34F8FBFF36F8FBDE7E6
:101860002046FFF76CFE04F04DFA00208DE72DE9CD
:10187000F84390B10F4616461C460546B1B1022CFE
:1018800020D1EB6B012B1DD04FF0500383F3118857
:10189000BFF36F8FBFF34F8FFEE74FF0500383F31B
:1018A0001188BFF36F8FBFF34F8FFEE7036C002BE0
:1018B000E5D04FF0500383F31188BFF36F8FBFF370
:1018C0004F8FFEE7FFF7A4FDEFF311884FF05003B1
:1018D00083F31188BFF36F8FBFF34F8FAA6BEB6B4E
:1018E0009A4206D3022C04D0002088F31188BDE868
:1018F000F88395F845904FFA89F9AB6B2246394643
:101900002846FFF7CFFDB9F1FF3F06D009F10103EB
:101910005BB285F845300120E7E76B6A0BB901201F
:10192000E3E705F1240004F00FFB18B126B1012014
:101930003060DAE70120D8E70120D6E7F0B585B0BE
:10194000019290B10F460446C1B104F099FB0646DE
:1019500000BB019B002B5ED04FF0500383F3118836
:10196000BFF36F8FBFF34F8FFEE74FF0500383F34A
:101970001188BFF36F8FBFF34F8FFEE7036C002B0F
:10198000E3D04FF0500383F31188BFF36F8FBFF3A1
:101990004F8FFEE700263EE039462046FFF7BDFDAB
:1019A000013DA563236923B9FFF72EFC012005B093
:1019B000F0BD04F1100004F0C7FA0028F4D04FF095
:1019C000E0234FF08052C3F8042DBFF34F8FBFF3D5
:1019D0006F8FE9E7FFF718FC0020E8E702A804F0A2
:1019E000F9FA012621E0002384F8443029E000239D
:1019F00084F845302BE02046FFF7A1FD04F082F982
:101A000009E02046FFF79BFD04F07CF92046FFF734
:101A10003CFD00283FD1FFF7D5FBA56B002DBBD1C6
:101A2000019B002BD6D0002ED8D0FFF7EDFB04F0A1
:101A3000C7F8FFF7C7FB94F844305BB2B3F1FF3F40
:101A4000D1D094F845305BB2B3F1FF3FCFD0FFF770
:101A5000DBFB01A902A804F0C9FA0028D1D1204675
:101A6000FFF713FD0028C6D0019904F1240004F00B
:101A700037FA2046FFF763FD04F044F90028CAD185
:101A80004FF0E0234FF08052C3F8042DBFF34F8F87
:101A9000BFF36F8FBFE7002089E700000023072B0B
:101AA0000CD8074A52F833200AB10133F7E7044A49
:101AB00042F8331002EBC30250607047704700BF1A
:101AC0005846002070B504460D461646FFF77AFBCF
:101AD00094F844305BB2B3F1FF3F0DD094F8453039
:101AE0005BB2B3F1FF3F0BD0FFF78EFBA36B5BB193
:101AF0002046FFF724FD70BD002384F84430EDE755
:101B0000002384F84530EFE73246294604F12400EB
:101B100004F0FEF9ECE7016042604FF4FA73836071
:101B200040F6C413C3607047B5EEC00AF1EE10FA78
:101B300009D4DFED1A7AB4EEE70AF1EE10FA04DD0B
:101B40009FED160A01E09FED160A8268DFED137A19
:101B500080EE277AC3689B1A07EE903AF8EE677A10
:101B600067EE877AFCEEE77A17EE903A1A444368FC
:101B70001BB903681B685A637047042B05D0082BF8
:101B800007D003681B681A64704703681B689A6370
:101B9000704703681B68DA63704700BF0000344376
:101BA0000000000008B54168006802F0C3FA08BDF3
:101BB00010B504460E4B1A784FF47A73B3FBF2F368
:101BC0000C4A1068B0FBF3F000F05CFA68B90F2C17
:101BD00001D901200AE0002221464FF0FF3000F039
:101BE0003DFA054B1C60002000E0012010BD00BF45
:101BF000040000200C0000200800002008B50B4B5A
:101C00001A6842F400721A601A6842F480621A601C
:101C10001A6842F480721A60032000F00DFA0F2057
:101C2000FFF7C6FF00F074FE002008BD003C024034
:101C3000034A1168034B1B780B441360704700BFC5
:101C40009846002004000020014B1868704700BF30
:101C50009846002038B50446FFF7F6FF0546B4F174
:101C6000FF3F02D0044B1B781C44FFF7EDFF401BE5
:101C7000A042FAD338BD00BF040000204A4B5A6886
:101C800022F440325A605A6841680A435A60026836
:101C9000536823F48073536002685368016943EA10
:101CA000012353600268536823F040735360026855
:101CB000536881680B4353600268936823F40063A0
:101CC000936002689368C1680B439360826A374BE4
:101CD0009A4257D00268936823F070639360026859
:101CE0009368816A0B4393600268936823F04053C2
:101CF000936002689368C16A0B43936002689368BB
:101D000023F00203936002689368017E43EA410373
:101D1000936090F82030002B3FD00268536843F462
:101D2000006353600268536823F4604353600168A2
:101D30004B68426A013A43EA42334B600268D36A15
:101D400023F47003D3620168CB6AC269013A43EAA3
:101D50000253CB620268936823F4007393600268B5
:101D6000936890F8301043EA4123936002689368C7
:101D700023F48063936002689368416943EA812396
:101D8000936070470268936823F070639360026801
:101D9000936823F040539360B0E70268536823F4DC
:101DA00000635360CAE700BF002301400100000F39
:101DB00038B310B50446036C43B1236C13F0100F15
:101DC0000BD00120002384F83C3010BDFEF7AAFAA6
:101DD0000023636484F83C30EFE7236C23F48853DA
:101DE00023F0020343F0020323642046FFF746FF7B
:101DF00000206064236C23F0030343F00103236499
:101E0000E0E701207047000030B482B00022019268
:101E100090F83C20012A00F0C0800346012280F89F
:101E20003C200A68092A40D90468E06892B202EBB3
:101E300042021E3A4FF0070C0CFA02F220EA0202AC
:101E4000E2601C68E0680A8802EB42021E3A8D6874
:101E500005FA02F20243E2604A68062A3CD81C688E
:101E6000606B02EB8202053A4FF01F0C0CFA02F293
:101E700020EA020262631C68606B4A6802EB82021D
:101E8000053AB1F800C00CFA02F202436263186826
:101E9000434A904250D01868414A904259D000209D
:101EA00083F83C0002B030BC70470468206992B2ED
:101EB00002EB42024FF0070C0CFA02F220EA020297
:101EC00022611C6820690A8802EB42028D6805FACB
:101ED00002F202432261BFE70C2A16D81D68286B64
:101EE00002EB8202233A1F2404FA02F220EA0202E1
:101EF0002A631D68286B4A6802EB8202233A0C8829
:101F000004FA02F202432A63C1E71D68E86A02EBA1
:101F10008202413A1F2404FA02F220EA0202EA6233
:101F20001D68E86A4A6802EB8202413A0C8804FAAA
:101F300002F20243EA62AAE70A68122AABD1194AFE
:101F4000506820F400005060506840F480005060F9
:101F5000A1E70A681448824201D0112A9FD1114A90
:101F6000506820F480005060506840F400005060D9
:101F700009680D4A914292D10C4A12680C49A1FBA2
:101F80000212920C02EB820252000192019A002A84
:101F900085D0019A013A0192F8E7022082E700BF5A
:101FA0000020014000230140120000100C0000201E
:101FB00083DE1B43002807DB00F01F0240090123DA
:101FC0009340024A42F82030704700BF00E100E031
:101FD000002808DB0901C9B200F1604000F561404A
:101FE00080F80013704700F00F000901C9B2014BDF
:101FF0001954704714ED00E000B500F00700C0F17F
:10200000070CBCF1040F28BF4FF0040C031D062B76
:102010000FD9C31E4FF0FF3E0EFA0CF021EA00016B
:1020200099400EFA03FE22EA0E0241EA02005DF830
:1020300004FB0023EEE70000074AD36823F4E063C3
:102040001B041B0C000200F4E060034343F0BF6379
:1020500043F40033D360704700ED00E010B5044650
:10206000054BD868C0F30220FFF7C6FF01462046A3
:10207000FFF7AEFF10BD00BF00ED00E008B5FFF7B1
:1020800099FF08BD0138B0F1807F0BD24FF0E023FB
:102090005861054AF02182F8231000209861072238
:1020A0001A6170470120704700ED00E030B4056808
:1020B0002C6824F480242C60046863608368402BBF
:1020C00005D0036899600368DA6030BC7047036824
:1020D0009A600368D960F8E710B40368D9B2103980
:1020E0000A4AA2FB01421209094CA25CC2655F299F
:1020F00007D96FF3090304338365806D5DF8044BE2
:1021000070476FF309038365F7E700BFABAAAAAA7C
:10211000988E0008836A826992B9012B0AD0022B3B
:1021200002D00BB100207047C36A13F0807F28D122
:1021300000207047C36AB3F1C07F24D000207047ED
:10214000B2F5005F09D0022B25D9032B25D1C36A34
:1021500013F0807F23D100207047032B03D8DFE8E2
:1021600003F01404140A00207047C36A13F0807F40
:102170000DD100207047C36AB3F1C07F09D00020A1
:1021800070470120704701207047012070470120EF
:1021900070470120704701207047002070470120E0
:1021A0007047000070B50446FFF74EFD002C5BD071
:1021B0000546022384F83530002384F83430226841
:1021C000136823F00103136023681A6812F0010FEB
:1021D0000AD0FFF739FD431B052BF5D92023636592
:1021E000032084F8350070BD1A68204911406268E8
:1021F000A0680243E0680243206902436069024329
:10220000A0690243E0690243206A02430A43616A0B
:1022100004291ED01A602668756925F00705636ACF
:102220001D43042B07D1A36A1D43E36A1BB120465B
:10223000FFF770FF90B975612046FFF74DFFE26D23
:102240003F239340836000206065012384F835308C
:10225000C9E7E16A206B01430A43DBE7402363657A
:10226000012084F83500BEE70120BCE73F8010F074
:1022700038B50446856D90F8340001282AD0012035
:1022800084F8340094F83500012804D0002384F841
:102290003430022038BD022084F83500002060650B
:1022A0002046FFF703FFE26D3F239340AB602268B7
:1022B000136843F016031360236C23B1226813687C
:1022C00043F0080313602268136843F001031360AE
:1022D0000020DFE70220DDE770B50446866DFFF7DA
:1022E000B3FC94F83530022B06D0802363650023BD
:1022F00084F83430012070BD05462268136823F04D
:10230000160313602268536923F080035361236C22
:10231000E3B12268136823F008031360226813688E
:1023200023F00103136023681B6813F0010F11D021
:10233000FFF78AFC431B052BF5D920236365032097
:1023400084F83500002384F83430D4E7A36C002BE4
:10235000DFD1E3E7E26D3F239340B360012384F8CC
:102360003530002084F83400C5E790F83530022B72
:1023700003D08023436501207047052380F8353062
:102380000268136823F00103136000207047000007
:10239000F0B583B0044600230193724B1D68724B65
:1023A000A3FB0535AD0A876D3E68C26D08239340D7
:1023B000334210D003681A6812F0040F0BD01A6869
:1023C00022F004021A60C26D08239340BB60436D83
:1023D00043F001034365E26D01239340334209D08A
:1023E0002268526912F0800F04D0BB60636D43F025
:1023F00002036365E26D04239340334209D02268EF
:10240000126812F0020F04D0BB60636D43F0040346
:102410006365E26D10239340334224D02268126832
:1024200012F0080F1FD0BB6023681A6812F4802FC7
:102430000DD01B6813F4002F04D1236C9BB12046F0
:10244000984710E0A36C73B1204698470BE01A68D8
:1024500012F4807F03D11A6822F008021A60236CFC
:102460000BB120469847E26D20239340334254D06D
:102470002268126812F0100F4FD0BB6094F835300C
:10248000052B0ED023681A6812F4802F33D01B68F6
:1024900013F4002F2AD1636C002B3ED020469847BE
:1024A0003BE02268136823F0160313602268536927
:1024B00023F080035361236CA3B12268136823F0D7
:1024C00008031360E26D3F239340BB60012384F84F
:1024D0003530002384F83430236D002B3FD0204664
:1024E00098473CE0A36C002BE7D1EBE7E36BA3B18B
:1024F0002046984711E01A6812F4807F09D11A68C3
:1025000022F010021A60012384F83530002384F889
:102510003430E36B0BB120469847636DFBB1636DBC
:1025200013F0010F17D0052384F8353022681368A3
:1025300023F001031360019B01330193AB4204D8E4
:1025400023681B6813F0010FF5D1012384F835309F
:10255000002384F83430E36C0BB12046984703B075
:10256000F0BD00BF0C000020B5814E1B00230F2BD7
:1025700000F2D78070B582B065E085684FEA430EFF
:10258000032404FA0EF425EA0405CC6804FA0EF4D8
:102590002C438460446824EA02044A68C2F30012AF
:1025A0009A40224342605CE0DC08083450F8242062
:1025B00003F00705AD004FF00F0E0EFA05FE22EAFC
:1025C0000E0E0A69AA4042EA0E0240F824205CE09E
:1025D000042200E0002202FA0EF22A430234514D96
:1025E00045F82420504A94686FEA0C0224EA0C054E
:1025F0004E6816F4801F01D04CEA04054A4CA560D1
:10260000E46802EA04054E6816F4001F01D04CEAA3
:102610000405454CE560646802EA04054E6816F45A
:10262000003F01D04CEA04053F4C6560246822401D
:102630004D6815F4803F01D04CEA04023A4C226008
:1026400001330F2B6BD801229A400C6804EA020C6C
:1026500032EA0404F4D14C6804F00304013C012C78
:102660008BD94A6802F00302032A09D0C4685D00CE
:102670000322AA4024EA02048A68AA402243C260D4
:102680004A6802F00302022A8ED004684FEA430E21
:10269000032202FA0EF224EA02044A6802F003025C
:1026A00002FA0EF2224302604A6812F4403FC7D099
:1026B000002201921D4A546C44F480445464526CCC
:1026C00002F480420192019A9C08A51C154A52F816
:1026D000255003F0030E4FEA8E0E0F2202FA0EF27F
:1026E00025EA0205124A90423FF474AF02F5806277
:1026F00090420ED002F5806290420CD002F58062CA
:1027000090420AD002F5806290423FF461AF072206
:1027100061E701225FE702225DE703225BE702B087
:1027200070BD704700380140003C01400038024055
:10273000000002400AB1816170470904816170475D
:10274000436901EA030221EA030141EA024181618E
:1027500070470000002800F0CC8070B5044690F867
:102760003D30002B77D0242384F83D302268136855
:1027700023F0010313602268136843F400431360DD
:102780002268136823F40043136001F025FA62689D
:102790005A4B9A4264D85A4B98428CBF002301236B
:1027A000002B40F0A8805749A1FB00318B0C256815
:1027B0006A6822F03F0242EA91426A6021680A6A2E
:1027C00022F03F0266684D4DAE424FD801331343AD
:1027D0000B622168CA6922F44F4222F0FF02656849
:1027E000464B9D424CD8431E6D00B3FBF5F30133BD
:1027F00040F6FC70034278D0C3F30B031A43CA615E
:1028000021680B6823F0C003E269206A0243134386
:102810000B6021688B6823F4034323F0FF032269D4
:10282000E068024313438B602168CB6823F0FF0309
:102830006269A06902431343CB602268136843F0C6
:102840000103136000202064202384F83D302063BE
:1028500084F83E0070BD80F83C30FEF757FB82E7FD
:10286000294B98428CBF0023012399E74FF49675BA
:1028700005FB03F3254DA5FB03539B090133A6E795
:10288000A668BEB9431E05EB450CB3FBFCF3013350
:10289000C3F30B03B3FA83F35B0943BBC6B9431E0F
:1028A00005EB4505B3FBF5F30133C3F30B0343F429
:1028B0000043A3E7431E05EB850C0CEB8C0CB3FB2C
:1028C000FCF30133C3F30B03B3FA83F35B09E4E7CF
:1028D000431E05EB850505EB8505B3FBF5F30133D9
:1028E000C3F30B0343F4404388E7042386E7012343
:1028F00084E7012070470120ACE700BFA0860100FB
:102900007F841E0083DE1B43FF083D00D34D621011
:1029100000B583B0002200920D4B596C41F4804108
:102920005964596C01F48041009100990192196C2D
:1029300041F0805119641B6C03F080530193019B9B
:102940000F216FF00100FFF789FB03B05DF804FB76
:10295000003802402DE9F04383B0D0F8008001EB4D
:10296000C10300EB83039A6A5B6A9A4254D8074614
:102970000C469B1A01EBC10200EB8202D2699A421B
:1029800000D31A4602F103094FEA990915E006F14E
:1029900003094FEA9909BB7904EBC40507EB8505E8
:1029A000296A0093B3B2E2B2404602F016FC2B6AE9
:1029B00033442B62AB6A3344AB6208EB441303F538
:1029C00010639B699BB24B4512D304EBC40307EB26
:1029D00083039A6A5B6A9A420AD24BB19B1A04EB50
:1029E000C40207EB8202D6699E42D0D31E46CEE7D0
:1029F00004EBC40307EB83077A6ABB6A9A420FD8D9
:102A000004F00F040122A240D8F8343823EA02036C
:102A1000C8F83438002000E0012003B0BDE8F0839E
:102A20000020FAE730B583B000287AD00446056864
:102A300090F89534C3B1032384F89534B5F1A04FD1
:102A400017D0206802F07AF9237C8DF80030231D1E
:102A50000ECB206802F0B0F870B1022384F89534F0
:102A60000125284603B030BD80F8943404F0A0FA64
:102A7000E1E70023A371E4E70021206802F0C3FD31
:102A80000246B8B903462079984218D903EBC3012E
:102A900004EB8101012048750B75CB850020087679
:102AA000C861086203EBC30104EB81014862013392
:102AB000DBB2E8E7022384F895340125D1E79042A0
:102AC00017D902EBC20304EB8303002183F85512EC
:102AD00083F8542283F85812C3F85C12C3F86012CA
:102AE00002EBC20304EB8303C3F864120132D2B2D7
:102AF000E5E7237C8DF80030231D0ECB206802F023
:102B000073F9054620B1022384F895340125A8E71E
:102B100000236374012384F89534206802F032FDA9
:102B20009FE701259DE7036890F89424012A1AD0B5
:102B300010B50446012280F89424DA6812F0400FA0
:102B400002D0427B012A09D0206802F0F1F8206807
:102B500002F00AFD002084F8940410BD9A6B42F440
:102B600080329A63F0E702207047000070B5044697
:102B70000D460068066C00EB411303F530639A685C
:102B8000A179012911D038498E4256D03DB905EBC3
:102B9000C50304EB8303D3F86432002B5ED0E9B2A3
:102BA000204604F051FA002070BD12F0080F09D041
:102BB0002E498E42F7D912F4004FF4D04FF4004260
:102BC0009A60F0E712F0200F02D020229A60EAE724
:102BD00012F0280FE7D125498E4206D912F4004F92
:102BE00003D04FF400429A60DDE705EBC50204EB29
:102BF0008202D2F874121B69C3F31203CB1AC2F813
:102C000068327DB905EBC50204EB8202D2F864227A
:102C10006AB105EBC50204EB8202D2F860121944D6
:102C2000C2F86012E9B2204604F00EFABBE704F2E3
:102C30009C42012102F026FDF4E712F4004F03D07C
:102C40004FF400429A60AEE712F0200F01D020222C
:102C50009A60E9B2204604F0F7F9A4E704F29C4236
:102C6000002102F00FFD9AE70A31544F0A30544F09
:102C700038B5044603681D6C03EB4113D3F8081BF9
:102C80000E4A954207D903F5306311F4004F02D084
:102C90004FF400429A60204604F0CEF9074B9D4263
:102CA00002D9A379012B01D0002038BD04F29C4247
:102CB0000121206802F0E6FCF6E700BF0A30544F1D
:102CC00090F89434012B0CD010B50446012380F801
:102CD00094344174006802F037FC002084F89404B6
:102CE00010BD0220704738B505468C4611F0800FA4
:102CF0002BD101F00F0E0EEBCE04A40004F51474DA
:102D00000444211D0EEBCE0E00EB8E0E00208EF83B
:102D100055020CF00F0C81F800C0C2F30A028A6061
:102D20000B714A780AB1A1F81AC0022B1CD095F891
:102D30009434012B1BD0012385F89434286802F0C9
:102D400030F9002085F8940438BD01F00F0000EB45
:102D5000C001890010312944043100EBC00005EBAB
:102D6000800001244475D4E700234B71DFE7022083
:102D7000EAE710B504460A4611F0800F20D101F0B1
:102D80000F0000EBC0039B0003F514732344191DCF
:102D900000EBC00004EB8000002380F8553202F005
:102DA0000F020A7094F89434012B18D0012384F890
:102DB0009434206802F042F9002084F8940410BD95
:102DC00001F00F0000EBC0039B0010332344191DDA
:102DD00000EBC00004EB800001234375DFE7022015
:102DE000EDE710B5144601F00F0C0CEBCC01890097
:102DF00001F51471014404310CEBCC0E00EB8E0E86
:102E0000CEF86022CEF864320023CEF868328EF815
:102E100055328EF854C28279012A04D0006802F03B
:102E2000F3F9002010BDCEF87042F7E701F00F0172
:102E300001EBC10100EB8100D0F86802704710B5CA
:102E4000144601F00F0C0CEBCC0189001031014449
:102E500004310CEBCC0E00EB8E0ECEF82020CEF819
:102E600024300023CEF8283001238EF815308EF858
:102E700014C082799A4204D0006802F0C5F900209B
:102E800010BDCEF83040F7E738B501F00F050279F4
:102E9000AA4238D304460B4611F0800F1FD101EB34
:102EA000C101890001F514710144043103EBC3032E
:102EB00000EB8303002283F8552201238B700D70F1
:102EC00094F89434012B20D0012384F894342068A2
:102ED00002F0DFFA85B1002084F8940438BD05EBD8
:102EE000C501890010310144043105EBC50300EB35
:102EF000830301225A75E0E704F29C42A17920681D
:102F000002F0C0FBE7E70120E8E70220E6E701F076
:102F10000F0302799A4230D310B5044611F0800FA6
:102F20001ED103EBC301890001F514710144043182
:102F300003EBC30200EB8202002082F8550200225C
:102F40008A700B7094F89434012B18D0012384F804
:102F50009434206802F0CAFA002084F8940410BD6A
:102F600003EBC301890010310144043103EBC302B8
:102F700000EB820201205075E1E70120704702203A
:102F8000EDE708B511F0800F0CD101F00F0101EB56
:102F9000C101890001F5147101440431006802F097
:102FA000BDF808BD01F00F0101EBC101890010312E
:102FB00001440431F2E72DE9F04F83B0044605687F
:102FC000284602F01CFB10B103B0BDE8F08F0646A6
:102FD000206802F0E5FA0028F6D005F50067BB6826
:102FE000C3F30D23C4F8D434206802F0D9FA10F0EA
:102FF000020F04D02268536903F002035361206872
:1030000002F0CEFA10F0100F15D02268936923F069
:1030100010039361D5F8208008F00F0908F4F0132D
:10302000B3F5802F4CD0B3F5402F6FD02268936951
:1030300043F010039361206802F0B2FA10F4002FFD
:1030400076D1206802F0ACFA10F4802F40F0E080D6
:10305000206802F0A5FA0028C0F26181206802F021
:103060009FFA10F4006F09D0BB6813F0010F40F015
:103070006E812268536903F400635361206802F093
:103080008FFA10F4805F40F06681206802F088FAC1
:1030900010F4005F40F0B381206802F081FA10F074
:1030A000080F40F0C481206802F07AFA10F0800F17
:1030B00000F0D781AB6923F08003AB610126C0E14A
:1030C00047F6F07318EA030FB0D04FEA181A4FEA28
:1030D000C903019309EBC90B04EB8B0BC8F30A126C
:1030E000DBF86012284602F0B1F9DBF86032CAF36F
:1030F0000A0A5344CBF86032DBF86832019A4A443A
:1031000004EB82025344C2F868328FE7082204F2CB
:103110009C41284602F09AF909EBC90304EB8303AA
:10312000D3F86822C8F30A184244C3F868227DE73E
:10313000206802F039FA8046B14635E005EB4913C4
:103140000122C3F8082B49462046FFF70FFD3CE05B
:1031500005EB49130822C3F8082B49462046FFF720
:1031600087FD35E009EBC90304EB830393F857327D
:10317000012B41D005EB49130222C3F8082B1AF0AA
:10318000200F04D005EB49132022C3F8082B1AF4B2
:10319000005F05D005EB49134FF40052C3F8082B2C
:1031A00009F101094FEA5808B8F1000F3FF449AF9F
:1031B00018F0010FF4D05FFA89FB5946206802F03D
:1031C00003FA824610F0010FB8D11AF0080FBFD1F0
:1031D0001AF0100F04D005EB49131022C3F8082B86
:1031E0001AF0020FCBD06B6913F0800FBAD07B6856
:1031F00043F480637B60B5E709EBC90304EB830309
:10320000002283F857225946204603F06BFFB1E7AE
:10321000206802F0D1F98046B14625E059462046A3
:1032200003F01EFF1AF0080F04D005EB4913082223
:10323000C3F808291AF0100F04D005EB4913102227
:10324000C3F808291AF0400F04D005EB49134022B7
:10325000C3F808291AF0020F40D11AF0800F59D193
:1032600009F101094FEA5808B8F1000F3FF4F0AE38
:1032700018F0010FF4D05FFA89FB5946206802F07C
:10328000ACF9824610F0010FCCD009F00F020121F9
:1032900001FA02F27B6B23EA02037B6305EB49131D
:1032A000C3F80819A3798B42B8D109EBC90304EB21
:1032B00083031A6AD9690A441A62B9F1000FADD1C1
:1032C00009EBC90304EB83035B6A002BA6D104F26C
:1032D0009C420121206802F0D5F99FE74946284623
:1032E00001F032FD09EBC90304EB8303DB7D012B05
:1032F00005D005EB49130222C3F80829ADE709EB15
:10330000C90304EB83030022DA755946204603F013
:10331000EFFEEEE749462046FFF71CFBA0E77B687F
:1033200023F001037B6094F8CC34012B08D02046B5
:1033300003F0D2FE2268536903F0004353618DE627
:10334000002184F8CC14204600F03EF9F2E7204634
:1033500003F0AAFE8DE67B6823F001037B60102159
:10336000206801F0F1FC1AE005EB46134FF67F31BF
:10337000C3F80819D3F8002922F40012C3F8002971
:10338000C3F8081BD3F8002B22F40012C3F8002B5B
:10339000D3F8002B42F00062C3F8002B01362379EA
:1033A000B342E1D8FB6943F00113FB61E37BDBB17E
:1033B000D7F8843043F00B03C7F884307B6C43F0BC
:1033C0000B037B64D5F8003823F4FE63C5F800389E
:1033D00004F29C42A179206802F054F922685369F2
:1033E00003F48053536150E67B6943F4005343F088
:1033F0002B037B613B6943F00B033B61E2E72068F1
:1034000002F032F9206801F0BBFDE071266800F09F
:10341000DDFB0146E279304601F018FC204603F05E
:1034200030FE2268536903F40053536134E62046AA
:1034300003F021FE2268536903F00803536132E66A
:1034400001362379B3420CD906EBC60304EB8303A0
:1034500093F85732012BF3D1F1B22046FFF791FDDB
:10346000EEE7206802F09CF810F4801F25D1206858
:1034700002F096F810F4001F58D0012326E0013620
:103480002379B3421BD905EB4613D3F8002906EB89
:10349000C60304EB83031B7E012BF0D1002AEEDA76
:1034A00006EBC60304EB83030122DA7566F07F01A5
:1034B000C9B22046FFF765FDE1E70126E0E7226893
:1034C000536903F480135361D1E7013322799A429F
:1034D00027D905EB4312D2F8001B03EBC30204EB20
:1034E000820292F85822012AEFD10029EDDAD4F8AD
:1034F000D42482EA114212F0010FE6D103EBC30299
:1035000004EB8202012182F85712AA6942F080027C
:10351000AA616A6912F0800FD7D17B6843F4007307
:103520007B602268536903F400135361206802F042
:1035300037F810F0804F10D1206802F031F810F009
:10354000040F3FF441AD23685D6815F0040F0DD101
:10355000226853682B43536036E5204603F0CEFDC6
:103560002268536903F080435361E5E7204603F086
:10357000CBFDEDE710B40468606A31B940EA02405F
:10358000A06200205DF8044B70478C46A36A00EBF4
:103590001340002308E003F1400104EB8101496876
:1035A00000EB11400133DBB20CF1FF318B42F2D35F
:1035B00040EA02400CF13F0104EB81046060E0E767
:1035C000036859620020704770470000002800F02F
:1035D000E08170B582B00446036813F0010F3BD060
:1035E0009F4B9B6803F00C03042B2CD09C4B9B68D7
:1035F00003F00C03082B21D06368B3F5803F4FD054
:10360000B3F5A02F52D0964B1A6822F480321A607C
:103610001A6822F480221A606368002B50D0FEF7EB
:1036200013FB05468E4B1B6813F4003F14D1FEF7C5
:103630000BFB401B6428F5D90320B1E1884B5B6884
:1036400013F4800FD8D0864B1B6813F4003F03D0CF
:103650006368002B00F09F81236813F0020F54D0A1
:103660007F4B9B6813F00C0F3ED07D4B9B6803F0A3
:103670000C03082B33D0E368002B68D0794B012270
:103680001A60FEF7E1FA0546754B1B6813F0020F4E
:1036900054D1FEF7D9FA401B0228F5D903207FE167
:1036A0006F4A136843F480331360B5E76C4B1A68B4
:1036B00042F480221A601A6842F480321A60ABE742
:1036C000FEF7C2FA0546664B1B6813F4003FC3D0F1
:1036D000FEF7BAFA401B6428F5D9032060E1604B7D
:1036E0005B6813F4800FC6D15D4B1B6813F0020FAB
:1036F00003D0E368012B40F05081594A136823F04E
:10370000F803216943EAC1031360236813F0080F2B
:1037100042D063696BB3534B0122C3F8802EFEF78E
:1037200093FA05464E4B5B6F13F0020F34D1FEF750
:103730008BFA401B0228F5D9032031E1484A13686F
:1037400023F0F803216943EAC1031360DDE7454B29
:1037500000221A60FEF778FA0546414B1B6813F009
:10376000020FD2D0FEF770FA401B0228F5D90320D1
:1037700016E13C4B0022C3F8802EFEF765FA0546A1
:10378000374B5B6F13F0020F06D0FEF75DFA401B5C
:103790000228F5D9032003E1236813F0040F77D042
:1037A0002F4B1B6C13F0805F33D1002301932C4B04
:1037B0001A6C42F080521A641B6C03F08053019320
:1037C000019B0125284B1B6813F4807F23D0A3683D
:1037D000012B34D0052B38D0214B1A6F22F0010277
:1037E0001A671A6F22F004021A67A368002B3DD0F3
:1037F000FEF72AFA06461A4B1B6F13F0020F46D14A
:10380000FEF722FA801B41F288339842F3D9032055
:10381000C6E00025D6E7144A136843F480731360AA
:10382000FEF712FA0646104B1B6813F4807FCED1C8
:10383000FEF70AFA801B0228F5D90320B0E0084AF7
:10384000136F43F001031367CFE7054B1A6F42F084
:1038500004021A671A6F42F001021A67C5E700BF37
:10386000003802400000474200700040FEF7ECF9CB
:103870000646524B1B6F13F0020F08D0FEF7E4F917
:10388000801B41F288339842F3D9032088E0EDB9D8
:10389000A369002B00F08380484A926802F00C0272
:1038A000082A51D0022B17D0454B00221A66FEF78A
:1038B000CBF90446414B1B6813F0007F42D0FEF762
:1038C000C3F9001B0228F5D9032069E03B4A136CB9
:1038D00023F080531364DBE7394B00221A66FEF7AE
:1038E000B3F90546354B1B6813F0007F06D0FEF791
:1038F000ABF9401B0228F5D9032051E0E369226AA5
:103900001343626A43EA8213A26A5208013A43EA05
:103910000243E26A43EA0263284A5360284B0122C9
:103920001A66FEF791F90446244B1B6813F0007FDA
:1039300006D1FEF789F9001B0228F5D903202FE0F4
:1039400000202DE000202BE0012B2BD01B4B5B68CF
:1039500003F48001E269914226D103F03F02216A1B
:103960008A4223D1616A47F6C0721A40B2EB811FC6
:103970001ED103F44031A26A5208013AB1EB024F62
:1039800018D103F07063E26AB3EB026F14D1002028
:1039900006E001207047012002E0012000E0002045
:1039A00002B070BD0120FBE70120F9E70120F7E735
:1039B0000120F5E70120F3E70120F1E7003802409C
:1039C0000000474208B5264B9B6803F00C03042B0C
:1039D00041D0082B41D1224B5A6802F03F025B686C
:1039E00013F4800F12D01E4B5968C1F388111D4883
:1039F0000023A1FB0001FCF723FC194B5B68C3F318
:103A0000014301335B00B0FBF3F008BD144B586871
:103A1000C0F388104FEA401CBCEB000C6EEB0E0E9E
:103A20004FEA8E1343EA9C634FEA8C11B1EB0C0111
:103A300063EB0E03DB0043EA5173C90011EB000C8A
:103A400043F10003990200234FEA8C2041EA9C5184
:103A5000FCF7F6FBD1E70348D7E70348D5E700BFFB
:103A60000038024040787D010024F400002800F076
:103A70009B8070B50D4604464F4B1B6803F007034F
:103A80008B4208D2CBB24C4A1370136803F0070381
:103A90008B4240F08B80236813F0020F17D013F095
:103AA000040F04D0454A936843F4E05393602368BD
:103AB00013F0080F04D0414A936843F460439360C5
:103AC0003E4A936823F0F003A1680B439360236898
:103AD00013F0010F32D06368012B21D09A1E012A06
:103AE00025D9364A126812F0020F61D033498A682C
:103AF00022F0030213438B60FEF7A6F806462F4B15
:103B00009B6803F00C036268B3EB820F16D0FEF7DC
:103B10009BF8801B41F288339842F0D9032042E0A1
:103B2000264A126812F4003FE0D101203BE0234A0C
:103B3000126812F0007FD9D1012034E01E4B1B68BF
:103B400003F00703AB4207D9EAB21B4B1A701B689C
:103B500003F00703AB422DD1236813F0040F06D006
:103B6000164A936823F4E053E1680B43936023689B
:103B700013F0080F07D0114A936823F460432169BA
:103B800043EAC1039360FFF71DFF0C4B9B68C3F32F
:103B900003130B4AD35CD8400A4B18600A4B1868D1
:103BA000FEF706F8002070BD012070470120FAE7FB
:103BB0000120F8E70120F6E7003C0240003802400F
:103BC000A88E00080C00002008000020014B186897
:103BD000704700BF0C00002008B5FFF7F7FF044B4B
:103BE0009B68C3F38223034AD35CD84008BD00BF5F
:103BF00000380240A08E000808B5FFF7E7FF044B2D
:103C00009B68C3F34233034AD35CD84008BD00BF6E
:103C100000380240A08E000830B4026A036A23F024
:103C2000010303624568836923F073030C681C4336
:103C300022F002028B6813430B4A904206D0456083
:103C400084614A684263036230BC704723F0080312
:103C5000CA681A4322F0040325F440754A692A43CE
:103C60008D691543EBE700BF0000014030B4036AE3
:103C7000026A22F4807202624468C26922F073020E
:103C80000D68154323F400738A6843EA02230D4A42
:103C9000904206D04460C5614A68C263036230BC8A
:103CA000704723F40063CA6843EA022323F4806365
:103CB00024F440544A6944EA02148A6944EA02142A
:103CC000E8E700BF0000014030B4036A026A22F452
:103CD000805202624468C26922F4E6420D6842EAF8
:103CE000052223F400538D6843EA0533074DA842AB
:103CF00006D04460C2614A680264036230BC704707
:103D000024F480444D6944EA8514F2E70000014040
:103D100010B4036A046A24F001040462846924F084
:103D2000F00C4CEA021223F00A030B438261036297
:103D30005DF8044B704710B4036A046A24F0100461
:103D40000462846924F4704C4CEA023223F0A0032C
:103D500043EA0113826103625DF8044B7047836894
:103D600023F070030B4343F00703836070477047F1
:103D70000368274A90420ED0B0F1804F0BD0A2F5D5
:103D80007C42904207D002F58062904203D002F557
:103D90008062904203D123F070034A6813431C4AA7
:103DA00090421AD0B0F1804F17D0A2F57C429042D9
:103DB00013D002F5806290420FD002F580629042EB
:103DC0000BD002F59A32904207D002F58062904201
:103DD00003D002F58062904203D123F44073CA6895
:103DE000134323F080034A6913438A68C2620A6856
:103DF0008262074A904207D0026842F004020260E1
:103E000001224261036070470A690263F4E700BF60
:103E10000000014040B310B5044690F83D30F3B1C6
:103E2000022384F83D30214651F8040BFFF7A0FF30
:103E3000012384F8463084F83E3084F83F3084F81B
:103E4000403084F8413084F8423084F8433084F8BC
:103E5000443084F8453084F83D30002010BD80F8AF
:103E60003C3002F065F9DBE70120704740B310B544
:103E7000044690F83D30F3B1022384F83D302146EA
:103E800051F8040BFFF774FF012384F8463084F8DF
:103E90003E3084F83F3084F8403084F8413084F874
:103EA000423084F8433084F8443084F8453084F854
:103EB0003D30002010BD80F83C30FFF758FFDBE7B5
:103EC0000120704730B4036A026A22F010020262D5
:103ED0004468826922F4E6420D6842EA052223F032
:103EE00020038D6843EA05130C4DA84206D04460B8
:103EF00082614A688263036230BC704723F08003AA
:103F0000CD6843EA051323F0400324F440644D696F
:103F100044EA85048D6944EA8504E8E7000001402D
:103F200038B590F83C30012B66D004460D4601238D
:103F300080F83C300C2A5AD8DFE802F0075959596A
:103F40001B5959593059595944000068FFF764FE0C
:103F50002268936943F0080393612268936923F010
:103F6000040393612268936929690B4393610020DC
:103F70003EE00068FFF7A6FF2268936943F4006300
:103F800093612268936923F4806393612268936943
:103F9000296943EA01239361002029E00068FFF7C3
:103FA00065FE2268D36943F00803D3612268D369B0
:103FB00023F00403D3612268D36929690B43D361D9
:103FC000002015E00068FFF77FFE2268D36943F404
:103FD0000063D3612268D36923F48063D3612268CC
:103FE000D369296943EA0123D361002000E001205D
:103FF000002384F83C3038BD0220FCE710B484680C
:1040000024F47F4C42EA03220A4342EA0C02826013
:104010005DF8044B704790F83C30012B78D010B518
:104020000446012380F83C30022380F83D300268CA
:10403000936823F47F4323F0770393600B68602B2E
:104040004CD023D8402B54D011D8202B03D00AD8E1
:104050000BB1102B05D119462068FFF780FE002018
:1040600028E0012026E0302BF5D0012022E0502B63
:104070000AD1CA6849680068FFF74AFE50212068E3
:10408000FFF76DFE002015E0012013E0B3F5805F1F
:104090003AD0B3F5005F14D0702B37D1CB684A68A3
:1040A00089680068FFF7AAFF2268936843F07703E6
:1040B00093600020012384F83D30002384F83C30D5
:1040C00010BDCB684A6889680068FFF797FF2268CF
:1040D000936843F4804393600020EBE7CA68496823
:1040E0000068FFF728FE60212068FFF738FE0020F7
:1040F000E0E7CA6849680068FFF70AFE40212068C7
:10410000FFF72DFE0020D5E70020D3E70120D1E7FF
:104110000220704701F01F014FF0010C0CFA01FC66
:10412000036A23EA0C030362036A8A4013430362AF
:104130007047000010B50446084689BB94F83E302D
:10414000013B18BF0123002B60D100283ED1022380
:1041500084F83E30012201462068FFF7DBFF236828
:104160002C4A934242D023682A4A934243D0B3F167
:10417000804F40D0A2F57C4293423CD002F5806251
:10418000934238D002F58062934234D002F59A32DD
:10419000934230D01A6842F001021A60002034E0E5
:1041A000042907D008290BD094F84130013B18BFEF
:1041B0000123C8E794F83F30013B18BF0123C2E751
:1041C00094F84030013B18BF0123BCE7042805D018
:1041D000082807D0022384F84130BBE7022384F883
:1041E0003F30B7E7022384F84030B3E75A6C42F41B
:1041F00000425A64B7E79A6802F00702062A07D01D
:104200001A6842F001021A60002010BD0120FCE78C
:104210000020FAE70000014090F83C20012A35D048
:1042200010B40346012280F83C20022280F83D2091
:1042300002685068946820F0700C086840EA0C002E
:1042400050601A681248824212D0B2F1804F0FD0EB
:10425000A0F57C4082420BD000F58060824207D0FE
:1042600000F58060824203D000F59A30824204D18A
:1042700024F08004496821439160012283F83D20A5
:10428000002083F83C005DF8044B70470220704723
:1042900000000140024690F83C30012B21D0012360
:1042A00080F83C30CB6823F440738868034323F4E0
:1042B00080634868034323F400630868034323F4DE
:1042C00080530869034323F400534869034323F4EC
:1042D0008043C9690B4311684B64002082F83C009D
:1042E000704702207047026802F10C0353E8003F58
:1042F00023F0C0030C3242E800310029F3D120231F
:1043000080F841307047026802F10C0353E8003F27
:1043100023F490730C3242E800310029F3D1026893
:1043200002F1140353E8003F23F00103143242E882
:1043300000310029F3D1036B012B05D0202380F835
:104340004230002303637047026802F10C0353E814
:10435000003F23F010030C3242E800310029F3D172
:10436000ECE790F84130212B01D0022070478368A0
:10437000B3F5805F17D0036A5A1C02621A7803688B
:104380005A60C38C9BB2013B9BB2C3844BB9026899
:10439000D36823F08003D3600268D36843F04003FE
:1043A000D360002070470369002BE4D1036A1B88A7
:1043B0000268C3F308035360036A02330362E0E751
:1043C00010B504460268136923F44053C1680B43D7
:1043D0001361836802691A4343691A43C3691A4324
:1043E0000168CB6823F4164323F00C031343CB601E
:1043F0000268536923F4407381690B435361036876
:10440000314A934206D002F58062934202D0FFF710
:10441000E3FB01E0FFF7F0FBE369B3F5004F29D0C0
:104420000021031849411B1841F10001C90041EA6C
:104430005371DB00181863684FEA83024FEA9373E5
:1044400041F10001FBF7FCFE204AA2FB00314909C3
:10445000642303FB11031B013233A2FB03235B091B
:1044600003F0F00202EB011203F00F032168134482
:104470008B6010BD0023021843EB0301121841F1B9
:104480000001C90041EA5271D200101841F1000147
:10449000626892185B41FBF7D3FE0C4AA2FB003125
:1044A0004909642303FB1103DB003233A2FB03231E
:1044B0005B095A0002F4F87202EB011203F00703E1
:1044C000216813448B60D4E7001001401F85EB5135
:1044D00060B310B5044690F8413013B3242384F838
:1044E00041302268D36823F40053D3602046FFF79D
:1044F00067FF2268136923F49043136122685369AC
:1045000023F02A0353612268D36843F40053D36035
:1045100000206064202384F8413084F842306063D6
:1045200010BD80F8403002F0B7F9D7E7012070479E
:10453000704708B50168CA6822F04002CA602022AC
:1045400080F84120FFF7F4FF002008BD7047704756
:10455000704710B5846B23685B6994F84120212A69
:104560000FD023685B6903F0400394F84220222AAD
:1045700011D0636C43F0100363642046FFF7E8FF3B
:1045800010BD03F08003002BEBD00023E384204612
:10459000FFF7A9FEE5E7002BEBD00023E3852046DB
:1045A000FFF7B1FEE5E708B5806B0023C385FFF791
:1045B000CFFF08BD90F84230222B69D18368B3F554
:1045C000805F4FD0826AB3F5805F04D0002B56D154
:1045D0000369002B53D103685B681370836A01334E
:1045E0008362C38D9BB2013B9BB2C385002B51D12B
:1045F00000B583B00268D36823F02003D36002685B
:10460000D36823F48073D3600268536923F00103F5
:104610005361202380F8423000234363036B012B56
:1046200033D100230363026802F10C0353E8003F17
:1046300023F010030C3242E800310029F3D1036863
:104640001A6812F0100F06D0002201921A68019227
:104650005B680193019B818DFCF78CFA002003B00D
:104660005DF804FB0269002AACD1826A03685B68CA
:10467000C3F308031380836A02338362B1E70368DC
:104680005B6803F07F031370A8E7FFF75FFFE5E7C0
:10469000022070470020704710B582B004460268BF
:1046A0001368D068516913F00F0F09D113F0200F70
:1046B0000CD010F0200F09D02046FFF77BFF16E04A
:1046C00011F0010115D110F4907F12D1216B012955
:1046D00079D013F0800F03D010F0800F40F02181CB
:1046E00013F0400F03D010F0400F40F01E8102B0D5
:1046F00010BD13F0010F06D010F4807F03D0626C60
:1047000042F00102626413F0040F04D019B1626C2C
:1047100042F00202626413F0020F04D019B1626C1D
:1047200042F00402626413F0080F07D010F0200F6B
:1047300000D119B1626C42F008026264626C002A16
:10474000D5D013F0200F02D010F0200F29D123680C
:104750005B6903F04003626C12F0080F00D163B391
:104760002046FFF7D0FD23685B6913F0400F20D08F
:10477000226802F1140353E8003F23F0400314328F
:1047800042E800310029F3D1E36B73B1694A1A653D
:10479000E06BFDF7EAFD0028A9D0E06B036D9847B8
:1047A000A5E72046FFF706FFD1E72046FFF7D0FE3A
:1047B0009DE72046FFF7CCFE99E72046FFF7C8FEAD
:1047C0000023636493E713F0100F82D010F0100FF2
:1047D0003FF47FAF00230193136801935368019363
:1047E000019B536913F0400F5FD0E26B13685B6865
:1047F0009BB2002B4AD0A18D994247D9E385D3695A
:10480000B3F5807F37D0226802F10C0353E8003FF4
:1048100023F480730C3242E800310029F3D122687E
:1048200002F1140353E8003F23F00103143242E87D
:1048300000310029F3D1226802F1140353E8003F4C
:1048400023F04003143242E800310029F3D1202341
:1048500084F8423000232363226802F10C0353E8FA
:10486000003F23F010030C3242E800310029F3D15D
:10487000E06BFDF731FD02236363A18DE38D9BB2F5
:10488000C91A89B22046FCF775F930E7A18D994223
:104890007FF42DAFD369B3F5807F7FF428AF022377
:1048A00063632046FCF766F921E7A18DE38D9BB297
:1048B000C91A89B2E38D9BB2002B3FF418AF0029CF
:1048C0003FF415AF226802F10C0353E8003F23F4D4
:1048D00090730C3242E800300028F3D1226802F1D4
:1048E000140353E8003F23F00103143242E8003080
:1048F0000028F3D1202384F8423000232363226868
:1049000002F10C0353E8003F23F010030C3242E89D
:1049100000300028F3D1022363632046FCF72AF914
:10492000E5E62046FFF71DFDE1E62046FFF701FE24
:10493000DDE600BFA745000808B5806B012343638F
:10494000036B012B02D0FFF702FE08BD818D4908E1
:10495000FCF710F9F9E708B50346806B1B681B6884
:1049600013F4807F2BD10023C385026802F10C036E
:1049700053E8003F23F480730C3242E800310029F1
:10498000F3D1026802F1140353E8003F23F001035E
:10499000143242E800310029F3D1026802F1140315
:1049A00053E8003F23F04003143242E8003100296D
:1049B000F3D1202380F84230036B012B07D0002372
:1049C0004363036B012B0FD0FFF7C0FD08BD0268E6
:1049D00002F10C0353E8003F23F010030C3242E8CD
:1049E00000310029F3D1EAE7818DFCF7C3F8EDE748
:1049F00030B583B00446134681628285002242644A
:104A0000222084F84200E06B244DC563E06B244D06
:104A10000564E06B234DC564E06B026520680A46BF
:104A2000011DE06BFDF724FC00282FD1002301932A
:104A300023681A6801925B680193019B23695BB14B
:104A4000226802F10C0353E8003F43F480730C32F8
:104A500042E800310029F3D1226802F1140353E83F
:104A6000003F43F00103143242E800310029F3D142
:104A7000226802F1140353E8003F43F0400314326C
:104A800042E800310029F3D103B030BD1023636444
:104A9000202384F842300120F6E700BF5749000880
:104AA000394900085345000890F84230202B27D19F
:104AB00010B582B0044629B312B9012002B010BD6E
:104AC0000123036300234363FFF792FF236B012B52
:104AD00001D00120F2E70023019323681A680192B4
:104AE0005B680193019B226802F10C0353E8003FCD
:104AF00043F010030C3242E800310029F3D1DDE726
:104B0000022070470120D9E7FEE7FEE7FEE7FEE757
:104B1000FEE7704708B54FF0E0231B69FDF788F802
:104B200001F0AEFA012800D108BDFCF7BBFBFBE7A2
:104B300008B50248FFF7B0FD08BD00BF044E0020D5
:104B400008B50248FDF724FC08BD00BF5C4D0020FD
:104B500008B50248FEF72FFA08BD00BF48630020E1
:104B600082B000230193019B01330193019BB3F1B8
:104B7000706F1CD80369002BF5DA0A23019302E059
:104B8000019B013B0193019B002BF9D1036943F089
:104B900001030361019B01330193019BB3F1706F2A
:104BA00008D8036913F0010FF4D1002000E00320BE
:104BB00002B070470320FBE784B010B5044603A899
:104BC00080E80E009DF81130012B21D1A36B23F456
:104BD0008033A363E36823F4840323F04003E3609A
:104BE000E36823F44013E3609DF81830012B0AD0EA
:104BF0002046FFF7B5FF9DF80E30012B1CD0BDE815
:104C0000104004B07047E36843F48013E360EFE7BB
:104C1000E36843F04003E3602046FFF7A1FF9DF8FF
:104C2000153023B9A36B43F48033A363E3E7A36B8D
:104C300023F48033A363DEE7A36843F00603A36095
:104C4000A36843F02003A360D9E70000022A0AD03A
:104C50000922C36823F47053C360C36843EA822304
:104C6000C36000207047234B0B44234A93422FD943
:104C7000224B0B44224A93422CD9A1F57403A3F58D
:104C80001053204A934227D9A1F18373A3F5E74338
:104C90001D4A934222D31D4B0B441D4A93421FD9F8
:104CA0001C4B0B441C4A93421CD31C4B0B441C4A08
:104CB000934219D3A1F1B773A3F55853194A9342FC
:104CC00014D3194B0B44194A934211D20722C0E75F
:104CD0000F22BEE70E22BCE70D22BAE70C22B8E78E
:104CE0000B22B6E70A22B4E70922B2E70822B0E7AE
:104CF0000622AEE7405327FFFF340C00401E1BFF87
:104D00003F420F007F4F120020D6130060B6E5FE31
:104D10005FE3160000D3CEFE40771B00C05BB3FEFE
:104D2000C091210020753800E05459FEE09C4100FC
:104D3000836843F00103836000207047836823F099
:104D4000010383600020704782B000230193019B20
:104D500001330193019BB3F1706F15D80369002BE8
:104D6000F5DA00230193890141F020010161019BE3
:104D700001330193019BB3F1706F08D8036913F0FD
:104D8000200FF4D1002000E0032002B07047032080
:104D9000FBE782B000230193019B01330193019B48
:104DA000B3F1706F13D80369002BF5DA0023019378
:104DB00010230361019B01330193019BB3F1706FD9
:104DC00008D8036913F0100FF4D1002000E003208D
:104DD00002B070470320FBE7D0F800381943C0F851
:104DE000001800207047000084B0F8B5044607A8FA
:104DF00080E80E00002306E003F1400204EB82028B
:104E00000021516001330E2BF6D99DF8266006BBB8
:104E1000D4F8043843F00203C4F80438A36B43F415
:104E20000013A363A36B23F40023A363A36B23F4F6
:104E30008023A3630023C4F8003E9DF82130012B9A
:104E400015D19DF81F306BB900212046FFF7C4FF34
:104E500011E0A36B23F40013A363A36B43F40023BB
:104E6000A363E7E701212046FFF7B6FF03E0032134
:104E70002046FFF7B1FF10212046FFF765FF0546EA
:104E800000B101252046FFF784FF00B1012504F59C
:104E9000006C0023CCF81030CCF81430CCF81C3067
:104EA0000DE04FF09040C2F8000902E00020C2F887
:104EB000000900220A614FF67F328A6001339DF8B3
:104EC0001C1099420ED904EB431202F51061D2F87E
:104ED00000090028EADA002BE3D14FF00060C2F8A5
:104EE0000009E6E700230AE0BBB14FF09047C2F8A3
:104EF000007B002202614FF67F32826001339942CB
:104F000010D904EB431202F53060D2F8007B002F79
:104F1000EADB0027C2F8007BEBE74FF00067C2F83E
:104F2000007BE6E7DCF8103023F48073CCF8103017
:104F30000023A3616FF0804363619DF81E301BB9AD
:104F4000A36943F01003A361A2690C4B1343A3614F
:104F50009DF822301BB1A36943F00803A361012E21
:104F600004D02846BDE8F84004B07047A36943F078
:104F7000804343F00403A361F3E700BF00383C80A3
:104F8000D0F8083803F00603022B04D0062B04D017
:104F90002BB90020704702207047022070470F2075
:104FA000704710B591F800C04B78012B23D000F565
:104FB000006ED0F81C380CF00F040122A24043EA26
:104FC0000243C0F81C3800EB4C10D0F8003B13F43F
:104FD000004F0ED1D0F8003B8A68C2F30A0209796B
:104FE00042EA8142134343F0805343F40043C0F844
:104FF000003B002010BDD0F81C280CF00F0E03FA67
:105000000EF39BB21343C0F81C3800EB4C10D0F8E1
:10501000003913F4004FECD1D0F800398A68C2F39C
:105020000A02097942EA814242EA8C52134343F070
:10503000805343F40043C0F80039DAE730B40B780A
:105040004A78012A26D000EB4313D3F8002B002A1C
:1050500052DBD0F83C480A7802F00F024FF0010C06
:105060000CFA02F224EA0242C0F83C28D0F81C28CC
:10507000097801F00F010CFA01FC22EA0C42C0F899
:105080001C28D3F8001B234A0A40C3F8002B002039
:1050900030BC704700EB4313D3F80029002A1EDB15
:1050A000D0F83C580A7802F00F02012404FA02F208
:1050B00092B225EA0202C0F83C28D0F81C280978F0
:1050C00001F00F018C40A4B222EA0402C0F81C28AF
:1050D000D3F80019104A0A40C3F80029D7E7D3F8DB
:1050E000002942F00062C3F80029D3F8002942F0F9
:1050F0008042C3F80029D3E7D3F8002B42F00062C6
:10510000C3F8002BD3F8002B42F08042C3F8002BE9
:105110009FE700BF0078F3EF007833EC10B483B062
:10512000024600230193487801280BD00B7802EB4C
:105130004313D3F8000B00282DDB002003B05DF8EB
:10514000044B70470B7802EB4313D3F80049002C53
:1051500001DB0020F2E7D3F8004944F00064C3F813
:1051600000490B7802EB4313D3F8004944F0804424
:10517000C3F80049019B01330193019C42F2107373
:105180009C42DBD80B7802EB4313D3F80039002B99
:10519000F0DB0020D2E7D3F8000B40F00060C3F84A
:1051A000000B0B7802EB4313D3F8000B40F0804068
:1051B000C3F8000B019B01330193019842F2107375
:1051C000984208D80B7802EB4313D3F8003B002B2E
:1051D000F0DB0020B2E70120B0E710B59DF80840F1
:1051E00084B903334FEA930E4FF0000C08E000EB54
:1051F000023303F5805351F8044B1C600CF1010C91
:10520000F445F4D3002010BDF0B583B00C784B7892
:10521000012B2DD000EB441C0CF530631D696FF39E
:1052200012051D611D696FF3DC451D61002C40F006
:10523000CE800C690CB18C680C618C680C621D69A5
:10524000C4F312042C431C611C6944F400241C6147
:10525000012A00F0DF800B79012B00F0E180DCF8FF
:10526000003B43F00443CCF8003B002003B0F0BD0A
:105270000B6973BB00EB4413D3F810596FF3DC4593
:10528000C3F81059D3F8105945F40025C3F8105944
:10529000D3F810596FF31205C3F81059012A54D0EE
:1052A00000EB4414D4F8003943F00443C4F8003947
:1052B0000B79012B72D00B69002BD6D0D0F8343883
:1052C000097801F00F0101228A401343C0F83438F5
:1052D000CBE700EB441303F510631D696FF3120570
:1052E0001D611D696FF3DC451D6184B90E698D6810
:1052F000AE4200D90D611D6945F400251D611D698F
:105300000E69C6F3120C45EA0C051D61C6E70D696E
:105310008E683544013DB5FBF6F51E691FFA85FC24
:10532000494F07EAC54535431D610D79012DE6D189
:105330001D6925F0C0451D611D694FEA4C7C0CF0CC
:10534000C04C45EA0C051D61D9E7CB691BB100EBE8
:105350004412C2F814390B79012B08D000EB441425
:10536000D4F8003943F00443C4F800397DE7D0F89D
:10537000083813F4807F08D100EB4412D2F80039CA
:1053800043F00053C2F80039E8E700EB4412D2F8CA
:10539000003943F08053C2F80039DFE7D0F808380D
:1053A00013F4807F0CD1D4F8003943F00053C4F8D3
:1053B000003900920B8A0A78C968FFF70EFF54E79C
:1053C000D4F8003943F08053C4F80039F1E70C6990
:1053D00054B91C698D68C5F312052C431C611C6906
:1053E00044F400241C6133E78D682C44013CB4FB79
:1053F000F5F4A4B204FB05F50D621D69124E06EA30
:10540000C4442C431C611C690D6AC5F312052C436E
:105410001C611DE7CA68002A3FF41DAF5A611AE7F4
:10542000D0F8083813F4807F06D1DCF8003B43F055
:105430000053CCF8003B12E7DCF8003B43F080530C
:10544000CCF8003B0BE700BF0000F81F10B5844606
:1054500008464FEA920E02F00302002305E00CF525
:105460008051096840F8041B01337345F7D37AB1C2
:105470000CF5805CDCF800400021CBB2DB0024FAA4
:1054800003F300F8013B0131013A92B2002AF4D152
:1054900010BD0B784A78012A14D000EB4310D0F8E5
:1054A000002B002A06DB2BB1D0F8003B23F0804311
:1054B000C0F8003BD0F8003B43F40013C0F8003BB9
:1054C0000020704700EB4310D0F80029002A06DBCB
:1054D0002BB1D0F8003923F08043C0F80039D0F860
:1054E000003943F40013C0F80039E9E70B784A7833
:1054F000012A0ED000EB4310D0F8003B23F4001338
:10550000C0F8003B0B79023BDBB2012B15D9002020
:10551000704700EB4310D0F8003923F40013C0F8B3
:1055200000390B79023BDBB2012BF0D8D0F80039FF
:1055300043F08053C0F80039E9E7D0F8003B43F06E
:105540008053C0F8003BE2E7D0F8003823F4FE6354
:10555000C0F80038D0F80038090101F4FE610B43AF
:10556000C0F8003800207047D0F8003E23F0030355
:10557000C0F8003ED0F8043823F00203C0F8043825
:1055800000207047D0F8003E23F00303C0F8003E2F
:10559000D0F8043843F00203C0F804380020704704
:1055A0004269806910407047D0F8183800F50060F3
:1055B000C0691840000C7047D0F8183800F500603A
:1055C000C069184080B2704700EB4111D1F8082B38
:1055D00000F50060406910407047D0F81028D0F8FE
:1055E000343801F00F0C23FA0CF3DB01DBB2134368
:1055F00000EB411000F5106080681840704740696A
:1056000000F00100704738B50546C36823F0C04379
:10561000C360012913D019BBC36843F08043C36042
:1056200000240A20FCF716FB0A342846FFF7E7FFA0
:1056300008B1C72CF5D9C82C14D0002038BDC368D8
:1056400043F00053C36000240A20FCF703FB0A3434
:105650002846FFF7D4FF0128EDD0C72CF4D9EAE79C
:105660000120EBE70120E9E7D0F800396FF30A03E6
:10567000C0F80039D0F8043843F48073C0F8043817
:105680000020704710B4046C154B9C4203D9D0F82D
:10569000003B002B16DB0024C0F8104BD0F8104B59
:1056A00044F40024C0F8104BD0F8104B44F0180418
:1056B000C0F8104BD0F8104B44F0C044C0F8104B69
:1056C000012903D000205DF8044B7047C0F8142B6B
:1056D000D0F8003B43F08023C0F8003BF2E700BF66
:1056E0000A30544F10B503460C4A0D490D48006866
:1056F00040B10C4800680344521A934206D8094A44
:10570000136010BD0748084C0460F2E702F082FC09
:105710000C2303604FF0FF30F3E700BF00000220CE
:10572000000400009C460020786B0020034AD2F859
:10573000883043F47003C2F88830704700ED00E011
:10574000084B1B681B6823B9074B4FF0FF321A60E8
:105750007047044B1B68DB68DB685A68024B1A60B1
:10576000704700BF10470020A84600202DE9F047F1
:1057700080460D4617469946089EDDF824A00A9CEF
:105780009200A521206B02F03DFC236B07F18042C3
:10579000013A03EB820727F00707A5B34FF0000C8F
:1057A000BCF10F0F09D815F80C3004EB0C0282F88D
:1057B000343013B10CF1010CF2E7002384F84330CC
:1057C000372E00D93726E662E66400252565201DC0
:1057D000FBF7DFFB04F11800FBF7DBFB2461C6F1EC
:1057E0003806A6616462656584F858504A464146A9
:1057F0003846FBF7B9FC2060BAF1000F01D0CAF8B7
:105800000040BDE8F087002384F83430D8E700007A
:1058100038B5002407E004EB840293000E481844D6
:10582000FBF7ACFB0134372CF5D90C4D2846FBF7C0
:10583000A5FB0B4C2046FBF7A1FB0A48FBF79EFBA0
:105840000948FBF79BFB0948FBF798FB084B1D60D9
:10585000084B1C6038BD00BF3C4700202847002093
:1058600014470020F8460020E4460020CC460020E3
:10587000104700200C47002010B50446FBF7A2FC9F
:10588000224A136801331360214B1B685BB1214B23
:105890001B686BB91E4B1B68DA6AE36A9A4207D829
:1058A0001B4B1C6004E01A4B1C601368012B29D0B1
:1058B000194A1368013313606364E06A174B1B686D
:1058C000984201D9154B186000EB8000211D144B44
:1058D00003EB8000FBF760FBFBF796FC0D4B1B68AE
:1058E0007BB10B4B1B68DA6AE36A9A4209D24FF02C
:1058F000E0234FF08052C3F8042DBFF34F8FBFF366
:105900006F8F10BDFFF784FFD2E700BFC8460020AD
:105910009C4B0020BC460020AC460020C046002026
:105920003C47002010B5044690F8593063B1012B74
:1059300011D0022B0ED04FF0500383F31188BFF328
:105940006F8FBFF34F8FFEE7006BFBF783FA2046A4
:10595000FBF780FA10BDFBF77DFAFBE70F4B1B68E6
:10596000D3B110B5FBF72EFC0D4BDB68DC68201DB6
:10597000FBF736FB0B4A1368013B1360074A1368B9
:10598000013B1360FBF740FC2046FFF7CBFF034BC6
:105990001B68002BE6D110BD704700BFE046002019
:1059A000E4460020C846002008B5FFF7D7FF074BA4
:1059B0001B68012BF9D94FF0E0234FF08052C3F858
:1059C000042DBFF34F8FBFF36F8FEEE73C470020EE
:1059D00070B504460D46174B1E68174B1868043007
:1059E000FBF7FEFAB4F1FF3F0DD03444124B1B68B5
:1059F0005C60A64210D9114B18680F4B196804312E
:105A0000FBF7D5FA70BD002DEFD00B4B19680431B0
:105A10000B48FBF7C1FAF5E70A4B1868064B196803
:105A20000431FBF7C4FA084B1B68A342EAD9064BC2
:105A30001C60E7E7C44600209C4B00200C47002078
:105A4000CC46002010470020A846002030B587B083
:105A50000B9C7CB10C9DB5B15C250495049D5C2D1F
:105A60001AD04FF0500383F31188BFF36F8FBFF349
:105A70004F8FFEE74FF0500383F31188BFF36F8F12
:105A8000BFF34F8FFEE74FF0500383F31188BFF34E
:105A90006F8FBFF34F8FFEE7049D0C9D2C63022494
:105AA00085F8594000240394029505AC01940A9CA2
:105AB0000094FFF75BFE0C98FFF7DEFE059807B039
:105AC00030BD2DE9F04385B00746884614461E4692
:105AD0009000FBF73DF908B381465C20FBF738F9ED
:105AE0000546A8B1C0F83090002380F859300393E0
:105AF00002900D9B01930C9B009333462246414636
:105B00003846FFF733FE2846FFF7B6FE012007E0D0
:105B10004846FBF79FF94FF0FF3001E04FF0FF30B0
:105B200005B0BDE8F083000010B588B000240594EE
:105B3000069407AA06A905A8FAF7C8FC059B0293D4
:105B4000069B019300942346079A17491748FFF7CD
:105B50007DFF174B1860C0B100F0AAFC012815D1D9
:105B60004FF0500383F31188BFF36F8FBFF34F8F54
:105B7000104B4FF0FF321A600F4B01221A600F4B8F
:105B800000221A60FBF7B8FB03E00020B0F1FF3FF2
:105B900001D008B010BD4FF0500383F31188BFF35C
:105BA0006F8FBFF34F8FFEE7CC8D0008A959000817
:105BB000A4460020A8460020BC460020C446002081
:105BC000024A136801331360704700BFA0460020EB
:105BD000014B1868704700BFC446002008B5FBF7AA
:105BE00017FC014B186808BDC4460020F8B53A4BB5
:105BF0001B68002B69D1394B1D6801351D60C5B983
:105C0000374B1B681B6843B14FF0500383F3118877
:105C1000BFF36F8FBFF34F8FFEE7314A1168314BEF
:105C2000186810601960304A136801331360FFF779
:105C300087FD2E4B1B68AB423DD900272C4B1B68C0
:105C4000DB6A03EB83039A002A4B9B58012B00D994
:105C50000127294B1B68002B3CD001273AE0012784
:105C60001F4B1B681B6843B31D4B1B68DB68DC685C
:105C700063689D4226D3261D3046FBF7B1F9A36A1F
:105C80001BB104F11800FBF7ABF9E36A1B4A126879
:105C9000934201D9194A136003EB83039A003146FA
:105CA00014481044FBF778F9E26A114B1B68DB6A71
:105CB0009A42D4D2D4E70027D2E70C4B4FF0FF3200
:105CC0001A60BBE7094A1360B8E70D4A136801334D
:105CD000136000273846F8BDA0460020C4460020C7
:105CE000104700200C470020B0460020A8460020A6
:105CF0009C4B00203C470020B4460020C0460020BA
:105D0000B846002038B5354B1B6843B94FF05003F7
:105D100083F31188BFF36F8FBFF34F8FFEE7FBF75D
:105D200051FA2E4B1A68013A1A601B68002B4FD1AA
:105D30002B4B1B680BB900244BE00024294B1B683C
:105D40001BB3284BDB68DC6804F11800FBF748F94B
:105D5000251D2846FBF744F9E06A234B1B6898424F
:105D600001D9214B186000EB800029461F4B03EB43
:105D70008000FBF711F9E26A1D4B1B68DB6A9A424F
:105D8000DCD31C4B01221A60D8E70CB1FFF7D8FC1A
:105D9000194B1C6884B9174B1C68D4B14FF0E02331
:105DA0004FF08052C3F8042DBFF34F8FBFF36F8FB6
:105DB00001240EE0013C07D0FFF718FF0028F9D0BE
:105DC0000C4B01221A60F5E70B4B00221A60E2E748
:105DD0000024FBF719FA204638BD00BFA04600207A
:105DE000C8460020F8460020C04600203C4700205E
:105DF0009C4B0020B4460020B846002010B5A8B146
:105E00000446104B1B6843B14FF0500383F31188D5
:105E1000BFF36F8FBFF34F8FFEE7FFF7D1FE002177
:105E20002046FFF7D5FDFFF76DFF48B94FF0E0239F
:105E30004FF08052C3F8042DBFF34F8FBFF36F8F25
:105E400010BD00BFA0460020204B1B681BB1204B9B
:105E500001221A6070471E4B00221A601D4B1B68FE
:105E600003EB83018A001C498A585AB90BB1013BE4
:105E7000F6E74FF0500383F31188BFF36F8FBFF342
:105E80004F8FFEE7084603EB83018A000244516806
:105E90004968516003EB830C4FEA8C0208320244DC
:105EA00091420BD003EB830291000B4A0A445268E3
:105EB000D1680A4A1160074A136070474868624611
:105EC0009100054A0A445060ECE700BFA04600205C
:105ED000B4460020C04600203C4700209C4B0020D8
:105EE00058B110B50C46094A11681831FBF75FF834
:105EF00001212046FFF76CFD10BD4FF0500383F3E6
:105F00001188BFF36F8FBFF34F8FFEE79C4B0020CC
:105F100038B570B10D4614460A4A11681831FBF7BE
:105F20003BF80CB14FF0FF3521462846FFF750FDF6
:105F300038BD4FF0500383F31188BFF36F8FBFF369
:105F40004F8FFEE79C4B002038B5C368DC6824B354
:105F500004F118052846FBF743F8184B1B682BBBC8
:105F6000251D2846FBF73CF8E06A154B1B68984254
:105F700001D9134B186000EB80002946114B03EB4D
:105F80008000FBF709F8E26A0F4B1B68DB6A9A4254
:105F900011D901200D4B186038BD4FF0500383F329
:105FA0001188BFF36F8FBFF34F8FFEE72946084874
:105FB000FAF7F2FFE7E70020EEE700BFA046002077
:105FC000C04600203C4700209C4B0020B4460020E7
:105FD000F8460020034B1B680360034B1B684360BB
:105FE000704700BFB0460020C4460020E0B170B545
:105FF0000C46054609B3FBF7E5F81C4B19686B68BE
:10600000C81A2268B2F1FF3F28D0DFF864C0DCF87C
:1060100000C02E68664501D08B4224D9824215D833
:106020000023236001241AE04FF0500383F311880A
:10603000BFF36F8FBFF34F8FFEE74FF0500383F333
:106040001188BFF36F8FBFF34F8FFEE75B1A1344C6
:1060500023602846FFF7BEFF002400E00024FBF782
:10606000D3F8204670BD0124F9E700BFC4460020E4
:10607000B0460020014B01221A607047B446002050
:10608000054B1B6833B1054B1B680BB100207047F3
:106090000220704701207047BC460020A046002027
:1060A00000283BD038B504461E4B1B68834208D0FD
:1060B0004FF0500383F31188BFF36F8FBFF34F8FFF
:1060C000FEE7036D43B94FF0500383F31188BFF32C
:1060D0006F8FBFF34F8FFEE7013B0365C16AC26C50
:1060E00091421DD00BB1002038BD051D2846FAF79E
:1060F00077FFE06CE062C0F13803A3610A4B1B68D4
:10610000984201D9084B186000EB80002946074BE4
:1061100003EB8000FAF740FF0120E5E7002070471D
:106120000020E1E79C4B0020C04600203C470020B7
:1061300082B00368104A934204D0B3F1804F0ED06E
:1061400002B07047002300930C4B5A6C42F00102DE
:106150005A645B6C03F001030093009BF0E700239B
:106160000193064B1A6C42F001021A641B6C03F097
:1061700001030193019BE3E7000001400038024066
:1061800000B589B000230393049305930693079306
:1061900003681C4A934205D0B3F1804F1AD009B06E
:1061A0005DF804FB00230193174B1A6B42F00102C8
:1061B0001A631B6B03F001030193019B4FF4E0632F
:1061C0000393022304930123079303A90F48FCF7C9
:1061D000CDF9E4E7002302930B4B1A6B42F0010266
:1061E0001A631B6B03F001030293029B22230393A8
:1061F000022304930123079303A90448FCF7B6F98B
:10620000CDE700BF0000014000380240000002401E
:1062100010B596B00024129413941494159410940D
:10622000119409940A940B940C940D940E940F9469
:106230002022214601A801F0E5FE3648364B0360D6
:106240005F234360846044F61F63C360046144615C
:106250008461FDF7DFFD002844D14FF48053129391
:1062600012A92C48FDF7D7FE00283ED12948FDF79A
:10627000FDFD00283CD100231093119310A925485F
:10628000FDF7CAFF002836D16023099300220A9245
:106290000B920C920D920E920F9209A91D48FDF7D8
:1062A0003FFE58BB042209A91A48FDF739FE40BB3E
:1062B000082209A91748FDF733FE28BB00230193E4
:1062C00002930393049305934FF4005206920893AC
:1062D00001A91048FDF7DEFFC8B90E48FFF750FFCF
:1062E00016B010BDFAF78FFEB7E7FAF78CFEBDE7E0
:1062F000FAF789FEBFE7FAF786FEC5E7FAF783FEED
:10630000D0E7FAF780FED3E7FAF77DFED6E7FAF793
:106310007AFEE2E7E84B00200000014000B58FB0B4
:1063200000230A930B930C930D9308930993019305
:1063300002930393049305930693079325484FF024
:10634000804202606022426083606422C260036116
:106350008361FDF75FFD58BB4FF480530A930AA990
:106360001C48FDF758FE30BB1A48FDF77FFD28BBDF
:1063700000230893099308A91648FDF74DFF00BBB9
:1063800060230193002202920392059201A9114811
:10639000FDF7C6FDC0B904220DEB02010D48FDF763
:1063A000BFFDA0B90B48FFF7EBFE0FB05DF804FB93
:1063B000FAF729FED0E7FAF726FED5E7FAF723FE2B
:1063C000D6E7FAF720FEDBE7FAF71DFEE3E7FAF778
:1063D0001AFEE7E7A04B0020064B1A6813682BB99A
:1063E0000123036023B9D368186870470023F8E7D6
:1063F00000207047304D002008B541600061914297
:106400000CD8D21A83699A4201D3012008BD011D1C
:10641000094B1868FAF7CBFD0020F7E79A4201D242
:10642000994206D2011D054B1868FAF7C0FD0020FD
:10643000ECE70120EAE700BF2C4D0020304D0020A2
:1064400030B583B0FAF7BEFE114B1B681BB1FAF7EB
:10645000DBFE03B030BD0F4D2846FAF78FFD0E4C22
:106460002046FAF78BFD0D4B1D600D4B1C60002381
:1064700000930C4B0C4A10210A20FBF7EAF8044B5E
:1064800018600028E3D00949FBF708FBDFE700BFED
:10649000284D0020484D0020344D0020304D002074
:1064A0002C4D0020304C0020804C0020D48D000862
:1064B00010B588B0FFF7C4FF124B1B68CBB10024A6
:1064C0000594069407AA06A905A8FAF70BF8059BF8
:1064D0000293069B0193022300932346079A0A49DD
:1064E0000A48FFF7B3FA0A4B186010B1012008B050
:1064F00010BD4FF0500383F31188BFF36F8FBFF3CC
:106500004F8FFEE7284D0020DC8D0008156800083D
:10651000244D0020B8B19C4603461848006858B383
:1065200000B585B000910192029305291CDCFFF7AC
:10653000A7FD022810D000231A4669460F480068BC
:10654000FBF7D1F815E04FF0500383F31188BFF348
:106550006F8FBFF34F8FFEE70023069A6946074807
:106560000068FBF7C0F804E0002362466946FBF7C9
:106570007EF905B05DF804FB00207047284D00202F
:1065800070B582B01B4B1B681A6862B3DB681E686B
:10659000DC68251D2846FAF723FD236A2046984724
:1065A00094F8283013F0040FECD0A36933449E42D2
:1065B00007D26360246129460E4B1868FAF7F7FC8E
:1065C000E0E7002100910B4632462046FFF7A2FF8C
:1065D0000028D7D14FF0500383F31188BFF36F8F9A
:1065E000BFF34F8FFEE7044A10680249086013604A
:1065F00002B070BD304D00202C4D002038B505464E
:10660000FFF7E6FA0446074B1B68834205D80023D0
:106610002B60044B1C60204638BDFFF7B1FF0123FF
:106620002B60F6E7204D002070B582B006460D467F
:1066300017490968C968CC68201DFAF7D1FC94F89D
:1066400028C01CF0040F08D12CF0010C84F828C0DD
:10665000236A2046984702B070BDA16933462A4696
:1066600031442046FFF7C8FE0028F1D000210091F8
:106670000B4632462046FFF74DFF0028E8D14FF089
:10668000500383F31188BFF36F8FBFF34F8FFEE783
:10669000304D002070B582B006460C46FFF790FAE8
:1066A00001A8FFF7ABFF019B33BB0546E4B9B0423D
:1066B00013D22246711B124B1868FBF703FAFFF73F
:1066C00021FBD8B94FF0E0234FF08052C3F8042DDE
:1066D000BFF34F8FBFF36F8F10E0FFF713FB294617
:1066E0003046FFF7A1FF09E0064A126812680AB9AE
:1066F0000124DEE71C46DCE7FFF704FB02B070BDB7
:10670000284D00202C4D002010B588B002E0049BDD
:10671000002B0FDA002204A93D4B1868FBF70EF995
:10672000002872D0049B002BF1DA07990698059B8C
:106730009847ECE7069C636913B1201DFAF750FCFB
:1067400003A8FFF75BFF0246049B092BE2D8DFE8B2
:1067500003F00505052F364E05052F3694F8283031
:1067600043F0010384F82830059BA16919442046B1
:10677000FFF742FE0028CDD0236A2046984794F8C0
:10678000283013F0040FC5D0A269002100910B46F8
:10679000059802442046FFF7BDFE0028BAD14FF00D
:1067A000500383F31188BFF36F8FBFF34F8FFEE762
:1067B00094F8283023F0010384F82830AAE794F8ED
:1067C000283043F0010384F828300599A16129B1EC
:1067D000034601442046FFF70FFE9BE74FF05003AE
:1067E00083F31188BFF36F8FBFF34F8FFEE794F8E9
:1067F000283013F0020F04D023F0010384F828306E
:1068000088E72046FAF726FB84E708B010BD00BFF2
:10681000284D002000B583B001A8FFF7DDFD0199E8
:10682000FFF738FFFFF770FFF6E7000008B50A48EA
:106830000A4B03600A4B436000238360C36003611B
:106840000C2242618361C361FDF742FE00B908BDBD
:10685000FAF7D9FBFBE700BF044E0020001001400F
:10686000A068060008B50A480A4B03604FF4E133FC
:10687000436000238360C36003610C224261836133
:10688000C361FDF725FE00B908BDFAF7BCFBFBE7C5
:10689000BC4D0020004400402DE9F0438BB00023A4
:1068A000059306930793089309930368474A934215
:1068B00005D0474A934265D00BB0BDE8F08304464B
:1068C00000250095434B5A6C42F010025A645A6CF2
:1068D00002F010020092009A01951A6B42F0010238
:1068E0001A631A6B02F001020192019A02951A6B67
:1068F00042F002021A631B6B03F002030293029B35
:106900004FF4004305934FF00209CDF818904FF073
:106910000308CDF820800727099705AE31462E4899
:10692000FBF724FE08230593CDF818900795CDF8C2
:106930002080099731462948FBF718FE2848294B43
:1069400003604FF0006343608560C5604FF480636F
:106950000361456185614FF48073C36105624562DF
:10696000FBF720FC58B91E4BE3639C630022052112
:106970002520FBF773FB2520FBF780FB9CE7FAF74C
:1069800042FBF0E700210391124B1A6C42F40032F3
:106990001A641A6C02F400320392039A04911A6B7F
:1069A00042F001021A631B6B03F001030493049B82
:1069B0000C230593022306930323089307230993CB
:1069C00005A90548FBF7D2FD76E700BF001001409E
:1069D0000044004000380240000002400004024031
:1069E0005C4D00204064024008B500220F49104869
:1069F00000F032FC70B90F490D4800F044FC60B95A
:106A00000D490B4800F039FA50B9094800F05BFC19
:106A100048B908BDFAF7F7FAEDE7FAF7F4FAEFE745
:106A2000FAF7F1FAF1E7FAF7EEFAF2E7E000002000
:106A30004C4E0020540000209800002010B5D0F8E3
:106A4000D43203F1B00250F822408CB100EB820046
:106A500043687BB194F80002FF280DD09B6894F83E
:106A6000012221469847FF2384F80032002010BD00
:106A70000320FCE70020FAE70020F8E70A23038060
:106A8000004870478C000020F8B506460F4F822161
:106A9000384600F0D0FD05460121384600F0CBFD18
:106AA00004468121384600F0C6FD0DB11022AA71BE
:106AB0001CB1402222710022627118B14022027181
:106AC00000224271432333800048F8BD10000020AB
:106AD000F8B506460F4F8221384600F0ACFD05465A
:106AE0000121384600F0A7FD04468121384600F018
:106AF000A2FD0DB11022AA711CB140222271002208
:106B0000627118B140220271002242714323338026
:106B10000048F8BD10000020F8B506460F4F82214E
:106B2000384600F088FD05460121384600F083FD17
:106B300004468121384600F07EFD0DB11022AA7175
:106B40001CB1002222710222627118B1002202716E
:106B500002224271432333800048F8BD1000002018
:106B600038B5D0F8D432B03350F8235095B104463C
:106B700000F01AFBC5F80C02D4F8D432B03304EBA1
:106B800083046368DB6805F50371D5F80402984750
:106B9000002038BD0320FCE738B5D0F8C852D0F843
:106BA000D432B03350F8234084B301F00F0303EB29
:106BB000830200EB820252694AB103EBC30C05EB7E
:106BC0008C05ED69B2FBF5FC05FB1C2292B100239C
:106BD000C4F81432D0F8D432B03300EB83004368E9
:106BE0001B69ABB10A4604F50471D4F80802984752
:106BF000002038BD03EB830300EB830300245C61BA
:106C00002346224600F018FB2046F2E70320F0E777
:106C10000020EEE7F0B583B0D0F8D43203F1B00233
:106C200050F8227000228DF80720ADF80420002FC4
:106C300078D004460D46097811F0600634D0202E35
:106C400069D1EA882AB311F0800F0ED16B7887F8EA
:106C50000032EA883F2A1AD8D2B287F80122394690
:106C6000204601F053F9002659E0B03300EB8303CE
:106C70005B689B68394668789847EA88072A28BF86
:106C800007223946204601F02BF9002647E0402232
:106C9000E3E7B03300EB83035B689B68002229467F
:106CA0006878984700263AE06F780B2F2ED8DFE8F7
:106CB00007F006362D2D2D2D2D2D2D2D152490F878
:106CC0009C32032B04D0294600F0F2FC032626E078
:106CD000022201A901F004F93E4620E090F89C321E
:106CE000032B04D0294600F0E3FC032617E0012221
:106CF0000DF1070101F0F4F811E090F89C32032B3C
:106D00000DD0294600F0D4FC032608E0294600F007
:106D1000CFFC032603E0294600F0CAFC03263046D8
:106D200003B0F0BD0326FAE738B50446812100F030
:106D300063FA002584F837500121204600F05CFA00
:106D400084F877518221204600F056FA84F84B509F
:106D50006564D4F8D43203F1B00254F822209AB119
:106D6000B03304EB83035B685B689847D4F8D43294
:106D7000B03354F8230000F021FAD4F8D432B03301
:106D800044F82350C4F8BC52002038BD70B5044606
:106D90004FF4077000F00EFA002849D005464FF472
:106DA0000772002101F02EF9D4F8D432B03344F840
:106DB0002350C4F8BC52237C002B41D14FF4007304
:106DC00002228121204600F00CFA012684F8376067
:106DD0004FF4007302223146204600F002FA84F894
:106DE000776110236364082303228221204600F088
:106DF000F8F9012384F84B300026C5F80462D4F872
:106E0000D432B03304EB83035B681B689847C5F842
:106E10001462C5F81862D5F8042262B3257C1DBB44
:106E20004FF400730121204600F00EFA284670BD91
:106E3000D4F8D432B033002244F823200225F5E7F9
:106E4000402302228121204600F0CBF9012684F85C
:106E50003760402302223146204600F0C2F984F810
:106E6000776110236364BEE740230121204600F0D0
:106E7000EBF90025DAE70225D8E739B1D0F8D432AA
:106E8000B03300EB8300416000207047032070475F
:106E9000D0F8D432B03350F823302BB1C3F80812F5
:106EA000C3F810220020704703207047D0F8D43276
:106EB000B03350F823301BB1C3F8041200207047E0
:106EC0000320704708B5D0F8D432B03350F82320EF
:106ED0008AB1D2F814320BB1012008BD0123C2F8E7
:106EE0001432D2F810328362D2F80822812100F0E5
:106EF000A3F90020F1E70320EFE710B5D0F8D43272
:106F0000B03350F8232092B1047C44B94FF400739D
:106F1000D2F80422012100F097F9204610BD402349
:106F2000D2F80422012100F08FF90024F5E70324B0
:106F3000F3E70020704700207047002070470000F2
:106F400010B50146044C2046FFF7B0FF2046FFF77E
:106F5000D4FF002010BD00BF4C4E002010B5064CE1
:106F6000002206492046FFF793FF05492046FFF718
:106F70009DFF002010BD00BF4C4E00202851002076
:106F800028590020094BD3F8BC32D3F814320BB186
:106F90000120704710B5054C0A4601462046FFF710
:106FA00077FF2046FFF78EFF10BD00BF4C4E00203C
:106FB00030B589B000230393049305930693079398
:106FC0000368B3F1A04F01D009B030BD03AA00257A
:106FD0000195174C236B43F001032363236B03F0EC
:106FE00001030193019B4FF4C053039302230493C5
:106FF000032306930A23079311460E48FBF7B6FABC
:10700000636B43F0800363630295636C43F48043D6
:107010006364636C03F480430293029B2A46052158
:107020004320FBF71BF84320FBF728F8CCE700BF11
:10703000003802400000024008B500F29C41D0F840
:10704000E00400F056F908BD08B501EBC10300EB00
:107050008303D3F86022D0F8E00400F018FA08BDEA
:1070600008B501EBC10300EB83031A6AD0F8E00412
:1070700000F070FA08BD08B5D0F8E00400F0B5F9EA
:1070800008BD10B50446C379022B09D10121D4F8FB
:10709000E00400F08DF9D4F8E00400F056F910BDDA
:1070A000F9F7B1FFF2E7000010B50446D0F8E004AC
:1070B00000F081F92268D2F8003E43F00103C2F8E3
:1070C000003EE37A23B1034A136943F006031361D8
:1070D00010BD00BF00ED00E008B5D0F8E00400F0FE
:1070E00078F908BD08B5D0F8E00400F0A4F908BDAF
:1070F00008B5D0F8E00400F088F908BD08B5D0F86C
:10710000E00400F0AEF908BD08B5D0F8E00400F0E6
:10711000AAF908BD02780AB10020704710B50346ED
:107120001548C0F8E034C3F8C8024FF0A04303602C
:10713000042303710222C27100238371427283729D
:10714000C37203738373C373FBF76CFC80B90A4C7F
:1071500080212046FCF734FA402200212046FCF72B
:1071600009FA802201212046FCF704FA002010BD14
:10717000F9F749FFEBE700BF48630020D0F8C832B9
:1071800011F0800F08D101F07F0101EBC10103EB89
:10719000810393F85602704701F07F0101EBC101B2
:1071A00003EB8103987D704708B5D0F8C802FBF760
:1071B0003DFE08BD00487047286100207047032845
:1071C00005D8DFE800F00504020501207047032020
:1071D000704708B5D0F8C802FBF7A5FCFFF7EFFF32
:1071E00008BD08B594461A466346D0F8C802FBF7B6
:1071F0007AFDFFF7E4FF08BD08B5D0F8C802FBF739
:10720000B8FDFFF7DCFF08BD08B5D0F8C802FBF7F2
:107210003BFEFFF7D4FF08BD08B5D0F8C802FBF766
:1072200076FEFFF7CCFF08BD08B5D0F8C802FBF723
:1072300047FDFFF7C4FF08BD08B5D0F8C802FBF74B
:10724000FEFDFFF7BCFF08BD08B5D0F8C802FBF78C
:10725000C8FDFFF7B4FF08BD98B108B5034600208C
:10726000C3F8B802C3F8C402C3F8D00209B1C3F826
:10727000B412012183F89C121A701846FFF74AFFD6
:1072800008BD0320704710B582B00023ADF806306A
:10729000B9B10446C0F8B812D0F8D422CB6A43B1D1
:1072A000AE3250F82230DB6A0DF106009847C4F880
:1072B000D002D4F8D8320133C4F8D832002002B05A
:1072C00010BD0320FBE708B5FFF783FF08BD08B535
:1072D000D0F8B83213B11B68984708BD0020FCE70E
:1072E00008B5D0F8B8325B68984700B908BD0320EC
:1072F000FCE738B5044600F2AA25284600F0C4F998
:107300000123C4F89432B4F8B032C4F8983294F837
:10731000AA1201F01F03012B07D0022B0AD073B968
:107320002946204600F084FB38BD2946204600F05F
:10733000BAFBF9E72946204600F0F7FBF4E701F035
:1073400080012046FFF760FFEEE7F8B50446012311
:1073500080F89C320023C0F894324360C0F8A43215
:1073600080F8A032D0F8B832E3B15B68E3B1002115
:1073700098470746D0B94023002211462046FFF720
:1073800030FF012684F863614025A4F860512B4644
:10739000002280212046FFF724FF84F82360258403
:1073A0003846F8BD0027E6E70027E4E70327E2E7D1
:1073B00001740020704790F89C32042B04D090F8A0
:1073C0009C32DBB280F89D32042380F89C3200208E
:1073D000704790F89C32042B01D00020704790F841
:1073E0009D32DBB280F89C32F7E708B590F89C320A
:1073F000032B01D0002008BDD0F8B832002BF9D003
:10740000DB69002BF6D09847F4E708B5D0F8D43202
:10741000AE3350F8233053B190F89C22032A01D0A8
:10742000002008BD1B6A23B198470020F9E703201C
:10743000F7E70020F5E708B5D0F8D432AE3350F8BE
:10744000233053B190F89C22032A01D0002008BDBC
:107450005B6A23B198470020F9E70320F7E7002093
:10746000F5E70020704708B5012380F89C32D0F87A
:10747000B83223B15B680179984710B908BD002084
:10748000FCE70320FAE7002070470020704738B57A
:1074900004460D46002944D1D0F89432032B01D084
:1074A000084638BDD0F85831B0F86021934209D869
:1074B00090F8AA3203F01F03012B12D0022B1ED02A
:1074C000084613E09B1AC0F85831D0F864111144F3
:1074D000C0F864119A4238BF1A4600F028FD2846C9
:1074E000DFE790F8AE12FFF7CEFF18B994F89C32A0
:1074F000032B09D0204600F022FD2846D1E790F862
:10750000AE12FFF7C2FFF0E700F1AE0354F82330EC
:107510001A69002AEED0C4F8D4021B6920469847A5
:10752000E8E701F07F01FFF7B0FF88B994F89C32DB
:10753000032BB6D100F1AE0354F823309A69002A28
:10754000AFD0C4F8D4029B69294620469847A8E7E3
:107550000020A6E738B504460D4600294BD1D0F8E7
:107560009432022B07D094F8A00218B1002384F8BB
:10757000A032284638BD8269038C9A420DD89A42BF
:1075800019D094F89C32032B29D080212046FFF794
:107590003BFE204600F0DEFCE5E7D21A8261416A3C
:1075A0001944416200F0AAFC00231A4619462046FD
:1075B000FFF74AFED7E742699342E2D8D0F8983203
:1075C0009A42DED20022114600F098FC0021C4F855
:1075D00098120B460A462046FFF736FEC3E7D4F85A
:1075E000B832DA68002AD0D00022C4F8D422DB688E
:1075F00020469847C9E741F08001FFF746FF88B968
:1076000094F89C32032BB5D100F1AE0354F823302B
:107610005A69002AAED0C4F8D4025B6929462046D4
:107620009847A7E70020A5E70B88027813440B8052
:10763000037818447047428803789A4218D930B5C5
:1076400083B004460D46ADF806306388BDF80620C9
:107650009A420AD20DF10601FFF7E6FF4378052BA7
:10766000F3D18378AB42F0D100E0002003B030BD0D
:10767000002070470346002002E00130C0B2013311
:107680001A78002AF9D170470B7803704B78437051
:107690008B78CA7843EA022343800B794A7943EA1C
:1076A000022383808B79CA7943EA0223C38070471F
:1076B00010B504468021FFF7A7FD00212046FFF703
:1076C000A3FD10BD30B583B004460D460023ADF8D0
:1076D00006304A88130A013B062B00F2AA80DFE835
:1076E00003F0041E32A8A88C9900D0F8B4321B68AD
:1076F0000DF10601007C9847EA88002A00F0A3807B
:10770000BDF80630002B00F099809A4228BF1A4637
:10771000ADF806200146204600F0E2FB8CE0037C39
:1077200043B9D0F8B8329B6A0DF10600984702239E
:107730004370E1E7D0F8B832DB6A0DF106009847F4
:1077400002234370D8E7D2B2052A52D8DFE802F00C
:1077500003101D2A3744D0F8B4325B6823B10DF111
:107760000601007C9847C7E72946FFF7A1FF63E0C1
:10777000D0F8B4329B6823B10DF10601007C984724
:10778000BAE72946FFF794FF56E0D0F8B432DB6839
:1077900023B10DF10601007C9847ADE72946FFF7BC
:1077A00087FF49E0D0F8B4321B6923B10DF106011F
:1077B000007C9847A0E72946FFF77AFF3CE0D0F825
:1077C000B4325B6923B10DF10601007C984793E761
:1077D0002946FFF76DFF2FE0D0F8B4329B6923B143
:1077E0000DF10601007C984786E72946FFF760FF08
:1077F00022E02946FFF75CFF1EE0037C33B9D0F896
:10780000B8325B6B0DF10600984775E72946FFF724
:107810004FFF11E0037C43B9D0F8B8321B6B0DF178
:10782000060098470723437066E72946FFF740FFA5
:1078300002E02946FFF73CFF03B030BD2946204651
:10784000FFF736FFF8E7204600F079FBF4E738B59C
:1078500004468B88F3B9CB88E3B94B887F2B19D8C2
:1078600003F07F0590F89C32032B0CD080F89E52D9
:107870002946FFF7D9FC204600F061FB35B1022311
:1078800084F89C3209E0FFF713FF06E0012384F837
:107890009C3202E02046FFF70BFF38BD70B504466E
:1078A0000E468D782F4B1D70012D10D890F89C320C
:1078B000DAB2022B0FD0032A26D0FFF7F9FE294BAC
:1078C00019782046FFF70CFD0325284670BDFFF709
:1078D000EFFE0325F9E7A5B145602946FFF7F7FC60
:1078E000054638B131462046FFF7E2FE022384F810
:1078F0009C32EAE7204600F022FB032384F89C3206
:10790000E3E700F01CFBE0E7CDB141688D4225D0F4
:10791000C9B2FFF7E5FC134B197861602046FFF709
:10792000D6FC0546B0B131462046FFF7C1FE2179AD
:107930002046FFF7D5FC022384F89C32C5E70223DA
:1079400080F89C3245602946FFF7CAFC204600F0CB
:10795000F6FABAE7204600F0F2FAB6E700F0EFFADE
:107960000025B2E72C68002008B5CB88012B0BD18D
:1079700090F89C32DAB2022B09D9032A11D10122E4
:10798000011D00F0ADFA01E0FFF792FE08BD52B212
:107990003AB10146002341F8083F012200F0A0FA65
:1079A000F4E7FFF785FEF1E708B590F89C32013B5C
:1079B000022B12D8CB88022B0CD10123C360D0F844
:1079C000A4320BB10323C360022200F10C0100F0CA
:1079D00087FA08BDFFF76CFEFBE7FFF769FEF8E7E3
:1079E00008B54B88012B04D0022B07D0FFF760FEAF
:1079F00008BDC0F8A43200F0A2FAF9E78B881B0A90
:107A000080F8A03200F09BFAF2E708B590F89C32BB
:107A1000013B022B09D84B88012B00D008BD002365
:107A2000C0F8A43200F08BFAF8E7FFF741FEF5E763
:107A300038B50C7804F06004202C06D0402C04D01B
:107A40006CB1FFF735FE002407E0D0F8D432AE3336
:107A500050F823309B6898470446204638BD4D783F
:107A6000092D1DD8DFE805F012191C161C08051C8D
:107A70000F0BFFF727FEF0E7FFF7E9FEEDE7FFF753
:107A80000DFF0446E9E7FFF76FFFE6E7FFF78CFF1E
:107A90002C46E2E7FFF7A4FFDFE7FFF7B6FFDCE7DE
:107AA000FFF706FED9E770B505460C460B7803F0E4
:107AB0006003202B07D0402B05D023B1FFF7F8FD42
:107AC0000026304670BD95F89C32013B022B26D82B
:107AD0002179012905D921462846FFF7E9FD00262D
:107AE000EFE72846FFF7CFFC68B900F1AE0255F882
:107AF0002220916889B1C5F8D402936821462846AE
:107B00009847064600E00326E388002BD9D1002ED3
:107B1000D7D1284600F013FAD3E70326F4E721462D
:107B20002846FFF7C5FD0026CBE72DE9F0410646C4
:107B30000D468B88DFB20C7804F06004202C08D04E
:107B4000402C06D0DCB1FFF7B3FD00242046BDE891
:107B5000F08139463046FFF798FC0446002840F093
:107B6000FD80C6F8D40200F1AE0356F823309B68BE
:107B7000002BEBD02946304698470446E6E791F8BB
:107B80000180B8F1010F31D0B8F1030F05D0B8F181
:107B9000000F67D0FFF78CFDD8E790F89C32DAB27F
:107BA000022B04D0032A12D0FFF782FDCEE70FB1DB
:107BB000802F04D129463046FFF77AFDC6E73946C3
:107BC000FFF722FB80213046FFF71EFBBEE74B8804
:107BD00023B91FB1802F01D0CB881BB1304600F0F4
:107BE000AEF9B3E73946FFF70FFBF7E790F89C32A1
:107BF000DAB2022B04D0032A12D0FFF759FDA5E711
:107C00000FB1802F04D129463046FFF751FD9DE783
:107C10003946FFF7F9FA80213046FFF7F5FA95E784
:107C20004B88002B92D117F07F0F17D1304600F010
:107C300086F939463046FFF728FC002886D1C6F879
:107C4000D40200F1AE0256F822209268002A00F019
:107C50008780294630469047044677E73946FFF744
:107C6000DBFAE3E790F89C22D1B2022A06D003297E
:107C70002AD02946FFF71CFD444667E70FB1802F45
:107C800014D113F0800F16D107F07F0707EB870799
:107C9000B90001F5A87131440431002301F80E3F09
:107CA0000222304600F01CF944464FE72946FFF710
:107CB000FFFC44464AE707F07F0707EB8707B90058
:107CC000103131440431E8E75BB2002B20DB07F0D0
:107CD0000F0202EB820200EB820292F863412CB3A6
:107CE000002B27DB07F07F0303EB83039C0004F5E5
:107CF000A874344404340FB1802F24D10023A3731B
:107D0000022204F10E01304600F0EAF844461DE775
:107D100007F00F0202EB820200EB820292F823408E
:107D2000002CDDD12946FFF7C3FC0FE72946FFF7FA
:107D3000BFFC0BE707F07F0303EB83039C001034C9
:107D400034440434D7E739463046FFF717FA10B108
:107D50000123A373D4E70023A373D1E70024F5E63E
:107D60000446F3E600B370B50D4616460446FFF729
:107D700081FC01304300B3F5007F06D89BB233800D
:107D80002B7003236B7002230AE04FF40073F6E7B5
:107D9000EA5401345A1CD2B20021A9540233DBB296
:107DA0002278002AF4D170BD7047000012230B80A6
:107DB00000487047CC00002004230B800048704727
:107DC000C8000020002393421ED200B510E00CF141
:107DD000370C01F813C000014FEA430C0CF1010C01
:107DE0004FF0000E01F80CE00133DBB2934209D2F0
:107DF0004FEA107CB0F1204FE9D20CF1300C01F8C1
:107E000013C0E8E75DF804FB7047000038B50B4B82
:107E1000D3F8100AD3F8144AD3F8183AC01800D18E
:107E200038BD074D08222946FFF7CCFF042205F193
:107E300010012046FFF7C6FFF2E700BF0070FF1FEA
:107E4000AE00002008B51A230B80FFF7DFFF0148C2
:107E500008BD00BFAC00002008B50A4628B9054996
:107E60000548FFF77FFF034808BD02490248FFF7B6
:107E700079FFF8E730680020E48D000810B50A4665
:107E8000034C21460348FFF76DFF204610BD00BF9D
:107E900030680020FC8D000808B50A4628B905495D
:107EA0000548FFF75FFF034808BD02490248FFF796
:107EB00059FFF8E730680020108E000808B50A4620
:107EC00028B905490548FFF74DFF034808BD024999
:107ED0000248FFF747FFF8E7306800201C8E0008D3
:107EE00008B513460222C0F89422436141628361BF
:107EF0000A460021FFF7A0F9002008BD08B5134687
:107F00000A460021FFF798F9002008BD08B513467E
:107F10000322C0F89422C0F85431C0F86411C0F8AC
:107F200058310A460021FFF78FF9002008BD08B537
:107F300013460A460021FFF787F9002008BD08B55F
:107F40000422C0F8942200231A461946FFF774F958
:107F5000002008BD08B50522C0F8942200231A4667
:107F60001946FFF771F9002008BD0000DFF834D092
:107F7000FDF7DCFB0C480D490D4A002302E0D45804
:107F8000C4500433C4188C42F9D30A4A0A4C002363
:107F900001E013600432A242FBD300F041F8F9F78C
:107FA00087F8704700000220000000204C010020EC
:107FB000FC8E00084C010020786B0020FEE70000DA
:107FC0000EB410B59DB01FAB029006906FF000414B
:107FD0000A48079104910A4953F8042B059100249B
:107FE00002A9006801931B9400F0A6F9029B1C7083
:107FF0001DB0BDE8104003B0704700BFFC0000207A
:108000000802FFFF02440346934200D1704703F881
:10801000011BF9E7014B1868704700BFFC00002006
:1080200070B50D4B0D4D5B1B9C100026A64209D16F
:1080300000F0E8FD0A4D0B4B5B1B9C100026A6428E
:1080400005D170BD55F8043B98470136EEE755F869
:10805000043B98470136F2E7F48E0008F48E0008DE
:10806000F48E0008F88E0008704770470A44914269
:1080700000F1FF3300D1704710B511F8014B03F840
:10808000014F9142F9D110BD38B50546002941D0C4
:1080900051F8043C0C1F002BB8BFE41800F0E0F8C6
:1080A0001D4A136833B9636014602846BDE8384040
:1080B00000F0DCB8A34208D9206821188B4201BF28
:1080C00019685B6809182160EDE71A465B680BB117
:1080D000A342FAD911685018A0420BD1206801447C
:1080E000501883421160E0D118685B6853600844FF
:1080F0001060DAE702D90C232B60D6E7206821183C
:108100008B4204BF19685B68636004BF0918216073
:108110005460CAE738BD00BF746B002070B50F4EC5
:108120000C463168054611B900F0AAFB30602146C3
:10813000284600F0A5FB431C03D14FF0FF34204636
:1081400070BDC41C24F00304A042F8D0211A2846B4
:1081500000F096FB0130F2D1EFE700BF706B00201A
:108160002DE9F843CD1C25F0030508350C2D38BF4B
:108170000C25002D064601DBA94204D90C233360EF
:108180000020BDE8F883DFF8D48000F069F8D8F863
:1081900000301C4644BB29463046FFF7BFFF431C56
:1081A000044658D1D8F800402746002F43D1002C70
:1081B0004BD023683946304604EB030900F060FBDE
:1081C000814542D121686D1A29463046FFF7A6FF46
:1081D00001303AD023682B442360D8F800305A6825
:1081E00062BBC8F800700FE02268521B20D40B2A33
:1081F00017D96119A342256018BF5960636808BF89
:10820000C8F8001062514B60304600F02FF804F1BE
:108210000B00231D20F00700C21A1CBF1B1AA3501D
:10822000AFE76268A3420CBFC8F800205A60EBE7D2
:1082300023466468AEE73C467F68B6E71A465B684B
:10824000A342FBD100235360DEE70C2333603046AA
:1082500000F00CF894E70560D6E700BF746B0020CF
:108260000148FFF701BF00BF6C6B00200148FFF71A
:10827000FCBE00BF6C6B00202DE9F0478E681F46E6
:10828000BE4282460C469046334653D8B1F90C00A4
:1082900010F4906F2BD065692368096905EB4505DB
:1082A000A3EB010905EBD5757B1C6D104B44AB426C
:1082B0002A4684BF1D462A46430527D51146504607
:1082C000FFF74EFF064658B321694A46FFF7CEFE38
:1082D000A38923F4906343F08003A3812661656141
:1082E0004E44A5EB09052660A5603E463B461F4669
:1082F00020683A46414600F0A9FAA3689B1BA36098
:1083000023683B4423600020BDE8F087504600F01E
:10831000C7FA06460028E1D121695046FFF7B4FEAE
:108320000C23CAF80030A38943F04003A3814FF027
:10833000FF30E9E73E46DBE72DE9F04F98468B89B1
:108340001B069DB007460D46144610D50B6973B940
:108350004021FFF705FF2860286130B90C233B60FE
:108360004FF0FF301DB0BDE8F08F40236B6100235C
:10837000099320238DF82930CDF80C803023DFF8C5
:108380009C818DF82A304FF0010923469A4613F854
:10839000012B0AB1252AF9D1BAEB040B0BD05B46AD
:1083A000224629463846FFF767FF013000F0A780D4
:1083B000099A5A4409929AF80030002B00F09F80E5
:1083C00000234FF0FF32CDE905230AF1010A04939F
:1083D00007938DF853301A935446052214F8011B65
:1083E0004E48F7F7DDFE049AD8B9D00644BF2023E3
:1083F0008DF85330110744BF2B238DF853309AF872
:1084000000302A2B15D0079A544600204FF00A0C52
:10841000214611F8013B303B092B4BD9B0B10792F3
:1084200014E0A0EB080309FA03F313430493A246F4
:10843000D2E7039B191D1B680391002BBBBF5B4256
:1084400042F0020207930793B8BF049223782E2BC1
:108450000AD163782A2B32D1039B1A1D1B68039221
:1084600043EAE37302340593DFF8C0A021780322C6
:108470005046F7F795FE38B1049BA0EB0A00402266
:10848000824013430134049314F8011B24488DF8EF
:1084900028100622F7F784FE002836D0214B1BBB9C
:1084A000039B073323F0070308330393099B3344EB
:1084B00009936AE70CFB02320C460120A8E700236F
:1084C0000134059319464FF00A0C204610F8012B91
:1084D000303A092A03D9002BC6D00591C4E70CFB1A
:1084E000012104460123F0E703AB00932A460E4B1B
:1084F00004A93846AFF30080421C0646D6D1AB89AA
:108500005B063FF52DAF09982CE703AB00932A4695
:10851000054B04A9384600F079F8EDE7B88E00085D
:10852000C28E00080000000079820008BE8E00089C
:108530002DE9F047164698468A680B69DDF82090C9
:108540009342B8BF1346336091F8432007460C4668
:108550000AB1013333602368990642BF336802339E
:108560003360256815F0060506D104F1190AE368A1
:1085700032689B1AAB4226DC94F843302268003BF9
:1085800018BF012392062BD404F14302414638461A
:10859000C84701301ED02368226903F00603042B6C
:1085A00002BFE5683368ED1AA3680CBF25EAE575DC
:1085B00000259342C4BF9B1AED1800261A34B54219
:1085C0001AD1002008E00123524641463846C847E8
:1085D000013003D14FF0FF30BDE8F0870135C6E729
:1085E000E1185A1C302081F84300224494F84510C9
:1085F00082F843100233C7E701232246414638463A
:10860000C8470130E6D00136D9E700002DE9FF4721
:108610000F7E0C9E782F914680460C469A4601F1BB
:10862000430207D8622F0AD8002F00F0D280582FBB
:1086300000F0B78004F1420684F842703AE0A7F1F6
:108640006303152BF6D801A151F823F0A586000885
:10865000B98600083586000835860008358600088A
:1086600035860008B986000835860008358600087A
:108670003586000835860008B9870008E3860008BB
:108680006F8700083586000835860008DB870008FC
:1086900035860008E3860008358600083586000820
:1086A0007787000833681A1D1B68326004F14206A0
:1086B00084F8423001239DE033682068191D316041
:1086C000060601D51D6803E04506FBD5B3F9005049
:1086D000002D03DA2D236D4284F8433059480A23D4
:1086E00010E021683368080653F8045B02D4490699
:1086F00048BFADB26F2F5348336059D108230021D2
:1087000084F843106668A660002E05DB21682E43BE
:1087100021F0040121604DD01646B5FBF3F103FBB7
:108720001157C75D06F8017D2F46BB420D46F4D9AF
:10873000082B0BD12368DF0708D5236961689942AC
:10874000DEBF302306F8013C06F1FF36921B2261A2
:10875000CDF800A04B4603AA21464046FFF7E8FEAD
:1087600001304CD14FF0FF3004B0BDE8F0872368F2
:1087700043F0200323603448782784F84570236849
:1087800031681F0651F8045B02D45F0648BFADB2E2
:108790003160D90744BF43F0200323601DB110238B
:1087A000ADE72848E9E7236823F020032360F6E7D4
:1087B0000A23A4E71646BBE7336825686169181DDC
:1087C00030602E061B6801D5196002E06806FBD5F3
:1087D0001980002323611646BAE733681A1D3260F8
:1087E0001E68626800213046F7F7DAFC08B1801B8A
:1087F000606063682361002384F84330A8E723693D
:10880000324649464046D0470130ABD023689B07EB
:1088100013D4E068039B9842B8BF1846A4E701232D
:10882000324649464046D04701309BD00135E36887
:1088300003995B1AAB42F2DCEBE7002504F1190661
:10884000F5E700BFC98E0008DA8E0008884210B52F
:1088500001EB020402D98442234607D8431EA142F9
:1088600007D011F8012B03F8012FF8E702448242E8
:1088700000D110BD13F8011D02F8011DF7E700003B
:1088800038B5064D0023044608462B60FCF72AFF46
:10889000431C02D12B6803B1236038BD686B0020F4
:1088A0002DE9F041074614460D4621B9BDE8F041D7
:1088B0001146FFF755BC2AB9FFF7E6FB25462846C7
:1088C000BDE8F08100F01AF88442064602D8B4EB05
:1088D000500FF4D821463846FFF742FC804608B9CD
:1088E0004546ECE7B4422246294628BF3246FFF708
:1088F000BDFB29463846FFF7C7FBF1E751F8043CBA
:10890000181F002BBCBF0B58C01870472DE9F0474B
:10891000089D0F4604468C46002B48D18A421646D5
:1089200061D9B2FA82F34BB1C3F1200201FA03FC20
:1089300020FA02F29E4042EA0C0C9C404FEA164E8E
:10894000B7B2BCFBFEF1220C0EFB11CC42EA0C428A
:1089500001FB07F0904209D9B21801F1FF3C80F009
:10896000EE80904240F2EB8002393244121AA4B2F7
:10897000B2FBFEF00EFB102244EA024400FB07F7B4
:10898000A74209D9341900F1FF3280F0DA80A742FA
:1089900040F2D7803444023840EA0140E41B002111
:1089A0001DB1DC400023C5E90043BDE8F0878B42E0
:1089B00006D90DB1C5E9000100210846BDE8F087E0
:1089C000B3FA83F1002948D1BB4202D3824200F2BC
:1089D0000781841A67EB030201209446002DE4D03E
:1089E000C5E9004CE1E7002A00F09280B2FA82F378
:1089F000002B40F0A8808A1A4FEA164E1FFA86FC18
:108A00000121200CB2FBFEF70EFB172240EA0242C6
:108A10000CFB07F0904207D9B21807F1FF3802D2D9
:108A2000904200F2E2804746121AA4B2B2FBFEF076
:108A30000EFB102244EA02440CFB00FCA44507D9BB
:108A4000341900F1FF3202D2A44500F2CB80104667
:108A5000A4EB0C0440EA0740A2E7C1F120068B40DA
:108A600022FA06FC4CEA030C07FA01F420FA06F39A
:108A7000F7404FEA1C49234300FA01F81FFA8CFE25
:108A8000B7FBF9F01C0C09FB107744EA074400FB24
:108A90000EF7A74202FA01F20AD91CEB040400F116
:108AA000FF3A80F09B80A74240F2988002386444ED
:108AB000E41B9FB2B4FBF9F309FB134447EA0444F7
:108AC00003FB0EFEA64509D91CEB040403F1FF3796
:108AD00080F08280A6457FD9023B644443EA00408F
:108AE000A4EB0E04A0FB02E7BC427346B94663D375
:108AF00060D05DB1B8EB030264EB090404FA06F63A
:108B000022FA01F31E43CC40C5E9006400214CE782
:108B10006208480842EAC1710B0C43EA00438AB27A
:108B200042EA0342B3FBF6F1E407B4463746B646E1
:108B30001F23B0FBF6F0D21B41EA004161E761461A
:108B400014E7104628E7C3F1200120FA01F29E4005
:108B500027FA01F19F403A434FEA164E1FFA86FC6E
:108B6000B1FBFEF70EFB1710110C41EA004107FBA9
:108B70000CF8884504FA03F43AD9711807F1FF306C
:108B800001D288451FD8A1EB0801B1FBFEF808FB14
:108B90000CF70EFB181192B242EA0142BA422FD2F0
:108BA000B21808F1FF31C6D2BA42C4D2A8F102010C
:108BB0003244C0E7F0459CD2BEEB020367EB0C07E2
:108BC0000138B94695E7A6EB08084144B81EB1FB49
:108BD000FEF808FB0CF7DCE73B467FE7504667E70B
:108BE0000846FBE63444023832E7023F32441BE7D2
:108BF000A1EB08013846B1FBFEF808FB0CF7C8E70B
:108C0000414698E7F8B500BFF8BC08BC9E467047DF
:0C8C1000F8B500BFF8BC08BC9E467047D9
:108C1C0000D57FAAFE2B815429FC5683D702A87D50
:108C2C0052872DF8AC79D3067BAE04D18550FA2F40
:108C3C00A471DB0E5A8F25F08D58F22773A60CD930
:108C4C00F623895C08DD77A2DF0AA07521F45E8B20
:108C5C009D48E23763B61CC9B461CB1E4A9F35E010
:108C6C00CF1AB06531E44E9BE633994C18CD67B200
:108C7C0039EC4693C712B86D10C56FBAEE3B9144F0
:108C8C006BBE14C19540EA3F42973DE8BC69C316E0
:108C9C00EF3A904511C46EBBC613B96C38ED4792D0
:108CAC00BD68C21743963CE99441EB3E6ABF15C0C0
:108CBC004B9E34E1B560CA1F62B71DC89C49E336B0
:108CCC0019CC66B3E732984D30E54F9ACE1BB164A0
:108CDC0072A70DD88C59F3265B8E24F1A570DA0F90
:108CEC0020F55F8ADE0BA17409DC76A3F722885D80
:108CFC00D603A97C28FD5782FF2A805501D47EAB70
:108D0C008451FB2E7AAF05D0AD78D20753862CF95F
:108D1C004348313A25642C204348323A25642C20B0
:108D2C004348333A25642C204348343A25642C209C
:108D3C004348353A25642C204348363A25642C2088
:108D4C004348373A25642C204348383A25642C2074
:108D5C004348393A25642C20434831303A25642C59
:108D6C0020434831313A25642C20434831323A258E
:108D7C00642C20434831333A25642C204348313449
:108D8C003A25642C20434831353A25642C2043483D
:108D9C0031363A25640D0A0064656661756C74544D
:108DAC0061736B00736572766F5461736B000000B6
:108DBC0072656365697665725461736B00000000BF
:108DCC0049444C4500000000546D725100000000F5
:108DDC00546D72205376630053544D3332205669D0
:108DEC00727475616C20436F6D506F72740000006B
:108DFC0053544D6963726F656C656374726F6E6901
:108E0C006373000043444320436F6E666967000040
:108E1C0043444320496E74657266616365000000CB
:108E2C00A48D0008000000000000000000000000FD
:108E3C00000000000002000018000000000000000C
:108E4C0000000000B08D00080000000000000000D1
:108E5C0000000000000000000002000018000000EC
:108E6C000000000000000000BC8D000800000000A5
:108E7C0000000000000000000000000000040000E2
:108E8C001800000000000000000000000006101692
:108E9C000006101600000000010203040000000090
:108EAC00000000000102030406070809232D302BE3
:108EBC002000686C4C0065666745464700303132CF
:108ECC003334353637383941424344454600303126
:108EDC003233343536373839616263646566000085
:088EEC00B472FF7F01000000D9
:048EF40099020008D7
:048EF80075020008F7
:108EFC00AAAAAAAA01000000100000000024F40095
:108F0C0009024300020100C0320904000001020200
:108F1C0001000524001001052401000104240202B3
:108F2C00052406000107058203080010090401004E
:108F3C00020A00000007050102400000070581023B
:108F4C00400000008D6D0008296D0008156C0008AC
:108F5C00000000003D6A0008996B0008616B000876
:108F6C00000000000000000000000000196B000869
:108F7C00D16A0008896A00087D6A00080A060002A6
:108F8C0000000040010000005D6F0008336F000816
:108F9C00376F0008416F00083B6F00081A03000090
:108FAC0000000000000000000000000000000000B5
:108FBC00000000000000000004030904120100027C
:108FCC00020200408304405700020102030100002A
:108FDC00AD7D0008B97D00087D7E0008597E000833
:108FEC00457E0008997E0008BD7E00080001002027
:108FFC0000000000306A0020986A0020006B0020FE
:10900C000000000000000000000000000000000054
:10901C000000000000000000000000000000000044
:10902C000000000000000000000000000000000034
:0C903C0000000000000000000000000028
:0400000508007F6D03
:00000001FF
